Candidate_ID,Age,Gender,Nationality,Education_Level,University_Ranking,Field_of_Study,Years_of_Experience,Technical_Skills_Score,Communication_Score,Interview_Score,Assessment_Test_Score,Internship_Experience,Previous_Company_Tier,Expected_Salary,Willing_to_Relocate,Visa_Status,English_Proficiency,Leadership_Experience,Certifications_Count,Application_Source,Referral_Status,HR_Rating,Manager_Rating,Final_Hiring_Decision
TLB0001,28,Female,British,Bachelor's,292,Logistics,4,65.7,66.0,71.4,64.2,Yes,Tier 1,19100,Yes,Work Visa,Fluent,No,2,Referral,Referred,2.6,2.8,Hired
TLB0002,31,Male,Filipino,Bachelor's,201,Business,0,53.1,60.8,74.9,60.1,Yes,Startup,8300,Yes,UAE Resident,Intermediate,No,3,LinkedIn,Not Referred,3.5,4.0,Hired
TLB0003,25,Female,Indian,Bachelor's,414,Engineering,0,81.0,63.1,66.9,49.9,Yes,None,12400,Yes,UAE Resident,Intermediate,No,2,Referral,Referred,3.3,2.7,Hired
TLB0004,32,Female,Egyptian,Bachelor's,215,Computer Science,2,52.2,74.6,64.2,72.0,Yes,Tier 2,14000,Yes,Citizen,Intermediate,Yes,0,Job Portal,Not Referred,3.0,3.1,Rejected
TLB0005,33,Male,Emirati,High School,234,Computer Science,0,38.5,51.0,40.2,61.4,Yes,None,15200,No,UAE Resident,Intermediate,No,0,Referral,Referred,3.6,4.1,Rejected
TLB0006,33,Female,British,Bachelor's,513,Finance,2,48.2,69.0,68.1,89.1,Yes,Startup,16700,Yes,UAE Resident,Fluent,No,4,LinkedIn,Not Referred,1.9,4.2,Rejected
TLB0007,29,Female,Filipino,Master's,494,Computer Science,11,86.7,79.5,74.7,66.2,Yes,None,10000,Yes,UAE Resident,Fluent,No,2,Referral,Referred,2.8,3.8,Hired
TLB0008,36,Female,Indian,Master's,240,Marketing,4,83.8,67.0,66.2,29.3,Yes,Tier 3,14900,Yes,Citizen,Basic,No,4,Walk-in,Not Referred,2.6,1.6,Hired
TLB0009,28,Male,Emirati,Master's,474,Finance,7,34.9,80.7,56.8,39.6,Yes,Tier 1,7800,No,Visit Visa,Intermediate,No,5,Referral,Referred,2.7,2.1,Rejected
TLB0010,27,Male,Egyptian,Master's,44,Computer Science,8,77.2,84.1,45.2,94.3,Yes,Tier 1,11700,Yes,UAE Resident,Intermediate,Yes,4,Referral,Referred,3.1,3.7,Rejected
TLB0011,38,Male,Indian,Master's,241,Engineering,1,35.3,78.8,72.9,60.0,Yes,Startup,14300,No,Citizen,Intermediate,No,4,LinkedIn,Not Referred,2.6,2.5,Rejected
TLB0012,23,Female,Other,Master's,149,Finance,2,64.6,61.6,67.4,68.4,Yes,None,16400,Yes,UAE Resident,Basic,No,5,Referral,Referred,4.4,3.2,Hired
TLB0013,20,Female,Egyptian,High School,299,Logistics,7,46.9,67.6,85.1,65.1,No,Tier 3,14600,Yes,Citizen,Intermediate,No,1,Job Portal,Not Referred,3.5,3.3,Rejected
TLB0014,24,Female,Egyptian,Bachelor's,446,Business,2,78.4,72.1,48.2,84.8,Yes,Tier 1,12400,No,UAE Resident,Fluent,No,1,Job Portal,Not Referred,2.6,3.3,Hired
TLB0015,32,Male,Indian,Bachelor's,411,Other,7,73.3,62.4,60.9,38.3,Yes,Tier 1,11600,Yes,UAE Resident,Intermediate,No,5,Referral,Referred,2.0,2.3,Hired
TLB0016,37,Male,Egyptian,High School,383,Logistics,10,79.7,62.0,49.8,83.6,No,Tier 3,14500,Yes,UAE Resident,Fluent,No,1,Job Portal,Not Referred,2.8,3.9,Rejected
TLB0017,26,Male,Other,Bachelor's,327,Finance,0,60.6,61.2,80.3,82.6,No,None,21900,Yes,Citizen,Fluent,No,6,Referral,Referred,3.0,2.7,Hired
TLB0018,40,Male,Emirati,Master's,268,Engineering,3,62.1,98.5,83.1,65.1,No,Tier 2,15800,No,Citizen,Intermediate,Yes,3,Job Portal,Not Referred,2.8,3.6,Hired
TLB0019,30,Female,Indian,Master's,540,Finance,4,42.5,64.7,92.0,70.8,Yes,Startup,13700,No,Work Visa,Fluent,No,0,LinkedIn,Not Referred,5.0,2.9,Hired
TLB0020,29,Female,Indian,PhD,1,Logistics,3,49.5,80.8,73.8,59.8,No,Tier 3,5800,No,UAE Resident,Fluent,Yes,5,Referral,Referred,2.0,4.6,Hired
TLB0021,24,Female,Indian,PhD,166,Business,2,79.2,57.6,77.3,41.4,Yes,None,8200,Yes,UAE Resident,Intermediate,No,3,Job Portal,Not Referred,3.2,4.3,Hired
TLB0022,41,Male,Egyptian,Master's,382,Other,3,70.5,88.4,72.7,73.1,No,None,10500,No,UAE Resident,Basic,No,0,Walk-in,Not Referred,3.1,4.8,Hired
TLB0023,29,Female,Pakistani,Bachelor's,605,Other,4,66.6,63.5,74.5,68.5,No,Tier 2,16100,Yes,UAE Resident,Native,No,1,Job Portal,Not Referred,3.0,4.4,Rejected
TLB0024,22,Female,Filipino,Master's,230,Engineering,5,83.9,68.6,67.6,68.7,Yes,Startup,7800,Yes,UAE Resident,Intermediate,No,7,Company Website,Not Referred,1.8,3.0,Rejected
TLB0025,44,Female,Indian,Master's,247,Finance,8,45.5,46.0,75.0,71.8,Yes,None,14900,Yes,Work Visa,Fluent,No,3,Job Portal,Not Referred,3.2,2.7,Rejected
TLB0026,32,Male,Indian,Master's,42,Marketing,4,75.8,81.4,94.8,56.5,Yes,None,12500,Yes,Work Visa,Fluent,No,2,Job Portal,Not Referred,3.3,2.2,Hired
TLB0027,34,Male,Indian,Bachelor's,191,Hospitality,8,47.3,84.0,69.8,85.9,No,Tier 3,13600,Yes,Citizen,Intermediate,Yes,4,LinkedIn,Not Referred,3.7,3.3,Hired
TLB0028,40,Male,American,Bachelor's,441,Logistics,2,87.2,53.8,67.3,65.1,No,Tier 2,11000,No,UAE Resident,Intermediate,Yes,1,Referral,Referred,3.5,3.1,Hired
TLB0029,33,Male,Filipino,Master's,615,Computer Science,0,73.2,82.1,69.6,72.6,No,Tier 3,9300,No,UAE Resident,Intermediate,No,3,Company Website,Not Referred,4.1,3.1,Hired
TLB0030,35,Female,Indian,Bachelor's,241,Computer Science,3,79.5,52.0,65.1,61.2,No,Startup,7600,No,Work Visa,Intermediate,Yes,4,Company Website,Not Referred,1.8,2.4,Hired
TLB0031,30,Female,British,Bachelor's,140,Business,6,54.5,75.6,70.2,79.7,Yes,Tier 2,14800,Yes,UAE Resident,Basic,Yes,7,Job Portal,Not Referred,3.0,3.4,Hired
TLB0032,34,Female,Emirati,Bachelor's,313,Other,8,97.7,64.5,64.6,66.5,Yes,None,11700,Yes,Work Visa,Intermediate,Yes,2,Referral,Referred,5.0,2.8,Hired
TLB0033,29,Male,Indian,Bachelor's,1,Engineering,10,95.0,84.0,81.9,63.8,No,Tier 2,7200,Yes,Visit Visa,Native,Yes,6,LinkedIn,Not Referred,3.9,2.7,Hired
TLB0034,29,Male,Indian,High School,547,Logistics,6,71.5,71.0,80.6,81.9,Yes,None,13000,No,UAE Resident,Intermediate,No,3,LinkedIn,Not Referred,2.2,3.2,Hired
TLB0035,30,Male,Other,PhD,53,Engineering,7,82.6,79.2,95.2,40.9,Yes,Tier 3,27400,Yes,UAE Resident,Intermediate,No,7,Job Portal,Not Referred,3.3,3.0,Hired
TLB0036,27,Male,Egyptian,Master's,362,Business,9,60.5,82.9,66.7,61.1,Yes,Tier 1,11100,Yes,Citizen,Native,Yes,0,LinkedIn,Not Referred,2.5,2.0,Rejected
TLB0037,33,Male,Filipino,Master's,359,Other,2,46.0,64.5,70.8,56.4,Yes,Tier 3,19400,No,Work Visa,Intermediate,No,1,Job Portal,Not Referred,2.9,2.5,Hired
TLB0038,33,Male,Emirati,Bachelor's,425,Marketing,4,76.9,67.7,70.2,70.2,No,Tier 3,3000,Yes,Work Visa,Intermediate,No,3,LinkedIn,Not Referred,4.6,3.5,Hired
TLB0039,34,Male,Indian,Bachelor's,351,Engineering,14,51.2,54.7,69.6,69.4,Yes,None,10800,No,Work Visa,Fluent,No,6,Referral,Referred,3.9,3.1,Hired
TLB0040,33,Female,Filipino,Bachelor's,300,Computer Science,7,84.7,64.4,81.7,64.8,Yes,Tier 3,16300,No,Work Visa,Fluent,No,2,Job Portal,Not Referred,2.1,1.5,Hired
TLB0041,42,Male,Indian,Bachelor's,385,Computer Science,6,80.7,91.1,45.9,55.0,Yes,Tier 1,12100,No,UAE Resident,Fluent,Yes,0,Referral,Referred,2.7,3.7,Hired
TLB0042,36,Female,Other,High School,466,Computer Science,8,68.5,77.1,73.0,64.7,No,None,9100,No,Visit Visa,Fluent,No,1,Job Portal,Not Referred,3.2,3.1,Rejected
TLB0043,28,Female,Egyptian,Master's,659,Engineering,0,67.7,55.5,92.9,69.5,Yes,Tier 3,11900,Yes,Citizen,Intermediate,Yes,2,LinkedIn,Not Referred,3.0,2.3,Rejected
TLB0044,32,Male,Pakistani,PhD,79,Marketing,2,79.8,87.6,84.7,62.5,Yes,Tier 2,16400,Yes,UAE Resident,Fluent,No,3,Company Website,Not Referred,3.4,2.6,Rejected
TLB0045,38,Female,Egyptian,Bachelor's,1,Business,1,69.1,72.7,83.2,80.5,Yes,None,21600,Yes,UAE Resident,Intermediate,Yes,4,Company Website,Not Referred,2.7,3.2,Hired
TLB0046,24,Female,Other,Bachelor's,1,Computer Science,6,58.9,78.0,77.9,73.6,Yes,Tier 1,16800,Yes,Work Visa,Intermediate,No,6,Job Portal,Not Referred,2.9,1.3,Hired
TLB0047,42,Male,Pakistani,Bachelor's,1,Business,3,42.3,73.9,59.3,65.3,No,Tier 1,9700,Yes,Work Visa,Fluent,Yes,1,LinkedIn,Not Referred,2.6,3.4,Rejected
TLB0048,25,Male,Filipino,Bachelor's,60,Engineering,5,79.4,73.0,57.3,32.2,Yes,Tier 3,11000,Yes,UAE Resident,Fluent,No,6,Referral,Referred,2.9,3.9,Hired
TLB0049,35,Female,Other,Bachelor's,34,Other,3,70.5,44.0,57.4,61.9,No,Tier 3,11000,Yes,Work Visa,Fluent,No,7,Company Website,Not Referred,3.7,3.8,Hired
TLB0050,30,Male,Indian,Bachelor's,216,Engineering,0,100.0,81.3,52.2,73.8,No,Tier 3,8100,Yes,Work Visa,Fluent,No,2,Walk-in,Not Referred,3.4,4.0,Hired
TLB0051,29,Male,Other,Bachelor's,471,Computer Science,8,63.6,40.9,79.3,61.1,Yes,None,11300,No,Work Visa,Fluent,No,1,Job Portal,Not Referred,2.7,2.5,Rejected
TLB0052,22,Male,Emirati,Bachelor's,425,Marketing,0,69.5,80.2,86.1,69.2,No,Tier 2,10800,Yes,UAE Resident,Fluent,Yes,7,Job Portal,Not Referred,4.0,3.9,Hired
TLB0053,35,Female,Filipino,Master's,175,Other,2,69.9,69.2,72.6,61.9,Yes,None,6600,No,UAE Resident,Intermediate,Yes,7,Company Website,Not Referred,3.9,3.3,Hired
TLB0054,22,Female,British,Bachelor's,192,Hospitality,0,74.8,78.0,77.5,68.3,Yes,Tier 1,15800,No,UAE Resident,Intermediate,No,1,Company Website,Not Referred,3.2,2.4,Hired
TLB0055,21,Female,Filipino,High School,702,Logistics,1,50.5,69.9,70.8,84.6,No,Tier 1,13900,Yes,Citizen,Native,No,6,Job Portal,Not Referred,3.0,3.5,Hired
TLB0056,36,Female,Pakistani,High School,418,Other,5,63.8,80.5,74.4,76.0,Yes,Tier 2,9100,Yes,Work Visa,Fluent,No,6,Job Portal,Not Referred,4.4,3.4,Hired
TLB0057,40,Male,Filipino,Bachelor's,334,Finance,9,77.4,68.2,39.5,46.9,No,Tier 1,12700,No,UAE Resident,Intermediate,No,2,Job Portal,Not Referred,4.3,4.3,Hired
TLB0058,25,Male,Indian,Bachelor's,324,Other,0,60.0,71.4,71.1,41.8,Yes,Tier 3,7700,No,Citizen,Fluent,No,7,Job Portal,Not Referred,2.1,4.1,Rejected
TLB0059,36,Male,Indian,Master's,242,Computer Science,3,76.9,72.9,61.5,71.2,Yes,None,9500,Yes,UAE Resident,Intermediate,No,1,Job Portal,Not Referred,4.0,2.5,Hired
TLB0060,34,Male,Indian,Master's,700,Logistics,0,66.5,90.5,66.5,81.3,Yes,None,15100,Yes,Work Visa,Native,No,4,LinkedIn,Not Referred,4.4,3.4,Rejected
TLB0061,29,Female,Filipino,Master's,262,Logistics,2,71.0,75.2,69.9,41.8,Yes,Startup,14100,Yes,UAE Resident,Basic,No,5,LinkedIn,Not Referred,3.7,3.4,Hired
TLB0062,38,Male,Pakistani,Bachelor's,329,Other,5,82.3,52.2,57.7,62.1,Yes,Tier 1,9700,No,Work Visa,Fluent,No,0,Walk-in,Not Referred,2.9,3.3,Hired
TLB0063,29,Male,Indian,Bachelor's,1,Engineering,7,61.6,61.2,53.0,98.2,Yes,None,13400,No,Work Visa,Fluent,No,7,Company Website,Not Referred,3.0,2.9,Rejected
TLB0064,33,Female,Other,Bachelor's,172,Hospitality,0,43.2,75.2,57.3,61.2,No,Tier 2,11700,Yes,Visit Visa,Intermediate,Yes,7,LinkedIn,Not Referred,4.4,4.5,Rejected
TLB0065,22,Female,Indian,Bachelor's,189,Business,6,61.0,83.1,48.2,100.0,No,Startup,7500,No,UAE Resident,Fluent,No,3,Company Website,Not Referred,3.8,2.6,Rejected
TLB0066,22,Male,Pakistani,Master's,397,Marketing,1,52.6,59.3,52.0,53.5,No,Startup,11200,Yes,UAE Resident,Intermediate,No,3,Company Website,Not Referred,3.6,4.4,Hired
TLB0067,37,Male,Pakistani,Bachelor's,144,Business,0,33.1,94.9,53.8,55.9,No,Tier 2,13900,Yes,UAE Resident,Native,Yes,2,Job Portal,Not Referred,4.8,2.0,Rejected
TLB0068,33,Male,Indian,Bachelor's,309,Marketing,5,63.4,70.1,48.3,55.2,No,Tier 3,13400,No,Citizen,Fluent,No,1,Job Portal,Not Referred,2.5,2.8,Rejected
TLB0069,29,Male,Egyptian,Bachelor's,178,Finance,7,68.0,73.0,73.9,47.1,No,None,4400,No,UAE Resident,Fluent,No,7,LinkedIn,Not Referred,3.1,3.7,Hired
TLB0070,41,Male,Pakistani,Bachelor's,79,Business,4,80.3,53.0,55.3,41.3,Yes,Tier 2,12700,Yes,Work Visa,Intermediate,No,7,Referral,Referred,3.3,2.3,Hired
TLB0071,41,Male,Emirati,Master's,71,Business,1,47.9,81.4,42.8,61.9,No,Startup,12100,No,Work Visa,Intermediate,No,4,LinkedIn,Not Referred,3.1,2.5,Hired
TLB0072,32,Male,Other,High School,265,Business,4,66.3,62.7,61.8,67.0,Yes,None,3500,Yes,UAE Resident,Native,Yes,3,Job Portal,Not Referred,1.9,3.5,Rejected
TLB0073,21,Female,British,High School,320,Finance,2,81.9,59.0,52.5,55.0,No,Tier 2,8400,Yes,UAE Resident,Intermediate,No,5,LinkedIn,Not Referred,3.9,1.7,Hired
TLB0074,29,Male,Egyptian,Bachelor's,261,Finance,7,56.4,64.2,86.0,58.3,No,Tier 2,14200,No,UAE Resident,Intermediate,Yes,3,Company Website,Not Referred,2.7,4.0,Hired
TLB0075,25,Male,American,Master's,133,Hospitality,8,73.0,84.6,68.7,85.2,No,Tier 3,18200,No,Work Visa,Native,No,6,Company Website,Not Referred,2.7,4.3,Rejected
TLB0076,30,Male,Other,Bachelor's,272,Computer Science,8,89.0,73.6,47.9,78.6,Yes,None,4600,Yes,Citizen,Native,No,4,Company Website,Not Referred,2.9,4.3,Hired
TLB0077,24,Male,Indian,Bachelor's,235,Logistics,4,37.1,57.3,74.4,61.4,Yes,Tier 3,16400,No,UAE Resident,Fluent,Yes,1,Company Website,Not Referred,3.0,3.4,Hired
TLB0078,22,Female,Filipino,Bachelor's,91,Finance,8,69.1,61.6,68.1,71.0,Yes,Tier 3,3500,No,Citizen,Native,No,7,Job Portal,Not Referred,3.1,2.8,Rejected
TLB0079,20,Male,Filipino,High School,316,Computer Science,1,82.4,84.9,63.9,42.1,No,Tier 2,18300,Yes,UAE Resident,Intermediate,No,3,Company Website,Not Referred,3.9,2.8,Hired
TLB0080,31,Female,Indian,Master's,662,Business,11,59.7,65.2,87.5,68.8,No,None,10900,Yes,UAE Resident,Fluent,No,4,LinkedIn,Not Referred,4.0,3.3,Hired
TLB0081,20,Female,Indian,Bachelor's,270,Engineering,1,85.8,74.7,54.3,64.1,Yes,None,8800,Yes,Citizen,Fluent,No,5,Referral,Referred,3.0,3.2,Hired
TLB0082,28,Male,Indian,High School,7,Engineering,0,74.5,77.7,80.5,59.8,No,Tier 3,13600,No,Citizen,Intermediate,No,7,Company Website,Not Referred,2.8,2.8,Hired
TLB0083,34,Female,Egyptian,Bachelor's,593,Computer Science,9,91.5,27.0,61.7,65.5,Yes,None,7700,Yes,UAE Resident,Fluent,Yes,3,Referral,Referred,3.1,4.4,Hired
TLB0084,25,Male,British,Bachelor's,551,Business,2,73.7,83.2,66.8,63.2,No,Startup,14300,Yes,Work Visa,Intermediate,Yes,1,Job Portal,Not Referred,2.6,2.9,Hired
TLB0085,23,Male,Egyptian,Bachelor's,586,Computer Science,5,92.8,57.8,57.3,46.6,No,None,11400,No,Citizen,Intermediate,Yes,0,Referral,Referred,3.2,4.2,Rejected
TLB0086,29,Male,Indian,Master's,291,Computer Science,1,69.5,63.7,58.1,88.5,No,Tier 2,3000,Yes,Visit Visa,Fluent,No,4,Job Portal,Not Referred,2.5,3.2,Hired
TLB0087,25,Female,Indian,Bachelor's,143,Business,13,44.5,86.5,61.3,78.3,No,Tier 2,8400,No,Work Visa,Fluent,Yes,3,LinkedIn,Not Referred,4.7,3.1,Hired
TLB0088,31,Male,Pakistani,Bachelor's,121,Logistics,11,55.5,85.4,42.3,59.6,No,None,12900,No,UAE Resident,Fluent,No,4,Job Portal,Not Referred,3.3,3.5,Rejected
TLB0089,23,Male,Pakistani,Bachelor's,528,Marketing,10,80.3,73.9,71.5,40.4,Yes,Tier 3,16800,Yes,UAE Resident,Basic,No,6,LinkedIn,Not Referred,2.8,3.5,Rejected
TLB0090,29,Male,Other,Master's,621,Engineering,5,80.0,76.7,68.5,30.6,No,Tier 2,13500,No,Work Visa,Fluent,No,2,Company Website,Not Referred,3.7,3.0,Hired
TLB0091,27,Male,American,High School,115,Finance,8,60.3,79.7,47.5,93.1,Yes,Startup,16700,No,Work Visa,Intermediate,Yes,5,Referral,Referred,2.3,3.6,Hired
TLB0092,29,Female,Other,Bachelor's,1,Marketing,4,92.1,85.2,75.6,62.6,Yes,Tier 3,8000,No,UAE Resident,Basic,Yes,1,Company Website,Not Referred,2.7,3.7,Rejected
TLB0093,39,Male,American,Bachelor's,296,Computer Science,8,59.7,86.7,85.9,75.7,Yes,Tier 2,15300,No,UAE Resident,Fluent,No,5,LinkedIn,Not Referred,3.5,4.4,Rejected
TLB0094,31,Male,Other,Bachelor's,119,Business,3,71.9,69.3,58.4,51.7,Yes,Tier 2,15300,Yes,UAE Resident,Intermediate,Yes,0,Job Portal,Not Referred,3.3,3.2,Rejected
TLB0095,33,Male,Pakistani,PhD,158,Business,10,71.5,59.2,56.8,60.7,Yes,Tier 3,4700,No,UAE Resident,Intermediate,No,1,Company Website,Not Referred,3.9,2.5,Hired
TLB0096,26,Female,Emirati,Bachelor's,252,Marketing,3,45.0,64.9,81.5,61.4,No,Tier 1,16900,No,UAE Resident,Native,Yes,2,Walk-in,Not Referred,1.3,2.6,Rejected
TLB0097,31,Male,Emirati,High School,381,Engineering,3,63.3,69.5,72.2,68.4,Yes,Tier 2,13500,No,UAE Resident,Basic,No,1,Job Portal,Not Referred,3.8,5.0,Hired
TLB0098,28,Male,Indian,Bachelor's,143,Engineering,3,100.0,67.4,65.2,66.3,Yes,Tier 3,10700,No,UAE Resident,Fluent,No,5,Company Website,Not Referred,2.8,1.6,Hired
TLB0099,30,Male,Indian,Master's,327,Marketing,5,51.2,55.9,77.6,52.1,No,Startup,10700,No,Citizen,Intermediate,No,3,Job Portal,Not Referred,2.4,2.1,Rejected
TLB0100,33,Female,Indian,Bachelor's,274,Other,3,74.4,73.2,70.6,51.9,No,Tier 3,7300,Yes,Work Visa,Intermediate,No,2,LinkedIn,Not Referred,2.0,3.1,Hired
TLB0101,26,Female,Other,Bachelor's,1,Business,6,47.7,49.2,85.6,63.9,Yes,Tier 2,14800,Yes,UAE Resident,Native,Yes,2,Company Website,Not Referred,2.8,2.6,Hired
TLB0102,27,Female,Indian,Bachelor's,408,Marketing,3,51.0,69.0,66.8,40.4,No,Startup,13400,Yes,UAE Resident,Fluent,Yes,5,Referral,Referred,4.3,3.8,Rejected
TLB0103,27,Male,Other,Master's,209,Engineering,7,43.8,69.8,72.5,53.5,Yes,Tier 2,14600,Yes,UAE Resident,Fluent,No,4,Job Portal,Not Referred,3.9,3.7,Rejected
TLB0104,26,Female,Egyptian,Master's,47,Finance,10,79.1,69.4,81.3,62.8,No,Tier 2,12400,No,Work Visa,Fluent,No,7,LinkedIn,Not Referred,4.3,2.7,Rejected
TLB0105,31,Female,Filipino,Bachelor's,154,Hospitality,5,51.9,78.2,35.2,70.6,No,Tier 2,12900,Yes,Work Visa,Intermediate,Yes,4,Referral,Referred,3.1,4.3,Hired
TLB0106,27,Female,Egyptian,PhD,340,Finance,12,84.0,76.6,81.7,86.0,Yes,Startup,10700,Yes,Work Visa,Native,No,5,Company Website,Not Referred,3.3,2.2,Hired
TLB0107,38,Male,Indian,PhD,309,Business,8,57.0,94.7,60.4,58.3,No,Tier 1,16800,Yes,Work Visa,Basic,No,7,Referral,Referred,2.1,2.5,Rejected
TLB0108,46,Male,Filipino,Bachelor's,428,Engineering,12,66.9,61.8,73.5,65.5,No,Tier 3,14700,No,UAE Resident,Fluent,Yes,6,LinkedIn,Not Referred,2.1,4.4,Rejected
TLB0109,26,Male,Indian,Bachelor's,387,Logistics,4,71.2,71.4,88.6,38.9,No,Tier 3,12800,Yes,UAE Resident,Fluent,No,6,Referral,Referred,3.1,2.1,Rejected
TLB0110,31,Female,Other,Bachelor's,65,Engineering,0,40.7,70.6,63.0,69.7,Yes,None,11400,No,UAE Resident,Fluent,No,4,Job Portal,Not Referred,2.2,3.4,Hired
TLB0111,36,Male,Indian,Bachelor's,1,Other,2,68.1,70.0,61.1,52.3,Yes,Startup,4000,Yes,UAE Resident,Native,Yes,6,LinkedIn,Not Referred,2.6,4.4,Hired
TLB0112,28,Male,Indian,Bachelor's,324,Engineering,2,70.2,52.8,66.3,60.7,No,None,3100,Yes,UAE Resident,Intermediate,No,7,Referral,Referred,3.2,1.0,Hired
TLB0113,24,Male,Egyptian,Bachelor's,426,Engineering,1,82.1,53.8,48.1,71.7,Yes,Startup,10300,Yes,Work Visa,Fluent,No,0,Walk-in,Not Referred,4.1,2.8,Hired
TLB0114,40,Male,Egyptian,PhD,259,Engineering,0,50.6,68.1,95.6,72.2,No,Tier 2,17700,No,UAE Resident,Intermediate,No,6,Walk-in,Not Referred,3.2,3.9,Hired
TLB0115,34,Male,Pakistani,Bachelor's,432,Engineering,8,52.7,49.1,66.4,44.6,Yes,Tier 2,8800,Yes,Work Visa,Intermediate,Yes,0,LinkedIn,Not Referred,2.2,2.9,Hired
TLB0116,31,Female,Filipino,Master's,99,Logistics,0,74.9,64.0,88.4,76.2,Yes,Tier 1,9000,Yes,UAE Resident,Fluent,Yes,2,Company Website,Not Referred,1.9,3.1,Hired
TLB0117,38,Female,Indian,Bachelor's,230,Computer Science,8,86.2,60.2,62.7,64.5,Yes,Tier 2,7600,Yes,UAE Resident,Fluent,No,6,LinkedIn,Not Referred,3.3,3.3,Hired
TLB0118,34,Female,Egyptian,Bachelor's,115,Marketing,12,56.1,64.4,67.4,82.7,No,Tier 1,6200,Yes,Work Visa,Fluent,Yes,5,Walk-in,Not Referred,2.8,3.4,Hired
TLB0119,29,Male,Indian,Master's,439,Finance,2,46.5,81.6,79.3,85.5,Yes,Tier 2,7900,Yes,UAE Resident,Fluent,No,4,Referral,Referred,3.3,2.5,Rejected
TLB0120,24,Female,Indian,High School,117,Logistics,6,60.2,55.1,52.7,87.5,Yes,Startup,13300,Yes,UAE Resident,Intermediate,Yes,5,Referral,Referred,3.1,3.7,Hired
TLB0121,27,Female,Indian,High School,711,Marketing,3,49.8,78.4,65.7,45.1,No,Startup,9800,Yes,UAE Resident,Native,No,1,LinkedIn,Not Referred,3.2,3.3,Hired
TLB0122,37,Female,Indian,Bachelor's,199,Other,7,71.0,61.1,78.8,70.6,No,Tier 2,9600,No,Work Visa,Fluent,Yes,6,Company Website,Not Referred,4.0,2.2,Hired
TLB0123,34,Male,Indian,Master's,459,Logistics,0,48.8,62.6,64.2,42.9,Yes,Tier 3,9200,Yes,UAE Resident,Fluent,No,0,LinkedIn,Not Referred,3.9,2.7,Hired
TLB0124,28,Male,Pakistani,Bachelor's,202,Business,4,79.6,73.6,60.7,83.2,Yes,Tier 2,13100,No,Citizen,Fluent,Yes,2,Job Portal,Not Referred,3.5,2.0,Rejected
TLB0125,40,Male,Indian,High School,567,Logistics,8,68.2,64.7,81.5,85.2,No,Tier 3,13800,No,Citizen,Basic,No,0,Referral,Referred,2.6,3.3,Rejected
TLB0126,29,Male,Indian,Bachelor's,559,Other,4,80.1,57.3,85.2,78.7,Yes,Tier 3,3600,No,Visit Visa,Intermediate,Yes,4,Company Website,Not Referred,2.8,3.5,Hired
TLB0127,35,Male,Pakistani,Bachelor's,235,Business,0,28.7,63.6,87.3,59.1,No,Tier 2,8600,No,UAE Resident,Intermediate,Yes,6,Job Portal,Not Referred,3.7,3.3,Hired
TLB0128,31,Male,Indian,High School,354,Finance,9,38.6,46.7,58.2,72.6,Yes,Tier 2,11600,Yes,Work Visa,Fluent,Yes,7,LinkedIn,Not Referred,4.1,3.5,Hired
TLB0129,41,Male,Egyptian,Bachelor's,554,Business,0,84.4,72.6,59.5,57.3,No,None,14000,Yes,UAE Resident,Fluent,No,0,LinkedIn,Not Referred,2.3,3.2,Hired
TLB0130,34,Female,Other,Bachelor's,360,Finance,5,54.2,30.8,60.9,65.2,Yes,Tier 3,12600,Yes,Citizen,Native,Yes,7,Referral,Referred,4.3,3.7,Hired
TLB0131,30,Male,Pakistani,Bachelor's,115,Computer Science,7,43.0,78.7,76.3,63.7,Yes,Tier 3,15700,Yes,Work Visa,Intermediate,No,1,Job Portal,Not Referred,2.7,3.0,Hired
TLB0132,28,Female,Other,Master's,314,Hospitality,5,62.0,75.4,51.4,37.0,Yes,Tier 1,5600,Yes,UAE Resident,Fluent,Yes,2,LinkedIn,Not Referred,3.7,3.7,Rejected
TLB0133,29,Female,Emirati,Master's,150,Engineering,13,68.6,87.2,52.2,53.7,Yes,Tier 2,13900,Yes,UAE Resident,Fluent,No,2,Job Portal,Not Referred,5.0,2.1,Hired
TLB0134,25,Male,Emirati,Bachelor's,330,Marketing,7,62.6,94.2,57.7,96.8,No,Tier 2,21200,Yes,Visit Visa,Intermediate,Yes,3,Company Website,Not Referred,2.1,2.0,Rejected
TLB0135,21,Female,Egyptian,Bachelor's,142,Computer Science,4,72.0,79.2,54.8,63.8,Yes,None,12200,No,Citizen,Intermediate,Yes,0,Company Website,Not Referred,3.6,3.2,Hired
TLB0136,31,Male,Egyptian,Bachelor's,374,Finance,7,70.0,60.5,78.5,67.2,Yes,Tier 2,12400,Yes,Work Visa,Fluent,No,2,Company Website,Not Referred,3.0,3.6,Hired
TLB0137,26,Female,American,PhD,1,Engineering,5,69.2,94.1,77.6,64.9,No,Tier 2,14300,Yes,UAE Resident,Native,Yes,2,LinkedIn,Not Referred,3.5,2.9,Hired
TLB0138,26,Male,Emirati,Bachelor's,75,Finance,5,85.2,53.7,60.7,59.3,Yes,None,9500,Yes,Visit Visa,Basic,No,5,LinkedIn,Not Referred,2.8,3.6,Rejected
TLB0139,29,Female,British,Bachelor's,141,Business,5,64.8,45.2,64.5,65.5,No,Tier 3,7700,Yes,Visit Visa,Native,No,6,Job Portal,Not Referred,1.5,3.3,Hired
TLB0140,30,Male,Indian,Bachelor's,267,Computer Science,3,64.3,90.2,34.0,59.3,No,Tier 2,12300,Yes,Visit Visa,Basic,No,0,Referral,Referred,2.7,1.5,Hired
TLB0141,30,Male,Indian,Bachelor's,1,Engineering,5,77.0,75.2,61.1,33.0,No,Tier 3,4600,No,UAE Resident,Fluent,Yes,3,Company Website,Not Referred,3.4,5.0,Hired
TLB0142,40,Male,Indian,Bachelor's,123,Other,3,73.3,45.5,83.2,76.0,No,Tier 3,13800,No,Work Visa,Basic,Yes,7,Walk-in,Not Referred,4.1,2.1,Hired
TLB0143,33,Female,Other,Bachelor's,455,Business,0,51.5,51.7,60.3,87.6,Yes,None,14500,Yes,Citizen,Basic,Yes,7,LinkedIn,Not Referred,3.5,2.3,Rejected
TLB0144,42,Male,Emirati,Master's,479,Finance,8,63.6,74.6,52.8,48.7,No,Tier 1,4800,Yes,UAE Resident,Fluent,Yes,4,Referral,Referred,4.2,4.0,Rejected
TLB0145,27,Male,British,Bachelor's,1,Computer Science,3,71.6,57.6,84.9,59.2,Yes,Startup,12700,No,UAE Resident,Intermediate,No,6,Referral,Referred,2.9,3.1,Rejected
TLB0146,34,Male,Filipino,Master's,182,Finance,5,56.2,59.3,52.5,86.0,No,Tier 2,11000,Yes,UAE Resident,Native,No,2,LinkedIn,Not Referred,2.8,2.5,Hired
TLB0147,27,Male,Egyptian,Master's,554,Business,2,56.9,91.6,87.1,54.2,Yes,None,18700,Yes,UAE Resident,Native,No,6,Walk-in,Not Referred,3.4,2.7,Rejected
TLB0148,26,Male,Egyptian,Bachelor's,377,Engineering,2,44.1,93.8,100.0,70.4,Yes,None,17900,Yes,Visit Visa,Fluent,No,0,Walk-in,Not Referred,2.9,2.4,Hired
TLB0149,42,Male,American,Master's,381,Engineering,1,21.8,69.8,65.6,100.0,No,None,15800,No,UAE Resident,Intermediate,No,4,Referral,Referred,4.0,2.5,Hired
TLB0150,25,Male,Indian,Master's,412,Computer Science,8,59.4,66.2,83.2,73.9,No,None,17400,Yes,Work Visa,Native,No,4,Walk-in,Not Referred,2.2,3.7,Rejected
TLB0151,20,Female,Emirati,Master's,108,Business,9,66.9,78.8,45.3,66.0,Yes,Startup,10400,Yes,UAE Resident,Fluent,No,1,LinkedIn,Not Referred,3.8,2.7,Hired
TLB0152,25,Female,Filipino,Master's,342,Business,5,48.6,61.3,44.7,77.3,Yes,Tier 1,13200,No,Citizen,Basic,Yes,4,Walk-in,Not Referred,4.0,2.2,Hired
TLB0153,20,Male,Indian,Bachelor's,394,Marketing,3,85.7,41.2,56.6,75.9,No,Tier 1,10900,Yes,Visit Visa,Intermediate,Yes,7,Job Portal,Not Referred,3.5,2.5,Rejected
TLB0154,24,Male,Indian,Bachelor's,321,Other,0,49.3,34.9,77.7,55.7,No,Tier 2,7500,Yes,Work Visa,Fluent,Yes,5,LinkedIn,Not Referred,3.8,3.0,Hired
TLB0155,24,Male,Indian,Bachelor's,221,Engineering,7,78.7,67.1,67.0,40.7,No,Tier 3,12400,No,Work Visa,Fluent,No,1,Company Website,Not Referred,2.7,2.5,Hired
TLB0156,30,Female,Indian,Bachelor's,290,Other,2,71.3,78.6,64.6,73.3,Yes,Tier 2,11600,No,UAE Resident,Fluent,No,4,Job Portal,Not Referred,2.6,2.9,Hired
TLB0157,20,Male,Emirati,Bachelor's,71,Engineering,1,97.6,68.2,50.2,75.4,Yes,Startup,11100,Yes,Visit Visa,Fluent,Yes,5,Referral,Referred,3.4,3.4,Rejected
TLB0158,37,Female,Emirati,High School,422,Computer Science,5,73.1,77.7,65.3,60.8,Yes,Startup,11700,No,Work Visa,Basic,Yes,4,Referral,Referred,2.7,2.7,Rejected
TLB0159,20,Female,Other,High School,12,Business,3,43.3,78.9,58.6,88.0,Yes,None,12300,Yes,UAE Resident,Basic,No,1,Company Website,Not Referred,3.4,2.4,Rejected
TLB0160,29,Female,Indian,PhD,136,Engineering,0,80.8,84.6,55.0,85.2,No,Tier 3,16000,No,Citizen,Fluent,No,2,LinkedIn,Not Referred,3.4,2.5,Hired
TLB0161,28,Male,Other,Master's,436,Business,0,90.5,70.2,53.9,75.8,Yes,Startup,9400,No,UAE Resident,Fluent,Yes,3,LinkedIn,Not Referred,3.2,4.2,Hired
TLB0162,34,Female,Other,Bachelor's,358,Logistics,6,38.4,71.3,69.5,61.1,Yes,Startup,6200,No,Work Visa,Fluent,No,1,LinkedIn,Not Referred,3.4,4.8,Rejected
TLB0163,32,Male,Indian,Bachelor's,203,Finance,2,74.6,67.6,57.6,35.7,Yes,None,15100,Yes,UAE Resident,Fluent,No,3,Job Portal,Not Referred,3.6,3.1,Hired
TLB0164,37,Male,Egyptian,Bachelor's,1,Marketing,6,77.9,64.9,66.9,62.6,No,Startup,15900,Yes,Work Visa,Native,Yes,2,Referral,Referred,3.1,3.7,Hired
TLB0165,27,Male,Filipino,Master's,290,Engineering,5,61.8,49.1,44.0,39.3,Yes,Tier 2,13600,No,UAE Resident,Native,No,1,Company Website,Not Referred,2.9,2.3,Hired
TLB0166,27,Male,Egyptian,Master's,173,Engineering,8,28.7,82.1,73.5,32.0,Yes,Tier 1,6900,Yes,UAE Resident,Fluent,No,2,LinkedIn,Not Referred,3.8,2.6,Hired
TLB0167,32,Female,Emirati,Bachelor's,396,Finance,2,60.6,63.4,70.1,74.1,No,None,11400,No,UAE Resident,Fluent,No,0,LinkedIn,Not Referred,3.4,3.5,Hired
TLB0168,36,Female,Indian,Bachelor's,196,Computer Science,5,56.3,62.7,64.0,81.4,No,Startup,13300,Yes,Citizen,Intermediate,No,6,Company Website,Not Referred,3.5,1.2,Hired
TLB0169,34,Male,Emirati,Bachelor's,1,Computer Science,7,87.9,61.5,69.1,37.7,No,None,7200,No,UAE Resident,Intermediate,Yes,0,LinkedIn,Not Referred,3.6,3.7,Hired
TLB0170,31,Female,Filipino,Master's,23,Business,2,63.7,51.9,79.1,61.4,Yes,Startup,8600,Yes,Work Visa,Fluent,No,0,Company Website,Not Referred,3.3,2.6,Rejected
TLB0171,31,Male,Other,PhD,214,Computer Science,8,58.8,67.0,48.2,64.8,Yes,Startup,11300,Yes,Work Visa,Fluent,No,2,Referral,Referred,3.0,2.2,Hired
TLB0172,29,Male,Egyptian,Bachelor's,321,Finance,0,56.2,74.2,67.9,60.9,No,Startup,17300,No,Visit Visa,Intermediate,No,5,Company Website,Not Referred,2.8,3.4,Rejected
TLB0173,32,Male,Egyptian,Bachelor's,67,Computer Science,2,69.9,59.5,50.0,45.7,Yes,None,13000,Yes,UAE Resident,Fluent,No,3,Referral,Referred,3.1,4.3,Rejected
TLB0174,42,Female,Other,Bachelor's,148,Computer Science,0,65.9,80.5,68.1,83.6,No,None,9400,Yes,Work Visa,Intermediate,No,0,Job Portal,Not Referred,3.5,2.8,Rejected
TLB0175,28,Male,Egyptian,Bachelor's,458,Other,2,53.2,63.6,63.6,46.1,No,Tier 2,11100,No,Citizen,Native,No,2,LinkedIn,Not Referred,3.6,3.3,Hired
TLB0176,27,Male,Emirati,PhD,521,Other,4,69.0,49.6,66.7,37.7,Yes,Tier 1,9000,Yes,UAE Resident,Basic,No,0,Job Portal,Not Referred,3.3,3.5,Rejected
TLB0177,27,Male,American,Master's,355,Engineering,7,56.6,84.5,78.0,45.8,No,Tier 1,10100,No,UAE Resident,Native,No,3,LinkedIn,Not Referred,3.4,3.3,Hired
TLB0178,32,Female,Indian,Bachelor's,242,Engineering,4,26.1,70.4,77.6,71.7,No,Tier 3,15300,No,Citizen,Intermediate,No,2,LinkedIn,Not Referred,2.4,2.3,Hired
TLB0179,20,Female,Emirati,Bachelor's,175,Hospitality,2,75.0,78.4,81.1,61.3,No,None,3400,No,UAE Resident,Native,No,7,Company Website,Not Referred,2.9,3.3,Hired
TLB0180,29,Female,Pakistani,Bachelor's,407,Computer Science,0,73.6,78.6,61.8,54.2,Yes,None,17900,Yes,UAE Resident,Intermediate,No,2,LinkedIn,Not Referred,3.7,3.2,Rejected
TLB0181,35,Female,Other,High School,236,Engineering,0,68.0,56.6,76.1,72.4,Yes,Tier 3,21900,Yes,UAE Resident,Intermediate,No,4,Referral,Referred,2.6,1.0,Rejected
TLB0182,26,Female,Indian,Bachelor's,484,Computer Science,6,58.4,61.7,73.6,69.7,Yes,Tier 2,12700,No,Visit Visa,Native,Yes,1,Job Portal,Not Referred,3.3,3.8,Hired
TLB0183,31,Male,Pakistani,Master's,494,Engineering,8,63.9,80.4,62.2,32.7,No,Tier 3,8300,Yes,Citizen,Intermediate,Yes,3,Job Portal,Not Referred,3.2,1.9,Rejected
TLB0184,42,Male,Indian,Master's,382,Other,3,77.3,90.0,68.5,72.2,Yes,None,17200,Yes,Work Visa,Native,Yes,7,Company Website,Not Referred,3.1,3.2,Rejected
TLB0185,31,Female,Emirati,Bachelor's,200,Hospitality,9,55.5,68.8,65.3,81.5,No,Tier 3,13300,No,Work Visa,Fluent,Yes,0,Walk-in,Not Referred,3.7,4.3,Rejected
TLB0186,20,Female,Emirati,Master's,215,Other,1,77.9,60.5,85.1,63.3,No,Tier 1,9600,No,UAE Resident,Fluent,No,2,Referral,Referred,3.4,2.9,Hired
TLB0187,21,Male,Egyptian,Master's,1,Hospitality,3,42.9,88.2,77.5,61.7,No,Tier 2,7600,Yes,UAE Resident,Intermediate,No,2,LinkedIn,Not Referred,2.4,2.3,Hired
TLB0188,28,Male,American,Bachelor's,289,Marketing,3,67.5,60.5,62.6,91.5,Yes,Tier 3,10200,No,UAE Resident,Intermediate,No,3,Job Portal,Not Referred,3.6,3.5,Rejected
TLB0189,25,Female,Indian,Bachelor's,283,Hospitality,10,65.4,71.9,61.7,55.1,No,Tier 3,12900,No,UAE Resident,Fluent,No,3,LinkedIn,Not Referred,2.8,4.2,Hired
TLB0190,30,Male,Indian,Bachelor's,24,Finance,5,80.0,62.9,79.4,62.7,Yes,None,16000,Yes,UAE Resident,Intermediate,Yes,7,LinkedIn,Not Referred,2.2,2.2,Hired
TLB0191,28,Female,Indian,Master's,772,Engineering,0,51.2,71.2,84.4,69.6,No,None,13300,Yes,Work Visa,Basic,Yes,1,LinkedIn,Not Referred,3.7,1.2,Rejected
TLB0192,36,Male,Emirati,Bachelor's,411,Business,8,52.9,56.7,71.1,65.7,Yes,Tier 1,14000,Yes,UAE Resident,Intermediate,Yes,2,Referral,Referred,2.4,4.0,Hired
TLB0193,23,Male,Filipino,Bachelor's,131,Marketing,11,44.1,63.5,75.6,61.2,Yes,Tier 2,10500,Yes,UAE Resident,Fluent,No,3,Referral,Referred,3.0,3.8,Hired
TLB0194,28,Female,Egyptian,Bachelor's,710,Business,4,56.5,60.5,83.9,66.2,No,Tier 2,15800,No,UAE Resident,Fluent,Yes,4,Referral,Referred,3.4,3.4,Rejected
TLB0195,31,Male,Filipino,High School,200,Engineering,1,68.8,75.9,64.7,87.0,Yes,Tier 2,11100,Yes,UAE Resident,Fluent,Yes,0,Company Website,Not Referred,3.1,1.7,Hired
TLB0196,32,Male,Indian,Bachelor's,466,Computer Science,8,38.0,70.0,68.1,76.3,No,Tier 3,20300,No,UAE Resident,Fluent,Yes,5,Job Portal,Not Referred,2.8,3.6,Rejected
TLB0197,30,Female,Filipino,Master's,317,Marketing,11,58.4,78.6,73.3,64.0,Yes,Tier 1,9100,No,UAE Resident,Fluent,No,4,Walk-in,Not Referred,2.5,3.9,Hired
TLB0198,20,Female,Emirati,Bachelor's,207,Business,7,74.2,58.1,61.4,52.9,Yes,Tier 1,13800,Yes,UAE Resident,Intermediate,No,2,LinkedIn,Not Referred,2.7,4.8,Hired
TLB0199,30,Male,Indian,Bachelor's,232,Business,0,63.5,65.5,89.1,54.8,Yes,None,21900,Yes,Work Visa,Intermediate,Yes,3,LinkedIn,Not Referred,2.4,2.9,Hired
TLB0200,29,Male,Other,PhD,587,Engineering,7,66.1,75.5,61.3,78.3,Yes,Tier 1,16700,Yes,Visit Visa,Intermediate,Yes,0,Company Website,Not Referred,3.1,3.2,Rejected
TLB0201,35,Female,Egyptian,Bachelor's,475,Computer Science,6,42.4,78.3,67.8,42.7,No,None,15400,Yes,Citizen,Native,Yes,5,LinkedIn,Not Referred,2.8,1.4,Rejected
TLB0202,34,Female,Other,Bachelor's,275,Other,1,63.5,50.7,91.9,98.6,Yes,Tier 2,13300,Yes,Visit Visa,Native,No,6,Referral,Referred,2.2,3.9,Hired
TLB0203,31,Male,Other,Bachelor's,1,Engineering,9,65.4,71.8,42.8,64.6,No,Tier 2,12200,Yes,Work Visa,Intermediate,Yes,7,Company Website,Not Referred,3.0,3.9,Rejected
TLB0204,31,Male,Filipino,Bachelor's,360,Business,6,62.5,58.2,69.8,45.7,No,Tier 1,11200,Yes,Citizen,Fluent,Yes,2,Job Portal,Not Referred,2.7,3.4,Hired
TLB0205,38,Male,Other,Bachelor's,50,Computer Science,9,67.3,78.9,58.4,67.5,No,Tier 1,9500,No,Work Visa,Basic,Yes,2,LinkedIn,Not Referred,3.4,4.1,Rejected
TLB0206,36,Male,Pakistani,Master's,407,Logistics,1,60.4,90.3,67.0,53.8,No,Tier 2,5100,Yes,Work Visa,Fluent,No,2,Company Website,Not Referred,3.5,2.5,Rejected
TLB0207,31,Male,Emirati,Bachelor's,157,Finance,6,58.2,36.7,51.3,59.1,Yes,None,14900,Yes,UAE Resident,Fluent,Yes,1,Company Website,Not Referred,4.1,2.9,Rejected
TLB0208,42,Female,Emirati,Bachelor's,178,Engineering,1,49.4,60.1,62.2,43.8,Yes,None,5100,Yes,UAE Resident,Intermediate,No,3,Job Portal,Not Referred,3.7,3.0,Hired
TLB0209,26,Male,Indian,High School,172,Business,5,79.6,71.2,67.3,61.7,No,Tier 1,14900,Yes,UAE Resident,Intermediate,No,0,Referral,Referred,2.4,4.0,Hired
TLB0210,22,Male,Emirati,Master's,504,Hospitality,10,46.6,68.0,70.1,35.3,No,Tier 1,10600,No,UAE Resident,Native,No,0,Job Portal,Not Referred,1.7,4.0,Hired
TLB0211,29,Female,Indian,High School,1,Other,0,67.4,79.3,78.6,56.6,No,Tier 2,7700,Yes,Visit Visa,Intermediate,Yes,2,Job Portal,Not Referred,2.1,3.4,Hired
TLB0212,27,Female,Egyptian,Master's,447,Engineering,0,92.2,68.9,36.8,53.4,Yes,Startup,18300,No,UAE Resident,Fluent,No,6,LinkedIn,Not Referred,2.8,3.3,Hired
TLB0213,20,Male,British,Bachelor's,368,Computer Science,8,81.5,61.6,65.4,58.0,No,Tier 2,5500,Yes,Work Visa,Fluent,No,7,Company Website,Not Referred,2.1,3.5,Hired
TLB0214,26,Female,Filipino,Bachelor's,285,Computer Science,4,72.6,55.8,64.7,54.3,No,Tier 2,9000,Yes,Citizen,Native,Yes,6,Company Website,Not Referred,2.8,2.8,Rejected
TLB0215,32,Female,Indian,Bachelor's,210,Computer Science,9,68.7,53.7,66.2,65.5,Yes,None,9400,No,UAE Resident,Intermediate,Yes,7,LinkedIn,Not Referred,3.2,4.2,Hired
TLB0216,29,Female,Egyptian,Bachelor's,397,Hospitality,2,63.1,59.1,67.4,77.4,No,None,12700,Yes,UAE Resident,Intermediate,No,6,Referral,Referred,2.8,2.7,Hired
TLB0217,25,Male,Indian,Bachelor's,211,Other,5,51.5,61.2,56.2,70.0,Yes,Startup,9200,Yes,UAE Resident,Fluent,No,5,Referral,Referred,3.4,3.4,Rejected
TLB0218,30,Male,Emirati,Master's,210,Other,7,61.2,72.6,46.9,83.2,Yes,Tier 2,18600,No,UAE Resident,Intermediate,No,1,Job Portal,Not Referred,2.8,2.6,Hired
TLB0219,30,Female,Indian,Bachelor's,312,Hospitality,5,73.6,66.1,69.8,58.0,Yes,Tier 2,5800,No,Citizen,Intermediate,No,6,LinkedIn,Not Referred,2.7,3.9,Hired
TLB0220,34,Male,Indian,Bachelor's,643,Computer Science,0,70.8,60.2,54.1,69.5,No,Tier 2,30400,Yes,Work Visa,Fluent,No,7,Company Website,Not Referred,4.4,3.0,Rejected
TLB0221,26,Male,Indian,Bachelor's,1,Other,14,76.8,55.9,72.2,70.1,No,Startup,7200,No,Work Visa,Native,Yes,3,LinkedIn,Not Referred,3.2,4.8,Hired
TLB0222,35,Male,British,Bachelor's,400,Business,5,83.3,59.6,54.8,81.1,Yes,Startup,25300,Yes,Work Visa,Fluent,No,5,Company Website,Not Referred,3.3,3.0,Hired
TLB0223,23,Female,Egyptian,Bachelor's,271,Business,0,62.6,61.2,76.0,54.8,No,Tier 1,16900,No,Work Visa,Fluent,Yes,3,Company Website,Not Referred,3.8,3.8,Hired
TLB0224,26,Female,Egyptian,Bachelor's,255,Finance,6,67.9,59.0,66.3,76.0,No,None,11500,Yes,Work Visa,Basic,No,4,Company Website,Not Referred,3.8,2.6,Rejected
TLB0225,40,Male,Indian,Bachelor's,1,Computer Science,6,36.5,76.1,67.2,53.0,No,Tier 3,13000,Yes,UAE Resident,Intermediate,No,0,Company Website,Not Referred,2.9,2.9,Rejected
TLB0226,23,Female,British,Bachelor's,1,Logistics,8,98.8,84.4,63.8,57.0,No,Startup,10300,Yes,UAE Resident,Native,Yes,5,Referral,Referred,3.9,3.1,Hired
TLB0227,26,Male,Egyptian,Bachelor's,367,Other,8,58.8,53.9,61.7,60.0,No,Tier 1,13600,No,UAE Resident,Fluent,Yes,4,Referral,Referred,2.9,3.4,Hired
TLB0228,22,Male,Indian,Bachelor's,46,Hospitality,4,74.8,81.4,64.0,71.3,Yes,Tier 2,8700,Yes,Work Visa,Fluent,No,6,Job Portal,Not Referred,3.9,2.5,Hired
TLB0229,25,Female,Filipino,Bachelor's,503,Hospitality,0,58.8,76.3,82.4,49.8,Yes,Tier 1,15200,No,Citizen,Native,Yes,2,LinkedIn,Not Referred,2.3,2.6,Hired
TLB0230,30,Male,Pakistani,Bachelor's,96,Engineering,6,58.4,70.2,47.1,51.7,Yes,Startup,12800,No,Work Visa,Fluent,Yes,3,Job Portal,Not Referred,3.0,3.2,Rejected
TLB0231,34,Male,Pakistani,Master's,410,Computer Science,0,61.4,86.3,58.6,56.0,Yes,Tier 1,7500,Yes,Work Visa,Native,No,1,Company Website,Not Referred,3.4,3.4,Rejected
TLB0232,29,Male,Indian,Bachelor's,184,Hospitality,9,46.3,66.0,80.7,65.7,Yes,Tier 2,13900,No,Citizen,Fluent,No,4,Job Portal,Not Referred,3.5,3.1,Rejected
TLB0233,28,Female,Pakistani,Master's,175,Marketing,2,27.8,72.8,77.7,51.9,Yes,Startup,13600,No,UAE Resident,Fluent,Yes,7,LinkedIn,Not Referred,2.6,3.0,Rejected
TLB0234,22,Female,Emirati,Bachelor's,117,Other,7,82.4,69.5,84.5,68.7,Yes,Startup,8800,No,UAE Resident,Fluent,No,4,Company Website,Not Referred,2.0,2.0,Hired
TLB0235,25,Female,Indian,Bachelor's,387,Computer Science,2,73.2,68.6,66.2,60.0,Yes,Tier 3,10100,Yes,Citizen,Fluent,Yes,7,LinkedIn,Not Referred,3.5,3.5,Hired
TLB0236,20,Female,Indian,High School,443,Business,3,51.3,73.5,49.9,74.2,Yes,Startup,14300,Yes,Citizen,Fluent,No,0,Walk-in,Not Referred,3.1,3.8,Rejected
TLB0237,34,Male,Other,Bachelor's,236,Engineering,2,71.8,68.6,52.6,65.9,No,Startup,16900,No,Work Visa,Fluent,Yes,5,Company Website,Not Referred,2.9,3.9,Rejected
TLB0238,34,Female,Indian,Master's,418,Finance,7,77.4,73.6,63.1,89.5,No,Tier 3,11400,Yes,UAE Resident,Fluent,Yes,0,Company Website,Not Referred,4.4,3.2,Rejected
TLB0239,29,Male,Indian,Master's,302,Hospitality,2,54.6,60.0,76.9,66.7,No,Tier 2,16200,No,Citizen,Fluent,Yes,3,Job Portal,Not Referred,3.0,2.6,Rejected
TLB0240,32,Male,Indian,Bachelor's,33,Other,7,71.2,60.3,63.7,47.9,Yes,Tier 1,17300,Yes,Visit Visa,Basic,Yes,3,LinkedIn,Not Referred,2.8,2.8,Hired
TLB0241,35,Female,Other,Master's,375,Business,2,80.1,59.9,62.7,62.0,No,Tier 3,17900,No,Work Visa,Native,No,3,Company Website,Not Referred,1.9,3.2,Rejected
TLB0242,30,Female,Filipino,Bachelor's,239,Engineering,4,43.4,63.6,72.2,65.3,Yes,Tier 1,13900,No,UAE Resident,Intermediate,No,4,Job Portal,Not Referred,2.4,3.1,Rejected
TLB0243,38,Male,Other,High School,1,Computer Science,5,73.0,80.2,67.4,52.3,Yes,Tier 3,7900,No,Work Visa,Fluent,No,6,LinkedIn,Not Referred,3.8,2.4,Hired
TLB0244,23,Male,Indian,Master's,221,Business,5,70.5,62.5,61.3,86.2,Yes,Tier 3,16000,No,Visit Visa,Fluent,No,5,Walk-in,Not Referred,2.7,1.8,Hired
TLB0245,27,Female,Indian,Bachelor's,1,Engineering,1,93.2,75.8,54.0,60.7,No,Tier 2,11100,Yes,Citizen,Fluent,No,0,Job Portal,Not Referred,3.6,2.7,Hired
TLB0246,27,Female,Filipino,Bachelor's,53,Marketing,7,73.4,71.2,79.3,56.0,Yes,Startup,14300,Yes,Work Visa,Intermediate,Yes,6,Walk-in,Not Referred,2.3,2.9,Hired
TLB0247,33,Female,Indian,PhD,250,Engineering,4,58.8,62.7,80.6,67.5,No,Startup,9200,No,Work Visa,Basic,Yes,3,Job Portal,Not Referred,2.6,3.3,Rejected
TLB0248,21,Male,British,PhD,284,Engineering,6,60.6,83.7,53.3,52.3,Yes,Tier 3,9300,No,Work Visa,Fluent,No,4,LinkedIn,Not Referred,2.6,2.8,Hired
TLB0249,38,Male,American,Bachelor's,132,Finance,4,95.4,76.8,61.8,78.5,Yes,None,8800,Yes,Work Visa,Fluent,No,7,Company Website,Not Referred,3.5,2.9,Rejected
TLB0250,33,Male,Pakistani,Bachelor's,405,Logistics,7,59.7,68.0,75.7,75.7,No,Tier 2,6000,Yes,UAE Resident,Intermediate,No,2,LinkedIn,Not Referred,3.1,3.2,Rejected
TLB0251,40,Female,Other,Master's,277,Business,3,73.8,67.0,52.2,66.8,Yes,Tier 2,9400,No,UAE Resident,Fluent,No,4,Job Portal,Not Referred,2.4,4.4,Hired
TLB0252,29,Female,Filipino,Bachelor's,215,Business,2,61.4,69.1,71.7,73.3,No,Tier 2,7400,Yes,UAE Resident,Fluent,Yes,4,LinkedIn,Not Referred,3.7,3.0,Hired
TLB0253,26,Male,Indian,Bachelor's,308,Finance,6,81.2,49.6,62.8,58.0,No,Tier 3,14500,No,Visit Visa,Intermediate,Yes,4,Job Portal,Not Referred,3.5,1.9,Hired
TLB0254,33,Male,Pakistani,Bachelor's,541,Hospitality,3,82.0,58.1,51.2,44.0,No,Tier 2,7200,No,UAE Resident,Fluent,No,2,LinkedIn,Not Referred,3.4,2.6,Hired
TLB0255,36,Male,Emirati,Master's,1,Logistics,10,64.7,73.6,90.1,60.4,No,None,9000,Yes,UAE Resident,Intermediate,Yes,5,LinkedIn,Not Referred,3.4,4.5,Hired
TLB0256,25,Female,British,Master's,559,Business,5,58.9,49.0,62.6,58.0,Yes,Tier 2,12000,Yes,Citizen,Native,No,6,LinkedIn,Not Referred,2.6,4.2,Hired
TLB0257,20,Female,Indian,Master's,176,Marketing,0,58.5,59.0,73.8,36.5,Yes,Tier 3,20200,No,Work Visa,Native,Yes,7,Job Portal,Not Referred,4.1,3.9,Hired
TLB0258,20,Male,Indian,Bachelor's,144,Other,2,39.1,63.3,52.4,50.2,Yes,Tier 3,8900,Yes,UAE Resident,Basic,Yes,3,LinkedIn,Not Referred,3.1,3.7,Rejected
TLB0259,31,Male,Filipino,Bachelor's,219,Engineering,1,66.5,100.0,87.2,47.8,No,Tier 2,5800,No,UAE Resident,Fluent,No,1,LinkedIn,Not Referred,3.4,3.7,Hired
TLB0260,39,Female,Emirati,Bachelor's,122,Engineering,8,66.2,76.1,92.3,50.2,No,Startup,6100,Yes,Visit Visa,Fluent,Yes,7,LinkedIn,Not Referred,3.5,2.9,Hired
TLB0261,22,Male,Emirati,Master's,91,Other,7,52.8,81.2,47.5,83.7,Yes,Startup,8100,Yes,UAE Resident,Fluent,No,4,Referral,Referred,2.5,3.8,Rejected
TLB0262,28,Female,Egyptian,Bachelor's,469,Computer Science,4,37.5,58.3,64.9,72.2,Yes,Startup,9000,Yes,UAE Resident,Fluent,No,1,Walk-in,Not Referred,4.5,3.8,Rejected
TLB0263,27,Male,Emirati,High School,331,Finance,6,68.1,72.3,84.3,78.5,No,Tier 3,22400,Yes,UAE Resident,Native,No,6,Referral,Referred,3.2,3.8,Hired
TLB0264,41,Male,Pakistani,Master's,1,Logistics,4,70.0,46.9,60.9,72.1,No,Tier 3,16400,No,UAE Resident,Fluent,Yes,5,LinkedIn,Not Referred,3.2,2.6,Rejected
TLB0265,43,Female,Indian,Bachelor's,434,Computer Science,8,70.9,64.0,72.3,80.2,Yes,Tier 3,10600,No,Work Visa,Fluent,Yes,6,LinkedIn,Not Referred,2.9,2.8,Rejected
TLB0266,32,Male,Indian,Master's,405,Finance,6,50.2,74.1,45.2,65.4,Yes,Startup,20300,Yes,UAE Resident,Fluent,No,3,LinkedIn,Not Referred,4.0,2.6,Hired
TLB0267,35,Male,Indian,High School,3,Engineering,7,71.0,51.0,56.8,86.2,Yes,Tier 2,9200,Yes,Work Visa,Intermediate,Yes,3,Referral,Referred,4.0,3.9,Hired
TLB0268,35,Male,Egyptian,Master's,336,Logistics,4,62.3,72.7,71.0,47.8,Yes,Tier 3,10100,No,UAE Resident,Fluent,No,1,LinkedIn,Not Referred,3.3,3.3,Hired
TLB0269,22,Male,Other,High School,424,Other,2,78.0,73.7,59.3,64.1,Yes,Tier 2,9900,Yes,UAE Resident,Basic,No,3,LinkedIn,Not Referred,2.2,3.4,Hired
TLB0270,34,Male,Indian,High School,1,Logistics,7,50.4,60.8,62.3,50.7,No,Startup,16600,Yes,UAE Resident,Fluent,No,4,LinkedIn,Not Referred,3.1,3.6,Hired
TLB0271,23,Male,Other,Bachelor's,357,Computer Science,10,82.3,58.0,47.3,82.4,Yes,Tier 1,11700,No,Citizen,Fluent,No,6,Referral,Referred,3.2,2.0,Hired
TLB0272,28,Male,Filipino,Bachelor's,164,Hospitality,8,87.6,59.4,75.5,70.9,No,None,18800,Yes,UAE Resident,Basic,No,1,Job Portal,Not Referred,2.9,3.8,Hired
TLB0273,36,Male,Filipino,Bachelor's,408,Other,10,66.7,63.8,49.6,81.6,Yes,Tier 1,14000,Yes,UAE Resident,Intermediate,Yes,0,LinkedIn,Not Referred,2.5,2.7,Hired
TLB0274,30,Female,Egyptian,High School,113,Finance,5,71.1,64.2,87.0,45.4,No,Tier 2,16100,Yes,UAE Resident,Fluent,No,2,Company Website,Not Referred,2.1,2.7,Hired
TLB0275,36,Female,Egyptian,High School,508,Marketing,1,76.8,74.1,58.1,56.6,Yes,Tier 2,3800,Yes,Work Visa,Fluent,No,1,Company Website,Not Referred,4.2,2.4,Rejected
TLB0276,37,Male,British,Master's,251,Computer Science,1,49.6,61.6,77.4,40.0,Yes,Tier 2,4400,Yes,UAE Resident,Intermediate,Yes,3,Job Portal,Not Referred,3.7,3.2,Rejected
TLB0277,20,Male,Pakistani,Bachelor's,177,Logistics,9,57.7,87.2,76.1,70.1,Yes,Tier 2,4500,Yes,Citizen,Native,Yes,5,LinkedIn,Not Referred,3.2,3.0,Rejected
TLB0278,20,Male,Pakistani,Master's,155,Computer Science,0,67.8,87.1,54.2,59.0,No,Startup,10100,Yes,Work Visa,Fluent,No,2,Job Portal,Not Referred,2.7,2.0,Hired
TLB0279,36,Female,Indian,Master's,474,Business,10,95.4,70.8,59.5,75.6,No,Tier 2,5100,No,Work Visa,Fluent,Yes,2,Job Portal,Not Referred,3.5,1.7,Hired
TLB0280,37,Female,Indian,High School,155,Other,2,47.1,63.9,61.1,65.4,No,Tier 2,17600,Yes,Work Visa,Intermediate,Yes,3,Walk-in,Not Referred,3.3,2.9,Hired
TLB0281,31,Male,Egyptian,Master's,512,Other,11,89.6,61.6,61.9,35.2,Yes,Tier 1,11100,No,UAE Resident,Intermediate,No,7,Job Portal,Not Referred,2.9,3.8,Hired
TLB0282,32,Male,Emirati,Bachelor's,342,Other,4,62.1,71.8,50.1,41.8,No,Tier 2,14800,Yes,Citizen,Fluent,Yes,3,LinkedIn,Not Referred,3.5,3.7,Hired
TLB0283,35,Male,Indian,Bachelor's,22,Engineering,7,64.5,73.9,73.9,66.2,No,None,9800,Yes,Citizen,Basic,Yes,5,Walk-in,Not Referred,3.6,3.9,Hired
TLB0284,35,Male,Emirati,Bachelor's,305,Computer Science,13,83.3,65.6,58.0,71.5,Yes,Tier 2,15700,Yes,UAE Resident,Native,Yes,0,Job Portal,Not Referred,3.7,2.9,Hired
TLB0285,28,Male,Indian,Master's,309,Engineering,3,95.3,63.3,65.5,34.0,Yes,Startup,3200,No,Work Visa,Intermediate,No,0,LinkedIn,Not Referred,2.6,2.8,Hired
TLB0286,35,Male,Filipino,Bachelor's,16,Computer Science,3,71.3,72.2,80.1,63.8,Yes,Tier 3,11800,Yes,UAE Resident,Native,No,2,LinkedIn,Not Referred,3.5,3.0,Hired
TLB0287,27,Male,Filipino,Bachelor's,301,Logistics,2,82.5,68.8,74.4,50.8,No,Tier 3,14300,Yes,Work Visa,Intermediate,No,4,Walk-in,Not Referred,4.0,3.7,Hired
TLB0288,31,Male,Pakistani,PhD,408,Marketing,1,51.2,61.1,58.9,49.5,No,None,14600,No,Visit Visa,Fluent,Yes,3,LinkedIn,Not Referred,3.4,4.4,Hired
TLB0289,31,Male,Emirati,Bachelor's,525,Engineering,3,57.1,69.4,80.5,55.8,No,Tier 1,10600,Yes,Citizen,Fluent,Yes,2,Job Portal,Not Referred,4.7,2.7,Rejected
TLB0290,24,Male,Pakistani,Master's,516,Computer Science,3,44.7,60.7,75.7,66.7,Yes,None,4300,No,UAE Resident,Fluent,No,4,Referral,Referred,3.1,2.9,Rejected
TLB0291,25,Female,Indian,Master's,777,Engineering,0,57.3,59.0,57.8,55.1,No,Tier 3,16600,Yes,Work Visa,Intermediate,No,2,Job Portal,Not Referred,2.0,3.1,Hired
TLB0292,43,Male,Egyptian,Master's,300,Logistics,4,73.5,67.9,60.3,37.2,Yes,Tier 2,10200,No,Work Visa,Fluent,Yes,3,LinkedIn,Not Referred,2.6,2.9,Hired
TLB0293,24,Female,Filipino,Master's,410,Finance,6,68.2,61.1,80.0,66.6,Yes,None,10600,No,UAE Resident,Native,No,0,Job Portal,Not Referred,2.7,2.6,Hired
TLB0294,32,Male,Pakistani,PhD,178,Computer Science,1,90.9,59.2,77.1,60.1,Yes,Tier 2,22000,Yes,Work Visa,Native,No,1,Company Website,Not Referred,3.6,3.0,Hired
TLB0295,33,Female,Pakistani,Bachelor's,676,Computer Science,4,95.8,80.5,47.5,51.9,No,None,12400,Yes,Work Visa,Intermediate,Yes,7,Walk-in,Not Referred,3.8,2.5,Hired
TLB0296,29,Female,Other,Master's,121,Engineering,9,63.0,63.3,53.9,60.7,No,None,9700,No,Visit Visa,Intermediate,No,4,LinkedIn,Not Referred,3.3,3.7,Rejected
TLB0297,34,Female,Egyptian,Master's,667,Computer Science,0,54.8,90.1,76.0,60.1,Yes,Tier 2,9400,Yes,Citizen,Fluent,No,2,LinkedIn,Not Referred,3.4,4.3,Hired
TLB0298,31,Female,Pakistani,Master's,642,Other,11,82.4,75.5,51.7,65.6,Yes,Tier 2,14900,Yes,UAE Resident,Fluent,No,0,LinkedIn,Not Referred,4.5,2.9,Hired
TLB0299,24,Female,Pakistani,Bachelor's,143,Finance,2,84.0,58.2,77.5,61.5,No,None,8300,Yes,UAE Resident,Intermediate,Yes,6,LinkedIn,Not Referred,2.6,4.4,Hired
TLB0300,33,Female,Emirati,PhD,507,Computer Science,5,71.6,81.9,92.2,67.3,No,Tier 2,14300,Yes,UAE Resident,Fluent,Yes,2,Walk-in,Not Referred,3.1,3.0,Hired
TLB0301,26,Female,Other,Bachelor's,391,Hospitality,9,75.6,59.4,71.9,64.3,Yes,Startup,17000,Yes,UAE Resident,Native,No,3,LinkedIn,Not Referred,2.9,2.5,Hired
TLB0302,40,Male,Indian,Bachelor's,217,Engineering,10,73.2,91.7,55.0,76.5,No,Tier 1,11600,Yes,UAE Resident,Fluent,Yes,4,LinkedIn,Not Referred,2.4,3.6,Hired
TLB0303,32,Male,Indian,Bachelor's,272,Business,6,50.2,70.7,69.3,87.2,No,Tier 2,16400,No,Citizen,Fluent,No,0,Job Portal,Not Referred,1.8,2.4,Rejected
TLB0304,25,Male,Other,Bachelor's,353,Marketing,2,46.7,74.5,80.4,64.8,Yes,Tier 3,11700,Yes,UAE Resident,Basic,No,4,LinkedIn,Not Referred,4.1,3.6,Hired
TLB0305,32,Female,Egyptian,Master's,372,Computer Science,2,64.2,68.4,68.3,56.3,No,Startup,8900,No,Work Visa,Intermediate,Yes,7,LinkedIn,Not Referred,2.7,3.3,Rejected
TLB0306,24,Male,Emirati,Bachelor's,598,Engineering,2,62.0,71.2,73.3,44.9,No,Startup,4500,No,UAE Resident,Fluent,No,1,Company Website,Not Referred,3.0,2.8,Hired
TLB0307,31,Male,Emirati,Master's,414,Logistics,11,69.2,65.3,56.6,74.0,Yes,Tier 3,13200,Yes,UAE Resident,Intermediate,Yes,7,Referral,Referred,3.5,2.7,Hired
TLB0308,28,Female,Emirati,Master's,146,Other,3,63.0,56.9,57.6,52.4,Yes,Tier 2,13300,No,Visit Visa,Fluent,No,2,Job Portal,Not Referred,2.4,2.4,Rejected
TLB0309,25,Male,Filipino,Bachelor's,448,Business,6,39.5,72.1,78.8,97.9,No,Tier 3,16400,Yes,Work Visa,Basic,No,0,Company Website,Not Referred,2.6,3.9,Hired
TLB0310,24,Male,Emirati,Master's,1,Finance,1,33.3,80.3,57.7,100.0,Yes,Tier 2,16000,Yes,UAE Resident,Fluent,No,3,LinkedIn,Not Referred,3.2,2.9,Rejected
TLB0311,44,Male,Other,Bachelor's,222,Business,0,76.1,53.7,33.4,62.0,No,Tier 2,21300,Yes,Citizen,Basic,No,1,Company Website,Not Referred,2.9,3.3,Rejected
TLB0312,30,Male,Other,Master's,241,Marketing,5,55.1,86.5,63.0,41.7,No,Tier 2,9400,Yes,UAE Resident,Intermediate,No,3,Job Portal,Not Referred,2.3,3.1,Hired
TLB0313,27,Male,Pakistani,PhD,431,Business,3,61.5,75.2,71.1,74.2,No,Tier 3,13600,Yes,UAE Resident,Intermediate,Yes,1,Referral,Referred,3.6,2.9,Hired
TLB0314,26,Male,Filipino,Bachelor's,654,Marketing,4,56.6,62.8,80.8,94.4,No,Tier 2,8900,Yes,UAE Resident,Native,Yes,5,Job Portal,Not Referred,2.9,3.4,Hired
TLB0315,32,Male,Indian,Master's,343,Computer Science,0,51.3,62.5,88.4,46.6,No,Tier 1,16200,Yes,Work Visa,Intermediate,No,2,Referral,Referred,3.3,3.5,Hired
TLB0316,26,Male,Emirati,Bachelor's,227,Other,4,50.9,90.4,68.1,91.6,Yes,Startup,7800,No,UAE Resident,Intermediate,No,5,Company Website,Not Referred,3.2,3.2,Hired
TLB0317,23,Male,Egyptian,Bachelor's,160,Logistics,10,80.3,79.3,75.6,39.1,Yes,Tier 1,16100,No,Visit Visa,Fluent,No,1,Job Portal,Not Referred,3.9,2.9,Hired
TLB0318,29,Female,Indian,Master's,467,Business,2,61.4,81.7,68.6,44.6,No,None,8700,No,Work Visa,Fluent,Yes,0,LinkedIn,Not Referred,3.4,2.2,Rejected
TLB0319,29,Male,Emirati,Bachelor's,261,Hospitality,8,74.5,65.0,71.6,69.3,Yes,Tier 2,15400,Yes,UAE Resident,Intermediate,No,2,Referral,Referred,2.6,2.6,Rejected
TLB0320,27,Female,Indian,Bachelor's,199,Computer Science,0,76.5,74.7,64.6,79.2,No,Tier 1,17400,No,Citizen,Basic,No,5,LinkedIn,Not Referred,4.0,2.9,Hired
TLB0321,24,Female,Emirati,Bachelor's,490,Hospitality,2,69.7,72.2,72.0,64.1,Yes,None,5000,No,UAE Resident,Intermediate,No,7,Job Portal,Not Referred,2.9,3.1,Hired
TLB0322,27,Male,Pakistani,Bachelor's,533,Business,0,77.0,65.9,57.5,71.3,No,Tier 3,5900,No,UAE Resident,Fluent,No,7,Company Website,Not Referred,2.6,1.7,Hired
TLB0323,27,Male,Egyptian,Master's,108,Computer Science,9,65.2,69.3,92.7,80.5,No,None,13100,No,UAE Resident,Intermediate,Yes,0,Referral,Referred,2.5,3.6,Rejected
TLB0324,26,Male,British,Bachelor's,1,Finance,8,85.5,81.3,35.9,82.1,No,Tier 3,12600,Yes,UAE Resident,Fluent,No,7,LinkedIn,Not Referred,1.6,3.4,Hired
TLB0325,31,Female,Filipino,Bachelor's,280,Engineering,1,77.4,87.2,74.4,56.3,Yes,Tier 2,10700,No,UAE Resident,Fluent,Yes,3,Walk-in,Not Referred,2.8,2.6,Hired
TLB0326,43,Female,American,Bachelor's,71,Marketing,6,79.3,65.0,71.2,52.9,No,Startup,9900,Yes,UAE Resident,Intermediate,Yes,0,Referral,Referred,3.5,2.4,Rejected
TLB0327,37,Female,Pakistani,Master's,44,Marketing,9,50.9,52.2,71.8,79.8,No,Tier 3,8200,No,Work Visa,Intermediate,Yes,1,LinkedIn,Not Referred,2.2,2.6,Rejected
TLB0328,41,Male,American,Bachelor's,91,Computer Science,9,68.9,87.7,51.6,71.4,Yes,Tier 3,13500,Yes,UAE Resident,Intermediate,No,7,LinkedIn,Not Referred,4.4,2.0,Hired
TLB0329,26,Female,Pakistani,Bachelor's,509,Computer Science,3,37.5,87.9,45.2,73.2,No,Tier 2,7700,Yes,UAE Resident,Fluent,No,4,Company Website,Not Referred,1.6,2.8,Rejected
TLB0330,40,Male,Indian,Bachelor's,430,Marketing,0,86.0,72.8,74.9,55.7,Yes,Tier 2,13600,No,Work Visa,Fluent,Yes,1,LinkedIn,Not Referred,2.7,3.0,Hired
TLB0331,31,Female,Other,Bachelor's,791,Finance,1,55.7,89.5,84.4,73.9,Yes,Tier 1,9400,No,UAE Resident,Intermediate,Yes,6,Job Portal,Not Referred,2.2,3.8,Rejected
TLB0332,35,Male,Indian,PhD,171,Computer Science,7,57.7,71.9,69.9,49.7,Yes,Startup,10100,No,Work Visa,Native,Yes,2,Company Website,Not Referred,3.8,3.5,Hired
TLB0333,32,Female,Emirati,Bachelor's,565,Engineering,12,44.5,57.1,77.5,68.5,Yes,Tier 2,17500,Yes,Work Visa,Basic,Yes,0,LinkedIn,Not Referred,3.7,4.1,Hired
TLB0334,27,Female,Indian,Bachelor's,398,Finance,4,64.5,52.3,61.0,66.6,No,None,16300,Yes,UAE Resident,Basic,No,3,Company Website,Not Referred,3.0,3.2,Rejected
TLB0335,34,Male,Indian,Master's,188,Finance,2,61.0,52.1,71.3,66.7,No,Tier 2,7500,Yes,UAE Resident,Intermediate,No,6,LinkedIn,Not Referred,2.2,2.4,Hired
TLB0336,32,Female,Indian,Bachelor's,270,Logistics,13,92.3,68.1,82.9,75.9,Yes,Tier 3,8100,No,UAE Resident,Intermediate,Yes,2,LinkedIn,Not Referred,2.4,4.5,Rejected
TLB0337,20,Male,Pakistani,Bachelor's,187,Engineering,6,77.9,62.4,62.9,50.7,Yes,Tier 2,15500,Yes,UAE Resident,Fluent,No,1,Company Website,Not Referred,3.4,2.8,Hired
TLB0338,29,Female,Other,Bachelor's,351,Marketing,0,57.3,61.1,82.4,74.5,No,Startup,5500,Yes,Work Visa,Fluent,No,2,LinkedIn,Not Referred,2.7,1.9,Hired
TLB0339,35,Male,Indian,Bachelor's,497,Marketing,4,40.0,66.7,45.8,65.3,Yes,None,18500,Yes,Work Visa,Intermediate,Yes,6,Job Portal,Not Referred,2.8,3.3,Rejected
TLB0340,31,Female,Pakistani,Master's,226,Business,8,30.7,78.3,59.0,53.9,No,Tier 3,12600,Yes,Work Visa,Fluent,No,1,Company Website,Not Referred,3.1,1.8,Rejected
TLB0341,32,Male,Indian,Master's,469,Computer Science,4,49.6,61.4,74.1,46.5,No,Tier 2,9400,Yes,UAE Resident,Intermediate,No,3,LinkedIn,Not Referred,2.9,3.0,Hired
TLB0342,25,Female,British,Master's,554,Computer Science,7,45.0,59.4,91.7,91.4,Yes,Startup,12000,No,Citizen,Fluent,No,5,Walk-in,Not Referred,2.0,2.7,Rejected
TLB0343,31,Female,Indian,Master's,598,Logistics,0,70.2,62.2,67.2,64.0,No,Tier 2,18100,No,UAE Resident,Intermediate,No,0,Company Website,Not Referred,2.3,3.5,Hired
TLB0344,29,Female,Indian,Bachelor's,65,Business,0,62.8,79.1,53.6,60.0,Yes,Tier 3,3000,Yes,Citizen,Fluent,No,4,LinkedIn,Not Referred,2.3,3.9,Hired
TLB0345,28,Female,Pakistani,Bachelor's,290,Finance,2,65.3,67.2,91.4,49.0,No,Startup,16600,Yes,Visit Visa,Intermediate,No,6,Company Website,Not Referred,2.7,2.8,Hired
TLB0346,25,Female,Egyptian,Master's,441,Marketing,4,50.8,71.4,65.4,80.2,Yes,Tier 2,17400,No,UAE Resident,Fluent,No,4,Walk-in,Not Referred,3.3,2.8,Hired
TLB0347,35,Female,British,PhD,82,Engineering,6,67.3,86.6,75.6,79.2,No,Startup,10600,Yes,UAE Resident,Intermediate,No,1,Referral,Referred,3.2,3.7,Hired
TLB0348,32,Male,Filipino,Master's,38,Logistics,7,43.7,100.0,62.7,76.5,No,Startup,11700,No,UAE Resident,Basic,Yes,4,Referral,Referred,4.0,2.5,Hired
TLB0349,31,Female,British,Bachelor's,294,Finance,13,63.7,75.7,68.8,64.1,No,Tier 1,12600,Yes,Citizen,Fluent,Yes,7,Referral,Referred,2.2,3.2,Hired
TLB0350,42,Male,Indian,Master's,217,Computer Science,2,77.5,74.5,59.7,75.5,No,Tier 2,15300,Yes,UAE Resident,Fluent,No,1,LinkedIn,Not Referred,3.4,3.5,Hired
TLB0351,32,Female,Emirati,Master's,265,Hospitality,3,59.5,53.8,96.3,53.5,No,Tier 3,8700,Yes,Citizen,Native,No,1,LinkedIn,Not Referred,2.6,2.5,Hired
TLB0352,37,Male,Indian,Master's,205,Engineering,2,71.7,72.4,82.5,68.0,Yes,Startup,11900,Yes,Work Visa,Intermediate,No,4,Company Website,Not Referred,4.6,2.9,Rejected
TLB0353,31,Male,Emirati,Master's,731,Business,8,35.3,68.7,90.0,64.2,No,Tier 3,11600,Yes,UAE Resident,Intermediate,Yes,3,Job Portal,Not Referred,3.1,3.2,Rejected
TLB0354,27,Male,Indian,Bachelor's,207,Finance,8,34.1,78.7,56.7,68.7,Yes,Tier 3,15100,Yes,Work Visa,Intermediate,Yes,5,Job Portal,Not Referred,2.8,4.2,Hired
TLB0355,23,Male,Pakistani,Bachelor's,417,Finance,3,69.9,63.3,43.3,39.6,No,Tier 2,24000,Yes,UAE Resident,Native,No,4,LinkedIn,Not Referred,3.4,2.1,Rejected
TLB0356,31,Male,Indian,Bachelor's,403,Business,12,80.7,70.4,63.2,91.2,Yes,Tier 1,8700,No,UAE Resident,Native,No,0,Referral,Referred,3.3,3.0,Hired
TLB0357,20,Female,Filipino,Bachelor's,1,Other,2,61.4,75.3,99.7,87.7,No,Tier 1,12400,Yes,Citizen,Intermediate,No,5,LinkedIn,Not Referred,2.9,4.2,Hired
TLB0358,31,Female,Pakistani,PhD,593,Finance,8,97.2,90.8,62.8,48.9,Yes,Tier 2,8600,Yes,UAE Resident,Intermediate,Yes,7,Referral,Referred,3.6,3.9,Rejected
TLB0359,31,Male,Egyptian,Bachelor's,425,Marketing,10,43.3,86.8,80.7,73.1,Yes,Tier 1,9800,Yes,Citizen,Native,Yes,1,Company Website,Not Referred,4.3,2.9,Hired
TLB0360,28,Female,Egyptian,Bachelor's,331,Computer Science,0,54.8,83.2,53.7,44.2,No,Tier 1,7200,Yes,Citizen,Native,No,4,LinkedIn,Not Referred,3.8,3.0,Rejected
TLB0361,29,Female,Indian,Bachelor's,511,Business,7,67.1,76.7,56.2,66.2,No,Tier 3,5100,Yes,UAE Resident,Fluent,No,2,Job Portal,Not Referred,3.1,3.5,Rejected
TLB0362,22,Male,Indian,Master's,290,Engineering,0,72.0,62.8,66.0,34.3,No,Tier 3,17300,Yes,Work Visa,Intermediate,No,5,Referral,Referred,4.4,3.5,Hired
TLB0363,38,Male,Filipino,Bachelor's,476,Finance,7,56.2,76.7,94.4,60.9,Yes,Tier 1,13600,No,UAE Resident,Intermediate,Yes,4,Company Website,Not Referred,3.5,4.2,Rejected
TLB0364,27,Male,Filipino,Bachelor's,1,Marketing,1,49.1,58.7,81.3,58.2,No,Tier 3,12400,Yes,Work Visa,Intermediate,Yes,4,Job Portal,Not Referred,2.4,4.0,Rejected
TLB0365,24,Female,Indian,Master's,463,Hospitality,6,74.3,65.5,40.3,81.2,Yes,Tier 1,8100,Yes,Citizen,Intermediate,No,1,Company Website,Not Referred,3.2,2.0,Hired
TLB0366,33,Male,Indian,Bachelor's,336,Business,7,67.0,89.3,75.7,88.4,No,Tier 2,11700,Yes,Citizen,Intermediate,No,5,Job Portal,Not Referred,3.0,1.8,Rejected
TLB0367,30,Female,Egyptian,Bachelor's,339,Finance,8,59.8,74.5,52.1,88.7,Yes,None,6800,Yes,Citizen,Fluent,No,5,Job Portal,Not Referred,2.8,2.7,Rejected
TLB0368,27,Female,Filipino,Bachelor's,131,Logistics,8,72.5,70.7,58.1,81.2,No,Tier 3,11900,No,UAE Resident,Fluent,No,5,Company Website,Not Referred,3.4,1.6,Hired
TLB0369,27,Male,Indian,Bachelor's,256,Hospitality,5,63.0,72.3,73.6,66.2,Yes,Tier 1,13500,No,Work Visa,Fluent,No,1,LinkedIn,Not Referred,1.9,4.1,Rejected
TLB0370,29,Female,Pakistani,Master's,250,Hospitality,3,62.9,66.9,85.2,70.4,Yes,Tier 2,9600,Yes,UAE Resident,Basic,No,6,LinkedIn,Not Referred,4.3,1.9,Hired
TLB0371,38,Female,Other,Master's,72,Logistics,4,62.4,42.1,84.5,70.4,No,Startup,8600,Yes,Citizen,Intermediate,No,1,Job Portal,Not Referred,3.6,2.9,Rejected
TLB0372,32,Male,Emirati,High School,371,Computer Science,1,52.7,52.8,71.3,48.5,Yes,Tier 2,9800,No,UAE Resident,Fluent,No,1,LinkedIn,Not Referred,1.9,2.4,Rejected
TLB0373,29,Male,American,PhD,614,Finance,4,51.2,75.4,71.5,81.0,No,None,15700,No,UAE Resident,Intermediate,No,2,Walk-in,Not Referred,3.6,1.8,Hired
TLB0374,35,Male,Indian,Master's,15,Other,3,57.1,57.0,84.5,74.7,Yes,Tier 3,12900,No,UAE Resident,Fluent,No,1,Referral,Referred,3.5,4.0,Hired
TLB0375,30,Male,Pakistani,Bachelor's,398,Marketing,2,65.5,66.7,46.5,75.3,Yes,Tier 1,4800,No,UAE Resident,Fluent,No,2,Job Portal,Not Referred,4.2,2.6,Rejected
TLB0376,32,Male,Pakistani,Bachelor's,215,Business,0,36.9,53.3,90.8,33.1,Yes,Tier 3,15300,Yes,UAE Resident,Intermediate,No,1,Referral,Referred,4.4,4.6,Hired
TLB0377,30,Female,Emirati,Bachelor's,192,Other,0,79.2,59.4,57.4,71.3,Yes,Startup,14400,No,UAE Resident,Basic,No,0,Walk-in,Not Referred,4.5,4.2,Hired
TLB0378,33,Male,Other,Master's,314,Computer Science,0,65.3,67.9,70.4,79.1,Yes,Tier 3,12800,Yes,Citizen,Fluent,Yes,7,LinkedIn,Not Referred,3.0,3.1,Hired
TLB0379,27,Male,Pakistani,Bachelor's,317,Business,3,49.0,79.1,60.5,64.8,No,None,19400,Yes,Visit Visa,Fluent,Yes,5,Referral,Referred,3.6,1.4,Hired
TLB0380,23,Female,Other,Bachelor's,336,Computer Science,6,89.2,81.5,52.0,58.0,Yes,None,12100,No,UAE Resident,Basic,Yes,2,Job Portal,Not Referred,2.9,2.8,Hired
TLB0381,35,Male,Indian,Master's,73,Engineering,0,65.6,59.2,73.0,45.9,Yes,Tier 1,13900,No,Visit Visa,Intermediate,Yes,3,LinkedIn,Not Referred,3.9,4.9,Hired
TLB0382,39,Female,American,Master's,517,Engineering,5,45.0,71.7,70.1,44.9,Yes,Tier 1,14100,Yes,UAE Resident,Intermediate,Yes,2,LinkedIn,Not Referred,1.7,3.4,Hired
TLB0383,23,Female,Other,Master's,316,Engineering,4,88.6,50.9,65.6,67.2,No,Tier 2,15900,Yes,Visit Visa,Fluent,No,5,Job Portal,Not Referred,2.3,3.0,Hired
TLB0384,31,Male,Filipino,Master's,418,Other,0,85.3,68.7,65.0,61.7,Yes,Tier 3,11000,Yes,UAE Resident,Fluent,Yes,1,Job Portal,Not Referred,2.9,2.6,Rejected
TLB0385,27,Male,Indian,Bachelor's,542,Engineering,3,51.4,79.4,86.8,61.5,No,Tier 3,9100,No,Work Visa,Fluent,No,0,LinkedIn,Not Referred,3.2,3.8,Hired
TLB0386,35,Female,Egyptian,Master's,1,Marketing,8,60.2,67.2,95.5,86.4,No,Tier 2,16400,No,UAE Resident,Fluent,Yes,3,Company Website,Not Referred,3.3,3.4,Rejected
TLB0387,31,Female,Pakistani,Bachelor's,426,Logistics,1,58.1,83.8,83.3,47.4,Yes,None,16100,No,UAE Resident,Intermediate,Yes,1,LinkedIn,Not Referred,4.1,3.3,Rejected
TLB0388,49,Female,Other,Bachelor's,267,Logistics,5,36.7,78.0,70.6,60.2,No,Tier 2,17700,No,Work Visa,Intermediate,Yes,7,LinkedIn,Not Referred,2.7,4.0,Rejected
TLB0389,28,Male,Pakistani,PhD,503,Business,6,69.9,70.9,45.7,88.7,No,None,13900,No,Visit Visa,Intermediate,No,2,Company Website,Not Referred,2.3,4.0,Hired
TLB0390,39,Female,Indian,Bachelor's,139,Computer Science,2,77.7,65.0,75.2,60.6,No,None,4600,Yes,Visit Visa,Fluent,No,5,LinkedIn,Not Referred,2.9,3.4,Rejected
TLB0391,39,Female,Indian,Bachelor's,487,Finance,8,74.9,61.6,75.7,65.9,Yes,Tier 1,12700,Yes,UAE Resident,Fluent,Yes,3,Referral,Referred,2.8,1.8,Rejected
TLB0392,33,Male,Egyptian,Bachelor's,88,Logistics,6,65.5,50.5,77.0,62.5,No,Tier 2,12200,Yes,Work Visa,Intermediate,Yes,1,LinkedIn,Not Referred,3.6,2.3,Hired
TLB0393,30,Female,Other,Bachelor's,380,Marketing,4,79.1,52.5,52.2,74.9,No,Tier 2,17500,Yes,Visit Visa,Fluent,No,2,Job Portal,Not Referred,4.3,2.6,Rejected
TLB0394,30,Female,Emirati,Bachelor's,356,Business,13,48.0,79.9,78.1,36.2,Yes,None,16800,Yes,UAE Resident,Native,No,6,Company Website,Not Referred,4.2,3.1,Hired
TLB0395,30,Male,Egyptian,Bachelor's,268,Hospitality,8,92.3,86.2,87.3,62.2,No,Tier 2,14800,No,UAE Resident,Fluent,Yes,0,LinkedIn,Not Referred,4.0,4.3,Hired
TLB0396,36,Male,Other,Master's,93,Finance,0,53.4,55.0,54.2,65.8,No,None,3000,Yes,UAE Resident,Fluent,No,7,Walk-in,Not Referred,2.8,4.7,Hired
TLB0397,24,Female,Emirati,Master's,226,Marketing,3,55.1,68.8,75.9,51.0,No,Tier 3,8300,Yes,UAE Resident,Native,No,0,Job Portal,Not Referred,3.1,3.4,Hired
TLB0398,29,Male,Indian,Bachelor's,484,Logistics,13,56.4,49.1,56.4,69.8,No,Tier 3,10400,No,UAE Resident,Fluent,Yes,5,LinkedIn,Not Referred,3.5,3.5,Rejected
TLB0399,28,Male,Egyptian,Bachelor's,597,Hospitality,1,55.3,56.3,65.6,76.0,Yes,None,10500,No,UAE Resident,Intermediate,No,5,Walk-in,Not Referred,2.7,1.9,Rejected
TLB0400,20,Male,Filipino,Master's,690,Finance,5,62.1,71.1,54.7,71.3,No,Tier 3,12800,Yes,Work Visa,Native,No,4,LinkedIn,Not Referred,2.7,2.8,Rejected
TLB0401,35,Male,Emirati,Bachelor's,405,Finance,9,61.5,61.8,62.4,89.9,Yes,Startup,18700,Yes,Work Visa,Intermediate,Yes,0,LinkedIn,Not Referred,3.5,2.7,Hired
TLB0402,36,Female,American,Bachelor's,350,Finance,7,66.9,45.0,62.5,58.9,No,Tier 3,15500,No,Visit Visa,Intermediate,No,5,Referral,Referred,2.2,2.6,Rejected
TLB0403,26,Female,Pakistani,High School,389,Marketing,7,52.7,88.6,72.4,72.0,No,Tier 1,7900,Yes,Work Visa,Fluent,No,0,LinkedIn,Not Referred,4.0,3.6,Hired
TLB0404,36,Male,Other,Bachelor's,685,Engineering,7,67.5,67.4,78.6,71.7,No,Tier 1,8300,Yes,UAE Resident,Fluent,Yes,5,Company Website,Not Referred,2.9,2.7,Hired
TLB0405,20,Female,American,Bachelor's,404,Finance,5,48.6,54.7,82.8,61.7,Yes,Tier 2,7900,No,Citizen,Native,Yes,6,Company Website,Not Referred,3.6,1.6,Hired
TLB0406,30,Female,British,Master's,317,Finance,2,76.0,69.5,58.5,80.9,Yes,Startup,11500,Yes,Work Visa,Native,No,6,Job Portal,Not Referred,3.3,3.8,Hired
TLB0407,29,Male,Pakistani,PhD,244,Engineering,6,75.8,67.0,71.7,69.0,No,Tier 2,15600,Yes,Work Visa,Fluent,No,3,LinkedIn,Not Referred,4.1,4.1,Rejected
TLB0408,30,Female,Indian,Bachelor's,268,Computer Science,3,64.9,73.1,52.7,48.2,Yes,Tier 3,16300,Yes,UAE Resident,Basic,No,5,LinkedIn,Not Referred,1.7,3.3,Hired
TLB0409,30,Male,Pakistani,Master's,377,Finance,3,55.3,63.9,65.6,75.5,Yes,Tier 1,10300,No,Work Visa,Fluent,No,1,Referral,Referred,4.1,3.0,Hired
TLB0410,29,Female,Indian,Bachelor's,149,Finance,10,69.7,71.8,67.6,58.0,No,Tier 3,11900,No,Work Visa,Fluent,Yes,4,LinkedIn,Not Referred,4.1,2.4,Hired
TLB0411,27,Female,Egyptian,High School,174,Business,3,51.7,79.3,55.0,60.5,Yes,None,19500,Yes,Work Visa,Basic,Yes,5,Walk-in,Not Referred,3.4,2.4,Hired
TLB0412,29,Female,Indian,Master's,287,Business,10,65.5,52.2,74.3,61.5,No,Tier 3,5300,Yes,Visit Visa,Intermediate,Yes,1,Job Portal,Not Referred,3.6,4.0,Hired
TLB0413,38,Male,Pakistani,Bachelor's,209,Business,5,62.7,59.7,65.0,75.3,No,None,14900,Yes,Citizen,Intermediate,No,6,Job Portal,Not Referred,3.6,2.5,Rejected
TLB0414,26,Female,Emirati,PhD,419,Other,4,100.0,78.1,69.0,80.1,No,Tier 1,14400,No,Citizen,Fluent,Yes,2,Job Portal,Not Referred,2.6,4.7,Rejected
TLB0415,43,Male,Indian,Bachelor's,434,Logistics,0,46.6,61.4,82.9,62.8,Yes,Tier 1,10700,Yes,Work Visa,Intermediate,No,7,LinkedIn,Not Referred,3.2,3.9,Rejected
TLB0416,26,Male,Indian,Bachelor's,352,Marketing,12,25.0,67.0,61.4,62.0,Yes,Tier 3,11900,No,Citizen,Intermediate,No,0,LinkedIn,Not Referred,3.8,3.4,Hired
TLB0417,31,Male,Filipino,Bachelor's,397,Engineering,4,55.4,62.4,78.1,36.3,Yes,Tier 2,13900,No,Citizen,Intermediate,Yes,1,Referral,Referred,1.9,5.0,Rejected
TLB0418,33,Female,British,Bachelor's,323,Hospitality,0,39.3,63.1,85.8,55.1,Yes,Startup,10700,Yes,UAE Resident,Intermediate,Yes,5,Job Portal,Not Referred,3.5,4.1,Hired
TLB0419,28,Male,Emirati,Master's,1,Marketing,8,54.1,62.1,85.0,51.7,No,Startup,9100,Yes,Work Visa,Fluent,No,1,Referral,Referred,3.3,2.8,Hired
TLB0420,38,Female,American,Master's,124,Other,4,45.5,52.9,64.6,69.4,Yes,Tier 1,8800,Yes,UAE Resident,Basic,Yes,7,LinkedIn,Not Referred,3.6,2.3,Rejected
TLB0421,33,Female,American,Bachelor's,441,Computer Science,1,51.4,73.5,54.4,63.5,No,None,20400,Yes,UAE Resident,Basic,No,7,Company Website,Not Referred,2.3,2.8,Rejected
TLB0422,28,Male,Indian,Bachelor's,132,Computer Science,8,49.0,80.7,57.8,52.3,Yes,Tier 1,10000,No,UAE Resident,Intermediate,No,0,LinkedIn,Not Referred,2.7,3.0,Hired
TLB0423,38,Male,Egyptian,Master's,471,Marketing,0,79.4,65.9,46.4,67.1,No,Startup,12900,Yes,UAE Resident,Fluent,No,6,Company Website,Not Referred,2.2,2.5,Hired
TLB0424,23,Male,Pakistani,Master's,482,Business,2,64.3,79.4,75.9,64.1,Yes,Tier 2,15500,No,UAE Resident,Intermediate,Yes,3,LinkedIn,Not Referred,2.2,2.2,Hired
TLB0425,26,Female,Indian,Bachelor's,246,Marketing,3,81.1,62.1,76.7,29.4,No,Startup,11000,Yes,UAE Resident,Fluent,No,6,Company Website,Not Referred,3.8,3.3,Hired
TLB0426,33,Female,Pakistani,High School,181,Hospitality,7,65.6,61.4,68.5,80.5,No,Tier 1,12200,Yes,UAE Resident,Intermediate,No,5,Referral,Referred,2.8,3.8,Rejected
TLB0427,34,Male,Emirati,Bachelor's,301,Computer Science,12,78.9,72.9,49.1,79.2,Yes,None,14300,Yes,Work Visa,Native,Yes,2,Job Portal,Not Referred,2.7,4.6,Hired
TLB0428,31,Female,American,Bachelor's,291,Engineering,4,60.5,73.1,62.3,61.7,No,None,8200,No,Citizen,Intermediate,Yes,0,Job Portal,Not Referred,4.0,3.2,Hired
TLB0429,29,Male,Other,Bachelor's,425,Finance,6,88.9,66.6,84.9,69.9,Yes,Tier 3,5100,No,Citizen,Basic,No,2,LinkedIn,Not Referred,3.0,3.6,Hired
TLB0430,28,Female,British,Bachelor's,1,Logistics,14,72.1,76.1,74.9,60.4,Yes,Tier 3,8700,Yes,UAE Resident,Native,No,3,Job Portal,Not Referred,3.9,1.6,Hired
TLB0431,36,Female,Filipino,Bachelor's,153,Engineering,5,53.3,52.6,77.2,42.5,No,Tier 3,19800,No,UAE Resident,Intermediate,No,4,Job Portal,Not Referred,2.5,3.8,Hired
TLB0432,31,Female,Filipino,Bachelor's,97,Business,6,74.3,64.4,100.0,95.3,Yes,Tier 3,9400,Yes,Citizen,Intermediate,Yes,6,Company Website,Not Referred,3.0,2.3,Hired
TLB0433,24,Female,Other,Bachelor's,1,Marketing,0,65.4,79.6,71.3,75.5,Yes,Tier 3,12600,Yes,UAE Resident,Native,No,6,Walk-in,Not Referred,2.6,3.3,Hired
TLB0434,24,Female,Indian,Master's,201,Engineering,11,62.0,79.5,38.9,78.2,Yes,Tier 3,6000,Yes,Citizen,Fluent,Yes,2,Job Portal,Not Referred,3.6,3.1,Hired
TLB0435,39,Male,Emirati,Bachelor's,1,Hospitality,2,66.4,78.0,52.7,61.0,No,None,18000,Yes,Work Visa,Fluent,Yes,1,LinkedIn,Not Referred,3.1,2.9,Hired
TLB0436,25,Male,Filipino,Bachelor's,222,Marketing,5,76.3,80.2,71.0,80.8,No,Tier 3,10600,No,Work Visa,Intermediate,No,5,Referral,Referred,3.7,1.9,Hired
TLB0437,31,Male,Indian,Bachelor's,202,Business,5,33.2,63.5,67.2,45.8,Yes,Tier 2,10000,Yes,UAE Resident,Fluent,No,5,Referral,Referred,3.3,2.5,Hired
TLB0438,38,Male,Indian,Bachelor's,390,Hospitality,5,59.7,47.5,64.8,61.6,Yes,None,11400,No,UAE Resident,Native,Yes,4,Company Website,Not Referred,1.8,2.3,Hired
TLB0439,33,Female,Emirati,Master's,249,Marketing,3,75.2,64.9,65.0,75.4,Yes,Tier 2,23300,No,Work Visa,Fluent,No,4,Walk-in,Not Referred,3.0,2.6,Rejected
TLB0440,25,Female,Filipino,Bachelor's,1,Computer Science,5,68.7,75.6,56.8,56.2,No,Tier 2,14000,Yes,UAE Resident,Fluent,Yes,5,Company Website,Not Referred,2.1,4.0,Rejected
TLB0441,23,Female,Indian,Bachelor's,369,Marketing,11,48.1,77.6,71.9,77.7,Yes,None,11300,No,Visit Visa,Native,Yes,3,Referral,Referred,3.4,2.8,Hired
TLB0442,41,Male,Indian,Master's,783,Other,12,29.5,61.7,85.1,69.3,Yes,Tier 2,3000,No,Work Visa,Intermediate,Yes,1,Walk-in,Not Referred,3.6,2.6,Hired
TLB0443,23,Female,Emirati,Master's,515,Finance,4,90.5,56.4,89.5,67.9,No,Tier 1,18100,Yes,UAE Resident,Native,No,6,Job Portal,Not Referred,3.7,3.6,Hired
TLB0444,26,Male,Indian,Master's,435,Business,3,62.2,57.6,89.2,54.9,Yes,Tier 3,8900,Yes,UAE Resident,Intermediate,No,1,LinkedIn,Not Referred,3.1,3.4,Hired
TLB0445,32,Male,American,Bachelor's,260,Finance,2,87.7,61.5,54.6,70.7,Yes,None,8200,Yes,UAE Resident,Intermediate,No,0,Walk-in,Not Referred,2.1,4.7,Hired
TLB0446,28,Female,Indian,Bachelor's,201,Business,14,76.9,45.2,66.7,92.1,No,Tier 1,8600,Yes,UAE Resident,Intermediate,Yes,0,Referral,Referred,3.3,3.9,Hired
TLB0447,33,Female,Egyptian,Master's,187,Marketing,5,53.1,61.7,62.9,67.5,No,Tier 3,18600,No,Work Visa,Fluent,No,3,Company Website,Not Referred,3.5,1.5,Rejected
TLB0448,21,Female,Egyptian,Bachelor's,348,Marketing,8,27.5,68.6,74.7,72.8,Yes,Tier 1,11800,Yes,Work Visa,Intermediate,No,3,Referral,Referred,3.1,3.7,Rejected
TLB0449,28,Male,Indian,Master's,72,Business,7,58.1,66.8,65.9,74.8,No,Tier 3,5200,Yes,Visit Visa,Intermediate,No,4,Walk-in,Not Referred,3.3,3.6,Hired
TLB0450,34,Female,British,Master's,344,Business,12,64.4,64.0,64.1,49.0,No,Tier 2,11100,Yes,UAE Resident,Fluent,No,1,LinkedIn,Not Referred,1.9,4.4,Rejected
TLB0451,34,Male,Egyptian,Bachelor's,167,Other,4,71.8,59.7,85.9,63.1,No,Tier 1,8300,Yes,UAE Resident,Native,No,3,Referral,Referred,3.2,2.9,Hired
TLB0452,26,Female,Filipino,Bachelor's,1,Business,1,48.3,61.1,68.3,62.7,No,None,13600,No,Visit Visa,Native,No,5,Company Website,Not Referred,3.1,4.0,Hired
TLB0453,23,Female,Emirati,Bachelor's,164,Logistics,11,67.7,61.3,68.6,35.3,Yes,Tier 3,10300,No,Work Visa,Intermediate,Yes,2,Job Portal,Not Referred,2.4,2.8,Hired
TLB0454,31,Male,Emirati,Bachelor's,550,Finance,8,67.7,76.5,72.4,76.0,No,None,4900,No,Work Visa,Fluent,No,4,LinkedIn,Not Referred,3.6,3.3,Hired
TLB0455,22,Male,Other,Master's,327,Marketing,6,79.8,68.0,75.8,52.0,Yes,None,11600,Yes,Work Visa,Basic,No,2,LinkedIn,Not Referred,2.9,2.3,Hired
TLB0456,37,Male,British,Master's,1,Computer Science,10,60.4,100.0,75.9,74.5,Yes,None,11700,No,Citizen,Intermediate,Yes,6,Walk-in,Not Referred,3.4,2.0,Hired
TLB0457,30,Female,Other,Bachelor's,165,Business,6,71.6,64.0,87.2,54.4,Yes,Startup,6400,No,UAE Resident,Intermediate,Yes,3,Job Portal,Not Referred,3.5,3.8,Hired
TLB0458,25,Male,Other,Master's,480,Computer Science,10,69.3,73.3,50.3,93.6,No,Tier 2,3200,No,UAE Resident,Basic,No,6,Referral,Referred,3.4,3.1,Rejected
TLB0459,23,Female,Emirati,Bachelor's,240,Marketing,5,78.1,64.3,71.2,61.1,No,None,13300,No,Visit Visa,Intermediate,No,2,Referral,Referred,2.3,2.1,Hired
TLB0460,26,Female,British,Master's,404,Other,8,52.7,64.0,65.7,91.9,No,Tier 3,10700,No,UAE Resident,Native,Yes,2,Referral,Referred,2.9,3.8,Hired
TLB0461,20,Male,Pakistani,Bachelor's,220,Logistics,6,20.0,86.7,63.1,62.6,No,Tier 2,11000,No,Visit Visa,Native,Yes,6,Company Website,Not Referred,4.7,1.0,Rejected
TLB0462,32,Male,British,Master's,336,Computer Science,3,61.4,80.0,76.9,64.3,Yes,Tier 2,15400,Yes,UAE Resident,Intermediate,Yes,2,Company Website,Not Referred,4.2,2.5,Hired
TLB0463,25,Female,Emirati,Master's,307,Business,4,61.5,46.9,83.9,86.9,Yes,Tier 2,3300,Yes,UAE Resident,Fluent,No,5,Job Portal,Not Referred,3.8,1.8,Rejected
TLB0464,32,Male,Indian,Bachelor's,170,Computer Science,3,47.6,55.7,59.3,52.2,Yes,Tier 3,12300,No,UAE Resident,Basic,Yes,0,LinkedIn,Not Referred,3.4,4.1,Rejected
TLB0465,33,Male,Egyptian,Bachelor's,414,Other,5,42.4,66.4,88.9,65.7,Yes,Startup,15000,Yes,Visit Visa,Native,No,6,Job Portal,Not Referred,2.5,2.8,Rejected
TLB0466,35,Female,British,Master's,606,Business,3,56.4,61.8,48.4,72.6,No,Tier 3,11200,No,Visit Visa,Fluent,No,6,LinkedIn,Not Referred,3.1,3.2,Hired
TLB0467,31,Female,Filipino,Bachelor's,376,Business,6,63.3,49.9,74.7,70.7,Yes,Tier 2,5600,No,UAE Resident,Intermediate,Yes,4,Job Portal,Not Referred,2.9,3.3,Rejected
TLB0468,36,Female,Indian,Master's,320,Finance,6,66.4,69.4,55.4,65.6,No,Tier 1,9000,No,UAE Resident,Intermediate,No,3,LinkedIn,Not Referred,3.1,3.7,Hired
TLB0469,38,Male,Indian,PhD,131,Marketing,5,30.7,45.5,58.7,63.7,Yes,None,10000,Yes,UAE Resident,Intermediate,Yes,2,LinkedIn,Not Referred,2.2,3.7,Hired
TLB0470,31,Male,Other,Master's,487,Business,5,38.7,69.5,67.8,76.9,Yes,Tier 3,4900,No,UAE Resident,Native,No,2,LinkedIn,Not Referred,3.9,3.7,Rejected
TLB0471,31,Male,Pakistani,Bachelor's,197,Finance,3,81.9,76.8,61.8,67.5,Yes,Tier 3,13700,Yes,Work Visa,Fluent,No,2,LinkedIn,Not Referred,1.3,2.9,Rejected
TLB0472,26,Male,Pakistani,Bachelor's,412,Computer Science,4,62.2,78.5,29.8,78.5,No,Startup,12000,No,UAE Resident,Intermediate,No,5,Referral,Referred,3.8,3.8,Rejected
TLB0473,24,Male,Filipino,PhD,452,Computer Science,0,65.0,66.3,74.9,70.5,Yes,None,9100,Yes,UAE Resident,Basic,Yes,1,Company Website,Not Referred,3.8,2.6,Rejected
TLB0474,37,Male,Pakistani,Bachelor's,497,Computer Science,4,45.0,86.1,77.1,74.1,Yes,Tier 3,16400,No,UAE Resident,Fluent,No,2,Job Portal,Not Referred,4.8,2.8,Rejected
TLB0475,33,Male,Filipino,Bachelor's,501,Engineering,1,64.9,72.0,64.9,80.9,Yes,Tier 3,9700,No,Work Visa,Intermediate,No,3,Company Website,Not Referred,3.0,1.9,Hired
TLB0476,34,Male,Pakistani,High School,493,Other,5,59.4,78.1,63.9,60.7,Yes,Tier 2,18700,No,Work Visa,Native,Yes,3,Company Website,Not Referred,2.8,4.4,Hired
TLB0477,26,Male,British,Master's,48,Marketing,2,55.7,59.2,62.2,80.5,No,None,10800,Yes,Work Visa,Intermediate,No,2,Referral,Referred,3.3,2.3,Rejected
TLB0478,39,Female,Other,Bachelor's,128,Hospitality,0,43.1,86.3,44.8,62.8,No,Tier 3,7700,No,Work Visa,Native,Yes,3,Job Portal,Not Referred,3.6,4.2,Hired
TLB0479,28,Female,Other,Bachelor's,25,Business,12,52.0,68.0,43.4,45.4,Yes,Startup,7800,Yes,Citizen,Basic,No,6,LinkedIn,Not Referred,3.1,3.5,Hired
TLB0480,25,Male,Filipino,Bachelor's,12,Finance,4,94.6,86.9,77.4,60.4,Yes,Tier 1,12400,Yes,UAE Resident,Native,No,2,Referral,Referred,2.4,3.3,Hired
TLB0481,26,Male,Pakistani,Master's,605,Other,10,59.8,84.3,80.8,54.9,No,Tier 3,7200,Yes,Citizen,Intermediate,No,1,LinkedIn,Not Referred,3.6,3.4,Hired
TLB0482,39,Male,Egyptian,Bachelor's,102,Business,3,76.8,71.1,74.8,70.3,Yes,Tier 2,12600,No,Work Visa,Intermediate,Yes,6,LinkedIn,Not Referred,3.2,2.2,Rejected
TLB0483,23,Female,American,Master's,74,Other,10,62.1,72.9,71.9,61.0,Yes,Tier 3,10200,No,UAE Resident,Fluent,Yes,2,Company Website,Not Referred,2.5,4.4,Hired
TLB0484,25,Male,Filipino,Master's,288,Finance,0,60.3,65.8,77.2,66.8,Yes,Startup,10100,No,Visit Visa,Fluent,No,5,LinkedIn,Not Referred,2.1,2.8,Rejected
TLB0485,47,Male,Egyptian,PhD,150,Hospitality,5,55.5,58.2,76.3,79.2,No,Startup,11800,Yes,Work Visa,Intermediate,No,7,LinkedIn,Not Referred,4.9,3.9,Hired
TLB0486,35,Male,Egyptian,Master's,752,Business,1,85.2,75.1,56.8,85.8,No,Tier 2,16500,Yes,Work Visa,Intermediate,No,4,Job Portal,Not Referred,3.8,2.7,Rejected
TLB0487,25,Male,Egyptian,Bachelor's,245,Finance,14,70.6,74.5,69.9,69.1,Yes,None,9600,Yes,UAE Resident,Intermediate,Yes,4,LinkedIn,Not Referred,3.6,2.0,Rejected
TLB0488,23,Male,Egyptian,Master's,389,Marketing,4,53.2,48.6,63.2,80.2,Yes,Tier 2,12800,Yes,UAE Resident,Intermediate,No,5,Company Website,Not Referred,3.1,4.7,Rejected
TLB0489,20,Male,Indian,High School,143,Other,7,59.1,67.0,63.3,62.5,No,Tier 3,14000,No,Citizen,Fluent,Yes,1,Referral,Referred,3.7,2.6,Hired
TLB0490,30,Male,Pakistani,PhD,1,Other,6,81.1,78.4,81.8,43.1,Yes,Tier 2,6600,Yes,UAE Resident,Basic,No,0,Job Portal,Not Referred,2.5,3.5,Hired
TLB0491,34,Female,Filipino,Bachelor's,154,Engineering,4,22.4,85.6,87.5,48.5,Yes,Tier 2,14400,No,UAE Resident,Fluent,Yes,1,Job Portal,Not Referred,3.3,1.0,Hired
TLB0492,39,Female,Emirati,Master's,156,Other,6,69.7,76.7,36.5,62.3,Yes,None,15700,Yes,UAE Resident,Intermediate,No,3,LinkedIn,Not Referred,3.4,3.0,Hired
TLB0493,20,Female,American,Master's,155,Logistics,9,73.1,49.8,63.7,76.1,Yes,Tier 1,16300,Yes,UAE Resident,Basic,No,6,Job Portal,Not Referred,2.5,3.6,Hired
TLB0494,22,Male,Filipino,Bachelor's,1,Marketing,7,53.8,55.3,63.0,62.3,Yes,None,7000,Yes,Visit Visa,Basic,Yes,4,Referral,Referred,3.1,3.2,Hired
TLB0495,29,Female,Indian,Master's,327,Computer Science,5,67.3,63.8,82.1,81.6,Yes,Tier 2,7300,Yes,Work Visa,Fluent,No,6,LinkedIn,Not Referred,2.9,3.0,Rejected
TLB0496,46,Male,British,High School,232,Computer Science,6,72.5,84.8,48.1,90.6,No,Startup,11800,No,Citizen,Fluent,No,3,Company Website,Not Referred,2.7,2.9,Rejected
TLB0497,35,Male,Egyptian,Bachelor's,1,Computer Science,11,46.5,60.7,28.1,52.6,Yes,Tier 1,11500,No,UAE Resident,Intermediate,Yes,6,Job Portal,Not Referred,2.8,3.8,Rejected
TLB0498,32,Female,Egyptian,Bachelor's,321,Computer Science,3,77.6,80.7,77.7,94.7,No,Tier 3,12100,No,UAE Resident,Fluent,Yes,5,Referral,Referred,2.0,2.1,Rejected
TLB0499,22,Male,Indian,Bachelor's,452,Other,0,69.5,60.5,79.5,42.1,No,None,10400,Yes,UAE Resident,Intermediate,Yes,0,Referral,Referred,3.9,2.9,Hired
TLB0500,20,Male,American,Bachelor's,539,Business,1,62.7,74.4,43.8,90.9,No,Tier 3,12800,Yes,UAE Resident,Fluent,Yes,4,LinkedIn,Not Referred,4.3,4.2,Rejected
TLB0501,30,Female,Pakistani,Master's,1,Finance,1,66.6,56.7,65.4,64.5,No,Tier 2,3000,Yes,Work Visa,Fluent,No,5,Company Website,Not Referred,2.6,1.9,Hired
TLB0502,29,Female,Filipino,Bachelor's,153,Finance,1,75.6,65.7,86.9,61.7,No,Startup,15000,No,UAE Resident,Fluent,Yes,3,Walk-in,Not Referred,4.0,3.0,Hired
TLB0503,28,Female,Emirati,Bachelor's,25,Finance,2,99.7,54.4,53.0,64.9,Yes,Startup,18600,No,UAE Resident,Intermediate,No,6,Referral,Referred,3.2,2.2,Rejected
TLB0504,27,Male,Filipino,Master's,169,Business,4,74.1,85.3,68.3,53.8,Yes,Tier 1,9500,No,Citizen,Intermediate,Yes,3,Walk-in,Not Referred,3.2,3.3,Hired
TLB0505,25,Male,Egyptian,Master's,577,Marketing,5,77.2,59.7,73.6,86.0,Yes,Startup,12900,Yes,Work Visa,Fluent,No,5,LinkedIn,Not Referred,2.3,3.1,Rejected
TLB0506,24,Female,Filipino,High School,154,Finance,5,67.9,49.4,48.4,55.3,No,Startup,19600,No,UAE Resident,Native,Yes,5,Job Portal,Not Referred,2.8,2.3,Hired
TLB0507,38,Male,Pakistani,PhD,204,Marketing,2,93.5,48.5,59.7,57.1,Yes,Startup,12200,No,Work Visa,Fluent,No,1,Walk-in,Not Referred,3.6,3.1,Hired
TLB0508,24,Female,British,High School,134,Business,8,43.0,67.0,45.0,45.7,Yes,Tier 2,13400,Yes,Work Visa,Intermediate,No,0,Company Website,Not Referred,2.5,3.2,Hired
TLB0509,28,Male,Egyptian,Bachelor's,625,Finance,6,38.9,62.5,64.9,54.8,Yes,Tier 3,20300,Yes,Citizen,Intermediate,Yes,7,LinkedIn,Not Referred,2.7,2.6,Rejected
TLB0510,29,Male,Indian,Bachelor's,1,Computer Science,10,67.3,75.8,56.7,55.2,Yes,None,21200,Yes,Work Visa,Intermediate,No,6,Referral,Referred,2.8,2.8,Hired
TLB0511,34,Male,Other,Master's,188,Marketing,7,74.9,65.2,69.7,54.3,Yes,Tier 3,7200,Yes,UAE Resident,Basic,Yes,7,LinkedIn,Not Referred,1.0,2.6,Rejected
TLB0512,24,Female,Egyptian,Bachelor's,126,Engineering,3,26.4,82.0,75.3,62.5,No,Tier 3,10100,Yes,UAE Resident,Fluent,No,0,Company Website,Not Referred,3.4,1.3,Hired
TLB0513,35,Male,Other,Bachelor's,1,Business,9,64.9,63.4,85.1,49.4,No,None,16000,No,UAE Resident,Intermediate,Yes,5,Walk-in,Not Referred,3.6,3.8,Rejected
TLB0514,26,Male,Other,Master's,520,Logistics,5,62.3,80.3,97.3,87.3,No,Tier 2,14200,Yes,Work Visa,Fluent,Yes,1,Referral,Referred,3.5,4.1,Hired
TLB0515,29,Male,Other,Bachelor's,1,Computer Science,7,76.2,56.6,69.7,62.9,No,Tier 2,15200,No,Work Visa,Intermediate,No,3,LinkedIn,Not Referred,3.9,1.7,Hired
TLB0516,39,Male,Egyptian,Bachelor's,208,Other,7,71.4,50.0,62.9,70.2,Yes,Startup,3000,Yes,Work Visa,Fluent,Yes,6,LinkedIn,Not Referred,2.9,4.1,Rejected
TLB0517,24,Male,Filipino,Master's,284,Logistics,4,37.9,58.1,62.1,77.1,Yes,Startup,3200,Yes,Work Visa,Intermediate,Yes,2,Company Website,Not Referred,4.5,3.4,Hired
TLB0518,34,Female,Indian,Master's,149,Engineering,5,48.8,54.5,54.5,93.3,Yes,None,20000,No,UAE Resident,Intermediate,Yes,2,Company Website,Not Referred,2.6,2.2,Rejected
TLB0519,36,Male,Pakistani,Bachelor's,1,Business,4,52.9,53.1,72.8,77.7,No,Startup,15500,Yes,UAE Resident,Fluent,No,3,LinkedIn,Not Referred,3.0,2.9,Rejected
TLB0520,31,Female,Egyptian,Bachelor's,266,Computer Science,2,76.1,73.0,60.6,61.5,Yes,Tier 2,13600,Yes,UAE Resident,Intermediate,No,3,Job Portal,Not Referred,3.0,2.5,Hired
TLB0521,29,Female,Pakistani,PhD,147,Other,0,70.6,64.8,73.7,50.0,Yes,Tier 2,6400,No,UAE Resident,Intermediate,Yes,0,LinkedIn,Not Referred,3.3,3.8,Rejected
TLB0522,42,Male,American,Bachelor's,461,Finance,2,55.7,69.7,54.9,69.7,Yes,Tier 1,10100,Yes,Work Visa,Basic,No,2,Company Website,Not Referred,3.0,2.4,Hired
TLB0523,29,Male,Indian,High School,403,Computer Science,5,67.2,74.3,60.9,79.9,Yes,None,14600,Yes,Citizen,Fluent,No,6,Referral,Referred,3.1,4.8,Rejected
TLB0524,31,Female,Indian,Bachelor's,688,Marketing,8,49.1,47.8,72.6,67.0,Yes,Tier 1,5800,Yes,UAE Resident,Basic,No,0,LinkedIn,Not Referred,2.7,4.0,Hired
TLB0525,27,Male,Pakistani,Bachelor's,321,Computer Science,7,95.7,74.8,65.4,65.9,No,Tier 3,8800,Yes,Work Visa,Intermediate,No,2,Company Website,Not Referred,2.9,2.1,Hired
TLB0526,30,Male,Pakistani,PhD,417,Marketing,4,73.6,53.5,42.0,68.0,Yes,Tier 3,13700,No,UAE Resident,Intermediate,Yes,4,Company Website,Not Referred,1.6,4.4,Rejected
TLB0527,35,Female,Indian,Bachelor's,228,Engineering,2,76.8,61.1,66.8,38.8,No,Tier 1,14700,Yes,Work Visa,Fluent,Yes,3,Referral,Referred,3.8,3.7,Rejected
TLB0528,28,Female,Indian,High School,642,Computer Science,4,85.7,45.3,56.6,67.1,No,Tier 2,9600,Yes,UAE Resident,Intermediate,No,5,Job Portal,Not Referred,2.5,3.0,Rejected
TLB0529,20,Female,American,Bachelor's,302,Logistics,1,80.2,75.9,82.4,75.3,No,Tier 3,16400,No,Work Visa,Intermediate,No,2,Company Website,Not Referred,2.9,3.6,Hired
TLB0530,33,Male,Pakistani,Bachelor's,279,Business,0,65.5,47.7,79.6,64.4,Yes,Tier 1,16300,No,UAE Resident,Intermediate,No,1,LinkedIn,Not Referred,2.5,3.8,Hired
TLB0531,23,Female,Emirati,Bachelor's,408,Marketing,0,62.2,53.6,37.3,80.7,Yes,None,3900,Yes,UAE Resident,Basic,No,7,Walk-in,Not Referred,3.6,2.5,Hired
TLB0532,34,Female,Emirati,PhD,171,Finance,9,84.3,54.5,77.4,81.2,Yes,None,19400,No,Work Visa,Fluent,No,6,Walk-in,Not Referred,2.8,3.8,Hired
TLB0533,29,Male,Pakistani,Master's,200,Other,11,65.4,66.5,72.1,57.9,No,Tier 1,17200,Yes,UAE Resident,Intermediate,No,2,LinkedIn,Not Referred,1.5,2.8,Rejected
TLB0534,35,Female,Indian,High School,407,Engineering,7,53.8,66.1,47.7,71.2,Yes,None,12900,Yes,UAE Resident,Fluent,No,0,Walk-in,Not Referred,3.4,3.8,Rejected
TLB0535,24,Male,Egyptian,Bachelor's,446,Other,4,94.5,77.7,78.4,65.6,Yes,Tier 2,11400,No,UAE Resident,Fluent,Yes,3,Job Portal,Not Referred,2.7,3.0,Hired
TLB0536,26,Male,British,Bachelor's,419,Business,0,51.0,66.7,50.4,36.6,Yes,Tier 1,15600,Yes,Citizen,Fluent,No,6,LinkedIn,Not Referred,3.2,2.3,Rejected
TLB0537,27,Male,Indian,Bachelor's,283,Logistics,4,39.0,79.6,81.9,62.4,Yes,Tier 2,14400,Yes,UAE Resident,Fluent,Yes,4,Company Website,Not Referred,3.8,3.6,Rejected
TLB0538,21,Male,Filipino,Bachelor's,354,Business,7,79.9,72.6,58.6,50.6,Yes,None,10800,Yes,Work Visa,Fluent,No,5,LinkedIn,Not Referred,2.5,2.8,Hired
TLB0539,36,Male,Indian,Bachelor's,492,Finance,7,54.0,56.7,47.3,66.9,Yes,Startup,19200,Yes,Citizen,Native,No,4,Company Website,Not Referred,3.2,3.2,Hired
TLB0540,20,Female,Indian,Master's,81,Computer Science,7,71.5,60.0,94.6,74.6,Yes,Tier 2,3000,No,Work Visa,Native,No,7,Walk-in,Not Referred,2.7,3.4,Hired
TLB0541,36,Female,Other,Master's,300,Other,9,92.3,86.1,46.9,62.0,No,Startup,9000,No,UAE Resident,Intermediate,No,0,Referral,Referred,3.9,4.3,Hired
TLB0542,32,Male,Pakistani,Bachelor's,1,Other,11,44.4,82.7,56.5,52.4,No,Startup,14000,Yes,Work Visa,Fluent,Yes,6,Company Website,Not Referred,3.3,2.8,Hired
TLB0543,28,Female,Other,Master's,448,Engineering,3,64.4,77.9,59.1,68.3,Yes,Startup,11800,No,UAE Resident,Native,Yes,7,LinkedIn,Not Referred,3.2,2.4,Hired
TLB0544,32,Female,Indian,Bachelor's,143,Marketing,14,87.3,79.5,61.1,99.2,No,Tier 3,15100,Yes,Work Visa,Native,No,6,Company Website,Not Referred,2.3,4.4,Rejected
TLB0545,31,Male,Indian,Bachelor's,148,Marketing,0,75.2,73.6,76.1,34.6,No,None,5700,Yes,UAE Resident,Fluent,Yes,2,Job Portal,Not Referred,3.7,3.1,Hired
TLB0546,27,Male,Pakistani,Master's,275,Business,2,62.3,72.0,67.8,68.3,Yes,Tier 3,10900,Yes,Visit Visa,Native,Yes,7,LinkedIn,Not Referred,3.8,2.7,Hired
TLB0547,31,Male,Pakistani,High School,423,Finance,5,100.0,68.6,80.1,57.4,No,Tier 1,17200,No,Visit Visa,Basic,Yes,7,Company Website,Not Referred,2.7,3.4,Rejected
TLB0548,34,Male,Other,Bachelor's,778,Finance,6,63.6,88.4,71.8,59.0,Yes,None,5300,No,UAE Resident,Intermediate,No,6,Referral,Referred,3.3,2.8,Hired
TLB0549,24,Female,Indian,Master's,1,Marketing,4,71.0,62.4,45.3,63.5,No,Tier 2,10900,No,UAE Resident,Fluent,Yes,2,Job Portal,Not Referred,3.6,2.9,Rejected
TLB0550,32,Male,American,Bachelor's,130,Computer Science,3,89.7,70.9,74.1,60.2,Yes,Startup,9600,No,UAE Resident,Fluent,Yes,6,Job Portal,Not Referred,4.8,5.0,Hired
TLB0551,20,Male,American,Master's,345,Other,12,79.7,47.5,70.0,73.4,Yes,Startup,13600,Yes,Work Visa,Native,No,6,Company Website,Not Referred,3.5,2.3,Hired
TLB0552,20,Male,Filipino,Bachelor's,154,Computer Science,3,84.8,50.8,58.9,61.6,Yes,Tier 2,13800,No,UAE Resident,Intermediate,No,1,Referral,Referred,3.2,1.9,Hired
TLB0553,33,Male,Indian,Master's,467,Finance,1,51.5,89.8,94.0,34.7,No,Tier 2,12400,Yes,Work Visa,Basic,No,2,Company Website,Not Referred,3.1,4.1,Rejected
TLB0554,27,Female,Pakistani,High School,266,Computer Science,10,83.4,75.4,74.9,82.9,No,Startup,10700,No,Work Visa,Native,Yes,6,Company Website,Not Referred,3.1,2.8,Hired
TLB0555,24,Male,Indian,Bachelor's,477,Computer Science,7,67.5,65.4,79.2,80.8,No,None,12300,Yes,Citizen,Fluent,Yes,6,Company Website,Not Referred,3.7,3.4,Rejected
TLB0556,29,Male,British,Bachelor's,250,Computer Science,8,53.8,68.9,79.7,56.5,Yes,None,11300,Yes,UAE Resident,Intermediate,Yes,5,Company Website,Not Referred,2.6,3.6,Hired
TLB0557,27,Male,Pakistani,Master's,408,Engineering,5,68.3,51.7,61.5,65.7,No,Tier 3,11900,No,UAE Resident,Fluent,No,4,Job Portal,Not Referred,3.9,1.7,Rejected
TLB0558,24,Male,Other,Bachelor's,108,Finance,0,67.9,62.9,75.2,82.0,Yes,Tier 2,18600,Yes,UAE Resident,Native,Yes,7,LinkedIn,Not Referred,2.1,4.0,Hired
TLB0559,20,Female,Filipino,Master's,687,Marketing,5,93.0,50.5,71.1,79.5,Yes,Tier 2,6600,No,Work Visa,Intermediate,Yes,2,LinkedIn,Not Referred,3.7,2.7,Rejected
TLB0560,20,Male,Pakistani,Bachelor's,1,Finance,0,70.7,64.5,59.8,84.0,Yes,Startup,13500,Yes,UAE Resident,Intermediate,Yes,5,Walk-in,Not Referred,3.9,4.6,Hired
TLB0561,34,Male,Egyptian,Bachelor's,158,Finance,5,53.3,76.2,51.1,70.2,Yes,Tier 3,7800,No,UAE Resident,Fluent,No,7,LinkedIn,Not Referred,3.8,2.5,Hired
TLB0562,27,Male,Pakistani,Bachelor's,15,Computer Science,7,49.8,73.4,67.3,75.8,Yes,Startup,20800,No,UAE Resident,Intermediate,Yes,2,Walk-in,Not Referred,3.4,4.4,Rejected
TLB0563,35,Female,Other,Bachelor's,460,Computer Science,8,64.3,87.1,74.6,84.7,No,Tier 2,12400,Yes,Work Visa,Native,No,0,Company Website,Not Referred,3.5,4.5,Hired
TLB0564,27,Female,Indian,PhD,407,Finance,4,44.8,71.5,67.2,60.2,Yes,Tier 1,6300,No,Citizen,Fluent,No,1,Walk-in,Not Referred,2.9,2.7,Rejected
TLB0565,32,Female,Other,Bachelor's,56,Finance,7,54.3,38.3,64.6,71.2,No,Tier 3,11000,Yes,UAE Resident,Intermediate,No,5,Company Website,Not Referred,2.4,2.9,Rejected
TLB0566,29,Female,British,Master's,499,Marketing,1,61.3,91.4,67.4,34.9,No,Tier 3,5400,No,UAE Resident,Intermediate,No,2,Job Portal,Not Referred,3.4,2.8,Rejected
TLB0567,30,Female,American,Bachelor's,160,Business,8,58.7,57.9,63.3,42.9,No,Tier 3,9200,No,UAE Resident,Intermediate,Yes,5,Job Portal,Not Referred,3.2,4.3,Rejected
TLB0568,30,Male,Pakistani,Bachelor's,377,Logistics,7,75.9,69.9,87.1,72.0,Yes,Tier 2,14800,No,UAE Resident,Intermediate,No,3,Company Website,Not Referred,3.8,3.2,Hired
TLB0569,27,Male,American,Bachelor's,424,Computer Science,2,53.9,69.2,70.5,74.1,Yes,None,18100,No,Citizen,Intermediate,Yes,6,Referral,Referred,3.1,3.5,Hired
TLB0570,22,Male,Indian,Master's,251,Finance,6,28.0,70.9,60.7,59.6,No,Tier 3,16900,No,UAE Resident,Intermediate,Yes,5,LinkedIn,Not Referred,3.3,3.0,Rejected
TLB0571,34,Male,Egyptian,Master's,481,Computer Science,8,39.7,68.6,43.5,56.5,Yes,Startup,11500,No,Work Visa,Intermediate,No,4,LinkedIn,Not Referred,3.4,3.5,Hired
TLB0572,39,Female,Indian,Bachelor's,271,Finance,5,64.7,68.8,64.4,60.0,Yes,Tier 3,14600,No,Citizen,Fluent,No,1,Walk-in,Not Referred,3.6,3.5,Rejected
TLB0573,39,Male,Indian,Master's,367,Engineering,2,56.2,52.1,59.5,67.7,No,Tier 3,15600,No,Work Visa,Intermediate,No,2,LinkedIn,Not Referred,3.9,2.6,Rejected
TLB0574,26,Female,Pakistani,Bachelor's,245,Finance,5,46.4,99.0,59.0,32.6,No,Startup,22100,No,UAE Resident,Fluent,No,1,Job Portal,Not Referred,2.5,4.5,Hired
TLB0575,25,Female,Indian,Bachelor's,1,Computer Science,6,94.4,75.8,79.3,71.5,Yes,Tier 3,9300,Yes,Work Visa,Intermediate,Yes,0,Company Website,Not Referred,3.7,2.9,Hired
TLB0576,26,Male,Indian,Bachelor's,275,Marketing,2,77.4,68.6,68.0,65.5,Yes,Tier 3,18800,Yes,UAE Resident,Fluent,No,2,Referral,Referred,3.1,3.9,Rejected
TLB0577,28,Female,British,Bachelor's,125,Computer Science,1,64.1,90.1,45.1,68.5,Yes,Tier 3,7100,No,UAE Resident,Fluent,No,7,Walk-in,Not Referred,3.6,2.1,Hired
TLB0578,29,Female,Indian,Master's,578,Finance,6,68.5,55.1,75.0,63.3,Yes,Tier 1,17300,No,Citizen,Intermediate,No,6,LinkedIn,Not Referred,4.2,3.6,Rejected
TLB0579,24,Female,Egyptian,PhD,27,Computer Science,7,61.0,78.4,46.4,45.6,Yes,None,9200,Yes,UAE Resident,Intermediate,No,1,Company Website,Not Referred,1.7,4.0,Hired
TLB0580,21,Male,Emirati,PhD,545,Computer Science,12,46.2,61.3,76.0,49.6,No,Tier 2,8900,Yes,UAE Resident,Native,No,2,Referral,Referred,4.1,3.3,Hired
TLB0581,30,Male,Egyptian,Master's,264,Finance,7,80.5,72.8,60.8,86.3,No,Tier 2,10700,No,UAE Resident,Fluent,Yes,5,LinkedIn,Not Referred,3.1,4.0,Hired
TLB0582,20,Male,British,Bachelor's,381,Computer Science,0,77.8,73.1,68.1,56.0,Yes,Startup,8500,Yes,UAE Resident,Intermediate,No,0,LinkedIn,Not Referred,2.6,2.5,Hired
TLB0583,29,Male,Pakistani,Master's,24,Business,12,35.3,40.0,66.7,76.3,Yes,Tier 2,13900,Yes,Work Visa,Basic,No,5,Company Website,Not Referred,2.9,3.5,Hired
TLB0584,24,Male,Egyptian,Bachelor's,238,Logistics,8,68.4,50.8,65.1,49.8,No,None,17500,Yes,Visit Visa,Fluent,Yes,4,LinkedIn,Not Referred,2.5,1.9,Rejected
TLB0585,34,Female,Other,Bachelor's,167,Logistics,0,70.1,87.0,69.7,64.8,No,Tier 3,3000,Yes,Work Visa,Native,No,5,Job Portal,Not Referred,3.6,3.2,Rejected
TLB0586,36,Female,British,Bachelor's,720,Logistics,1,60.2,65.0,68.1,58.8,Yes,Tier 2,11200,No,UAE Resident,Fluent,Yes,0,Company Website,Not Referred,2.5,2.5,Hired
TLB0587,36,Male,Indian,High School,162,Business,3,96.5,92.0,91.3,61.0,No,Tier 1,7100,Yes,UAE Resident,Fluent,No,7,LinkedIn,Not Referred,4.0,3.0,Hired
TLB0588,27,Male,Pakistani,PhD,530,Marketing,7,94.8,83.7,69.9,60.2,No,Tier 1,16100,No,UAE Resident,Native,No,5,LinkedIn,Not Referred,3.7,4.2,Rejected
TLB0589,23,Male,British,Master's,533,Hospitality,0,59.3,65.4,70.2,85.2,Yes,Tier 1,18400,Yes,Work Visa,Intermediate,Yes,1,LinkedIn,Not Referred,3.4,4.5,Rejected
TLB0590,25,Male,Indian,Bachelor's,527,Computer Science,4,61.7,64.3,57.8,92.0,No,Tier 1,11200,No,Visit Visa,Fluent,Yes,6,Job Portal,Not Referred,1.8,2.1,Rejected
TLB0591,31,Female,British,Bachelor's,181,Finance,7,59.9,87.8,72.0,68.3,No,Tier 2,8800,No,Work Visa,Fluent,No,0,Company Website,Not Referred,2.3,4.1,Rejected
TLB0592,20,Male,Indian,Master's,660,Computer Science,0,55.8,93.2,53.7,59.2,No,Tier 2,4700,Yes,Citizen,Fluent,Yes,1,LinkedIn,Not Referred,3.1,4.2,Rejected
TLB0593,38,Male,British,Bachelor's,702,Other,7,51.2,64.6,82.0,46.4,Yes,Tier 3,20800,Yes,Visit Visa,Native,Yes,6,Company Website,Not Referred,3.2,3.4,Hired
TLB0594,28,Female,Emirati,Master's,373,Finance,8,72.6,86.5,47.7,45.4,No,Tier 2,17900,No,UAE Resident,Fluent,No,6,Referral,Referred,3.9,4.2,Hired
TLB0595,33,Male,Emirati,PhD,206,Engineering,2,94.4,80.4,56.0,85.3,Yes,Tier 1,3100,No,Work Visa,Fluent,No,0,Company Website,Not Referred,1.2,2.8,Hired
TLB0596,20,Male,Other,Bachelor's,127,Engineering,0,88.3,82.4,45.8,44.4,Yes,Tier 1,14900,Yes,Work Visa,Fluent,Yes,5,LinkedIn,Not Referred,2.7,2.7,Hired
TLB0597,24,Female,American,Bachelor's,394,Business,1,76.8,69.2,72.5,58.8,No,Tier 2,7000,No,Citizen,Intermediate,No,6,LinkedIn,Not Referred,3.8,2.7,Hired
TLB0598,20,Female,Other,Bachelor's,312,Business,0,28.9,59.9,61.5,67.2,Yes,Tier 2,9700,Yes,UAE Resident,Fluent,No,0,Referral,Referred,3.0,3.7,Rejected
TLB0599,36,Female,Other,Bachelor's,336,Finance,3,37.0,55.3,75.9,28.6,No,Tier 1,6400,Yes,Work Visa,Intermediate,No,0,Company Website,Not Referred,2.9,3.0,Rejected
TLB0600,29,Female,Pakistani,Bachelor's,30,Marketing,5,81.0,52.3,54.3,47.5,Yes,Tier 2,3000,Yes,UAE Resident,Intermediate,Yes,1,Company Website,Not Referred,2.1,2.5,Rejected
TLB0601,33,Male,Indian,High School,306,Marketing,0,89.3,90.9,73.9,46.3,No,None,11800,No,Work Visa,Fluent,No,1,LinkedIn,Not Referred,3.9,2.6,Hired
TLB0602,30,Female,Indian,Bachelor's,528,Business,8,73.3,68.1,74.5,55.7,No,Tier 2,20500,Yes,Citizen,Fluent,No,1,LinkedIn,Not Referred,2.9,3.1,Hired
TLB0603,32,Female,Pakistani,Bachelor's,463,Finance,5,60.4,54.3,69.8,68.6,No,Tier 2,7800,No,Citizen,Intermediate,Yes,6,Company Website,Not Referred,4.0,2.4,Rejected
TLB0604,27,Female,Indian,Bachelor's,217,Engineering,5,85.3,80.0,67.4,79.4,No,Startup,16000,Yes,UAE Resident,Fluent,Yes,1,LinkedIn,Not Referred,4.2,3.6,Hired
TLB0605,28,Female,Other,Master's,278,Business,3,76.3,62.3,68.8,55.7,No,Tier 3,16700,Yes,UAE Resident,Fluent,No,4,Company Website,Not Referred,4.1,4.1,Hired
TLB0606,29,Female,Emirati,Bachelor's,6,Other,7,82.1,60.2,55.2,58.5,Yes,Tier 1,15200,Yes,Visit Visa,Intermediate,Yes,2,Referral,Referred,3.2,3.9,Rejected
TLB0607,32,Female,Indian,Master's,166,Engineering,9,37.2,92.8,53.0,63.3,No,Startup,21000,No,Work Visa,Intermediate,No,2,LinkedIn,Not Referred,2.9,5.0,Rejected
TLB0608,32,Male,Indian,Bachelor's,231,Marketing,3,70.2,52.0,74.1,53.7,No,Startup,16300,Yes,Citizen,Basic,No,7,Company Website,Not Referred,2.8,3.4,Hired
TLB0609,46,Female,Indian,Bachelor's,426,Other,7,91.6,70.8,62.2,70.8,Yes,None,20100,No,UAE Resident,Fluent,Yes,2,LinkedIn,Not Referred,4.6,4.5,Hired
TLB0610,40,Male,Indian,High School,158,Engineering,7,72.9,60.9,72.9,71.3,Yes,None,6800,Yes,Visit Visa,Fluent,No,1,Company Website,Not Referred,3.1,3.2,Hired
TLB0611,20,Male,Egyptian,Master's,92,Other,6,79.2,59.0,87.2,26.9,Yes,Tier 3,15400,No,Work Visa,Native,No,1,LinkedIn,Not Referred,3.9,2.9,Rejected
TLB0612,29,Female,Indian,Bachelor's,451,Finance,10,65.5,50.4,61.1,74.0,Yes,Startup,18800,Yes,UAE Resident,Fluent,No,7,Referral,Referred,3.5,3.2,Hired
TLB0613,27,Female,Filipino,Bachelor's,215,Finance,2,66.6,68.7,59.2,66.8,No,Tier 3,8500,Yes,UAE Resident,Fluent,No,6,Company Website,Not Referred,2.9,3.2,Hired
TLB0614,37,Female,Other,Bachelor's,132,Business,3,86.0,57.5,62.8,68.6,Yes,None,3000,Yes,Work Visa,Fluent,No,4,LinkedIn,Not Referred,3.0,3.0,Hired
TLB0615,28,Male,Filipino,PhD,462,Computer Science,2,55.0,75.1,67.5,81.5,Yes,Tier 3,6300,Yes,UAE Resident,Fluent,Yes,4,Company Website,Not Referred,4.0,2.2,Rejected
TLB0616,32,Female,Egyptian,Bachelor's,391,Engineering,7,53.5,67.4,75.0,40.0,Yes,Tier 2,8700,No,Visit Visa,Fluent,No,4,Job Portal,Not Referred,3.2,2.3,Hired
TLB0617,20,Female,Indian,Bachelor's,258,Computer Science,4,57.8,64.2,66.6,47.4,No,Tier 1,14500,Yes,Work Visa,Native,Yes,4,Walk-in,Not Referred,2.9,4.0,Rejected
TLB0618,20,Male,Indian,Master's,229,Computer Science,2,65.4,57.6,94.0,64.0,Yes,Tier 3,9500,No,UAE Resident,Fluent,No,5,LinkedIn,Not Referred,2.6,3.8,Hired
TLB0619,42,Male,Indian,Bachelor's,375,Marketing,10,40.8,85.2,72.5,32.5,No,Tier 3,12000,No,UAE Resident,Intermediate,No,0,LinkedIn,Not Referred,3.4,4.5,Hired
TLB0620,30,Male,Other,Bachelor's,407,Finance,11,76.0,76.8,77.2,62.0,No,None,9300,No,Citizen,Fluent,No,6,Referral,Referred,2.8,2.8,Hired
TLB0621,24,Female,Filipino,Master's,341,Computer Science,3,62.5,59.8,66.5,76.8,No,Tier 2,11400,Yes,Work Visa,Intermediate,Yes,6,Job Portal,Not Referred,3.6,2.7,Rejected
TLB0622,31,Male,Indian,Bachelor's,324,Hospitality,0,77.8,51.7,80.2,70.6,No,None,11700,No,Visit Visa,Native,No,7,Referral,Referred,5.0,2.2,Rejected
TLB0623,23,Female,Pakistani,High School,178,Other,11,33.2,45.3,64.3,66.1,No,Tier 1,9200,No,Visit Visa,Native,Yes,3,Referral,Referred,3.6,3.9,Hired
TLB0624,28,Male,American,Bachelor's,190,Hospitality,6,77.9,81.6,58.6,61.7,Yes,Tier 3,15700,No,Work Visa,Basic,No,0,Job Portal,Not Referred,4.5,2.4,Rejected
TLB0625,21,Female,Egyptian,High School,265,Hospitality,6,85.1,78.9,78.8,59.0,No,Tier 2,18200,Yes,Citizen,Basic,No,2,LinkedIn,Not Referred,2.7,3.1,Hired
TLB0626,25,Male,Filipino,Master's,107,Finance,5,71.6,80.6,66.3,58.2,Yes,Tier 2,6800,Yes,Work Visa,Fluent,No,3,Company Website,Not Referred,3.7,3.4,Hired
TLB0627,27,Female,Other,Master's,84,Business,2,65.5,66.6,70.2,68.2,No,Tier 3,13000,No,Work Visa,Fluent,Yes,4,Referral,Referred,4.1,1.8,Hired
TLB0628,36,Male,Egyptian,Bachelor's,282,Engineering,3,78.0,77.7,79.8,43.3,No,Tier 2,5600,No,UAE Resident,Intermediate,Yes,1,Company Website,Not Referred,4.2,3.7,Hired
TLB0629,32,Male,Filipino,Bachelor's,497,Other,7,84.1,80.3,68.8,85.5,Yes,Tier 2,4100,Yes,UAE Resident,Fluent,No,0,Job Portal,Not Referred,4.1,3.9,Hired
TLB0630,33,Female,Indian,Master's,1,Finance,3,72.8,67.2,65.1,54.7,Yes,None,16700,Yes,Work Visa,Native,Yes,1,Referral,Referred,3.2,3.3,Hired
TLB0631,29,Female,Indian,Master's,221,Hospitality,6,74.0,63.7,60.0,72.8,No,Tier 2,21000,Yes,UAE Resident,Native,No,5,Company Website,Not Referred,3.8,3.0,Hired
TLB0632,34,Female,Other,High School,354,Other,5,89.9,56.3,80.8,66.1,Yes,Startup,10500,No,Work Visa,Native,No,1,Company Website,Not Referred,2.5,3.1,Hired
TLB0633,24,Male,Filipino,Master's,514,Business,1,76.4,73.1,62.6,48.8,Yes,Startup,20200,Yes,Citizen,Intermediate,No,5,LinkedIn,Not Referred,4.3,4.2,Hired
TLB0634,25,Male,Pakistani,Bachelor's,659,Business,10,53.0,74.7,66.3,83.1,No,Tier 1,9100,Yes,UAE Resident,Intermediate,No,5,Job Portal,Not Referred,2.5,3.1,Hired
TLB0635,32,Male,Filipino,Master's,248,Finance,7,84.0,63.1,70.7,80.1,Yes,None,10900,Yes,UAE Resident,Fluent,Yes,4,Job Portal,Not Referred,4.1,3.1,Hired
TLB0636,28,Male,Emirati,Bachelor's,694,Computer Science,6,63.1,64.5,70.7,43.0,Yes,Startup,19500,Yes,Work Visa,Fluent,No,0,Walk-in,Not Referred,3.9,2.6,Rejected
TLB0637,29,Female,British,Bachelor's,391,Marketing,6,65.5,65.4,80.2,64.0,Yes,Startup,7900,Yes,UAE Resident,Native,No,0,Job Portal,Not Referred,3.9,1.0,Rejected
TLB0638,29,Female,Indian,Master's,462,Logistics,0,66.6,77.5,66.1,67.9,No,None,16100,Yes,Visit Visa,Intermediate,No,6,LinkedIn,Not Referred,4.6,4.0,Hired
TLB0639,37,Female,British,Master's,86,Finance,3,79.5,51.5,84.9,36.0,No,Tier 3,10400,No,Work Visa,Intermediate,No,4,Referral,Referred,3.9,3.1,Hired
TLB0640,37,Female,Pakistani,Bachelor's,390,Business,0,91.2,54.7,63.8,35.3,No,None,8800,No,UAE Resident,Fluent,No,6,Referral,Referred,2.3,2.4,Hired
TLB0641,26,Female,Indian,High School,480,Finance,5,65.4,55.0,71.8,53.3,Yes,Tier 2,9700,Yes,Work Visa,Intermediate,No,7,LinkedIn,Not Referred,3.6,4.8,Rejected
TLB0642,20,Female,Emirati,Master's,162,Computer Science,6,91.0,66.2,64.6,46.6,Yes,Tier 1,3000,No,Work Visa,Fluent,No,3,Referral,Referred,1.9,3.5,Rejected
TLB0643,25,Male,British,Bachelor's,1,Logistics,5,67.5,71.8,94.2,50.4,No,Startup,17700,No,UAE Resident,Intermediate,No,7,Referral,Referred,3.1,2.9,Hired
TLB0644,24,Male,Indian,Bachelor's,329,Computer Science,9,86.0,55.2,62.4,46.6,No,Tier 2,13000,No,UAE Resident,Fluent,No,3,LinkedIn,Not Referred,2.9,3.9,Hired
TLB0645,34,Female,Emirati,Bachelor's,257,Logistics,0,68.0,78.9,63.6,63.3,Yes,Tier 3,11300,Yes,UAE Resident,Native,Yes,7,Job Portal,Not Referred,3.6,3.4,Hired
TLB0646,35,Female,Egyptian,Bachelor's,568,Engineering,2,57.6,85.6,68.5,52.5,Yes,Tier 2,8900,No,Citizen,Fluent,Yes,5,LinkedIn,Not Referred,2.6,3.4,Rejected
TLB0647,23,Male,Indian,High School,192,Engineering,6,93.8,73.0,63.5,80.6,No,Tier 2,13400,Yes,UAE Resident,Intermediate,No,1,Company Website,Not Referred,2.6,2.6,Hired
TLB0648,25,Male,Indian,High School,158,Engineering,5,56.2,81.5,71.1,67.5,Yes,None,16000,No,UAE Resident,Native,No,0,Job Portal,Not Referred,3.6,3.7,Hired
TLB0649,21,Female,Indian,Master's,65,Business,0,55.2,57.0,83.0,76.1,No,Tier 1,10800,Yes,UAE Resident,Fluent,No,7,Company Website,Not Referred,4.0,3.9,Hired
TLB0650,30,Male,American,Bachelor's,173,Engineering,9,46.2,57.3,68.9,41.4,Yes,Tier 2,16300,Yes,UAE Resident,Intermediate,No,3,LinkedIn,Not Referred,3.2,2.6,Hired
TLB0651,29,Male,Indian,Master's,833,Logistics,10,84.0,74.2,69.4,56.2,No,Startup,13200,No,UAE Resident,Intermediate,Yes,6,Company Website,Not Referred,4.8,1.6,Hired
TLB0652,34,Female,Indian,PhD,1,Logistics,6,87.6,67.5,64.0,66.9,Yes,Startup,11600,Yes,Visit Visa,Fluent,Yes,1,Job Portal,Not Referred,3.0,3.9,Hired
TLB0653,32,Female,Indian,Master's,32,Computer Science,0,70.6,57.3,60.4,71.3,Yes,None,16100,No,UAE Resident,Fluent,Yes,3,Job Portal,Not Referred,3.7,3.6,Hired
TLB0654,33,Male,Indian,Bachelor's,289,Finance,5,50.2,85.1,68.3,55.9,Yes,Tier 2,9700,Yes,Work Visa,Intermediate,No,1,Referral,Referred,3.4,3.8,Hired
TLB0655,20,Female,Indian,Bachelor's,694,Logistics,6,64.9,71.6,67.1,58.0,Yes,None,6400,Yes,UAE Resident,Fluent,Yes,0,LinkedIn,Not Referred,3.0,3.1,Rejected
TLB0656,26,Male,Emirati,Bachelor's,448,Logistics,4,60.5,76.4,82.3,59.5,No,Tier 3,11800,Yes,UAE Resident,Fluent,No,4,Company Website,Not Referred,4.1,3.9,Hired
TLB0657,35,Female,Indian,Bachelor's,610,Engineering,9,49.5,59.9,54.5,60.8,Yes,None,12200,No,UAE Resident,Native,No,3,LinkedIn,Not Referred,2.6,2.6,Rejected
TLB0658,26,Male,Pakistani,PhD,222,Computer Science,4,57.7,88.2,85.9,95.3,Yes,Tier 1,11000,No,Work Visa,Fluent,No,1,Job Portal,Not Referred,1.7,3.0,Hired
TLB0659,20,Female,American,Master's,21,Other,12,72.6,66.1,65.1,69.4,No,Tier 2,17400,No,Citizen,Intermediate,No,2,Company Website,Not Referred,3.1,2.3,Rejected
TLB0660,34,Male,Emirati,Bachelor's,210,Engineering,7,55.9,80.2,68.9,65.6,Yes,Tier 3,14300,No,UAE Resident,Intermediate,Yes,3,Job Portal,Not Referred,3.0,4.0,Hired
TLB0661,26,Male,Indian,Bachelor's,275,Engineering,5,69.4,61.0,53.2,47.4,No,Tier 3,11500,No,Citizen,Fluent,Yes,1,Walk-in,Not Referred,3.9,3.1,Hired
TLB0662,36,Female,Other,Master's,302,Hospitality,8,38.4,70.0,74.3,47.7,Yes,Tier 1,12000,No,UAE Resident,Basic,No,5,Company Website,Not Referred,2.3,3.3,Hired
TLB0663,29,Male,Other,Bachelor's,257,Business,10,90.2,74.7,54.5,62.0,No,Tier 3,12400,Yes,Work Visa,Intermediate,No,2,Walk-in,Not Referred,3.6,3.4,Hired
TLB0664,28,Male,Egyptian,Master's,418,Logistics,8,59.1,91.9,71.9,80.8,No,Startup,14400,No,Work Visa,Intermediate,No,4,Company Website,Not Referred,3.5,2.9,Rejected
TLB0665,38,Male,Indian,Bachelor's,157,Computer Science,4,78.1,62.7,70.6,62.2,Yes,Tier 2,12200,No,UAE Resident,Fluent,No,5,LinkedIn,Not Referred,3.4,3.8,Rejected
TLB0666,22,Female,Pakistani,Master's,114,Hospitality,2,67.8,70.4,62.8,62.8,No,Tier 3,11300,No,UAE Resident,Fluent,No,2,Job Portal,Not Referred,3.9,4.4,Hired
TLB0667,38,Female,Indian,Master's,59,Other,1,71.0,75.1,40.2,54.6,No,Tier 2,6000,Yes,UAE Resident,Intermediate,No,0,Company Website,Not Referred,3.2,3.9,Hired
TLB0668,26,Female,Indian,Bachelor's,341,Other,0,48.0,51.0,95.1,40.6,No,None,8800,Yes,Work Visa,Intermediate,Yes,0,Walk-in,Not Referred,3.2,1.7,Hired
TLB0669,30,Male,Indian,Bachelor's,321,Other,5,53.6,41.9,53.3,71.1,No,Tier 3,13200,No,UAE Resident,Fluent,Yes,4,LinkedIn,Not Referred,3.5,3.2,Hired
TLB0670,31,Male,Filipino,Master's,518,Logistics,3,53.9,56.0,70.5,61.4,Yes,Tier 3,12800,No,Citizen,Fluent,Yes,0,Referral,Referred,3.1,3.2,Hired
TLB0671,27,Male,Indian,Bachelor's,609,Business,3,65.4,79.6,57.5,71.2,Yes,None,5300,Yes,UAE Resident,Fluent,No,0,Job Portal,Not Referred,2.3,4.1,Rejected
TLB0672,25,Male,Filipino,Bachelor's,58,Other,8,84.9,88.6,80.6,67.2,No,Startup,9500,No,Citizen,Fluent,Yes,3,LinkedIn,Not Referred,2.9,2.7,Rejected
TLB0673,27,Female,Indian,Bachelor's,304,Other,4,71.5,56.9,62.1,51.5,Yes,Tier 2,7800,Yes,UAE Resident,Fluent,No,2,Company Website,Not Referred,3.0,2.3,Rejected
TLB0674,23,Female,Indian,Bachelor's,258,Marketing,11,51.5,53.4,57.2,68.2,Yes,Tier 3,18100,Yes,Work Visa,Native,No,3,Company Website,Not Referred,2.8,3.8,Hired
TLB0675,41,Female,British,Master's,1,Engineering,2,66.3,86.4,74.7,46.9,Yes,None,13100,No,UAE Resident,Fluent,No,5,LinkedIn,Not Referred,3.0,3.1,Hired
TLB0676,27,Male,American,Bachelor's,194,Computer Science,1,63.8,61.2,50.5,68.0,Yes,Tier 1,13900,No,UAE Resident,Intermediate,Yes,6,LinkedIn,Not Referred,3.3,2.6,Rejected
TLB0677,36,Female,Indian,Bachelor's,613,Marketing,0,59.7,63.5,61.6,64.1,Yes,Tier 3,11700,No,UAE Resident,Intermediate,Yes,3,Job Portal,Not Referred,3.0,2.9,Hired
TLB0678,36,Male,Filipino,Master's,173,Finance,7,64.8,85.5,76.0,86.6,Yes,Tier 2,9200,Yes,Work Visa,Native,Yes,0,LinkedIn,Not Referred,3.8,2.0,Hired
TLB0679,32,Male,Indian,High School,140,Engineering,9,76.5,83.5,86.6,52.9,Yes,None,10000,Yes,UAE Resident,Native,No,1,Job Portal,Not Referred,3.8,3.2,Hired
TLB0680,29,Male,Emirati,Bachelor's,289,Engineering,2,54.2,79.2,54.5,46.4,Yes,Tier 3,14200,No,Work Visa,Fluent,No,6,Job Portal,Not Referred,1.5,2.9,Hired
TLB0681,31,Male,Egyptian,Master's,482,Marketing,1,59.8,47.5,59.0,59.2,No,None,10800,Yes,Citizen,Fluent,Yes,0,Company Website,Not Referred,2.2,3.5,Hired
TLB0682,33,Male,Indian,Master's,239,Computer Science,10,79.7,52.9,71.6,73.5,No,Startup,14300,Yes,UAE Resident,Intermediate,Yes,1,Referral,Referred,1.5,2.9,Hired
TLB0683,30,Male,Pakistani,Bachelor's,325,Other,0,72.0,81.4,41.0,25.8,No,Tier 1,12600,No,UAE Resident,Fluent,Yes,7,LinkedIn,Not Referred,3.0,3.1,Hired
TLB0684,20,Male,Pakistani,Master's,1,Business,8,84.2,71.8,84.6,77.3,Yes,Tier 3,13300,No,UAE Resident,Intermediate,No,2,Job Portal,Not Referred,3.0,2.7,Hired
TLB0685,20,Female,Indian,Bachelor's,414,Computer Science,3,86.5,58.7,54.0,62.1,No,None,13600,No,UAE Resident,Native,Yes,0,LinkedIn,Not Referred,3.3,2.9,Hired
TLB0686,39,Male,Emirati,Bachelor's,344,Computer Science,6,44.6,63.9,61.3,49.0,Yes,Tier 2,9600,No,UAE Resident,Basic,Yes,6,LinkedIn,Not Referred,3.8,2.2,Rejected
TLB0687,20,Male,Indian,PhD,476,Logistics,8,69.3,81.3,70.4,59.9,Yes,Tier 1,10600,Yes,Work Visa,Intermediate,Yes,5,Walk-in,Not Referred,3.2,3.9,Hired
TLB0688,31,Female,Other,Master's,1,Logistics,6,57.4,86.3,67.7,54.6,Yes,Startup,16100,No,UAE Resident,Intermediate,Yes,6,Referral,Referred,2.8,3.1,Hired
TLB0689,28,Female,Filipino,Bachelor's,239,Computer Science,3,47.0,67.9,54.5,47.8,No,Tier 3,20200,Yes,UAE Resident,Basic,No,5,LinkedIn,Not Referred,3.2,1.5,Hired
TLB0690,30,Male,Indian,Bachelor's,492,Computer Science,9,53.2,59.8,89.4,37.9,Yes,Tier 1,16100,Yes,Work Visa,Fluent,No,4,Walk-in,Not Referred,2.9,1.8,Rejected
TLB0691,23,Male,Emirati,Bachelor's,188,Engineering,6,60.5,64.7,33.5,75.2,Yes,Tier 2,3000,Yes,UAE Resident,Native,Yes,5,LinkedIn,Not Referred,2.2,3.9,Hired
TLB0692,32,Female,Filipino,High School,310,Business,17,60.6,84.1,52.4,57.2,Yes,Tier 2,8600,Yes,Work Visa,Fluent,No,0,LinkedIn,Not Referred,3.9,3.1,Hired
TLB0693,31,Male,Emirati,Master's,218,Hospitality,0,55.9,83.9,58.7,59.5,Yes,Startup,12500,Yes,Citizen,Intermediate,No,0,Referral,Referred,3.5,3.1,Hired
TLB0694,46,Male,Pakistani,Master's,222,Computer Science,0,64.8,70.3,54.7,76.8,Yes,Tier 3,7100,No,UAE Resident,Intermediate,No,4,Job Portal,Not Referred,4.2,3.1,Hired
TLB0695,30,Female,Egyptian,Bachelor's,533,Marketing,8,100.0,61.6,82.9,65.8,Yes,Tier 3,6800,No,Work Visa,Fluent,No,3,Job Portal,Not Referred,2.3,3.5,Hired
TLB0696,38,Male,Pakistani,Bachelor's,15,Engineering,4,39.1,81.0,45.4,43.2,Yes,None,10100,Yes,Visit Visa,Intermediate,Yes,6,Job Portal,Not Referred,2.1,4.3,Hired
TLB0697,21,Female,Indian,Bachelor's,289,Engineering,7,82.1,87.5,87.2,74.4,Yes,Tier 2,13600,Yes,Work Visa,Fluent,Yes,7,Walk-in,Not Referred,2.5,3.5,Hired
TLB0698,36,Female,Emirati,Bachelor's,350,Engineering,1,64.7,50.6,63.4,85.8,No,Startup,14800,Yes,Visit Visa,Fluent,No,2,LinkedIn,Not Referred,3.5,3.3,Rejected
TLB0699,31,Female,Emirati,Master's,487,Computer Science,5,58.4,65.2,49.3,72.0,No,Tier 2,10300,No,Visit Visa,Intermediate,No,2,Company Website,Not Referred,3.8,2.6,Hired
TLB0700,31,Male,Pakistani,Bachelor's,275,Business,6,34.7,81.9,39.7,52.9,No,Tier 3,10000,No,Work Visa,Fluent,Yes,1,LinkedIn,Not Referred,3.4,1.9,Hired
TLB0701,31,Male,Other,Bachelor's,493,Computer Science,3,76.4,68.9,64.2,44.4,Yes,Tier 3,8200,No,Work Visa,Fluent,No,6,Walk-in,Not Referred,3.3,3.5,Rejected
TLB0702,40,Male,Indian,Bachelor's,289,Computer Science,5,43.4,62.1,57.9,52.4,Yes,Startup,14300,Yes,Work Visa,Intermediate,Yes,3,Walk-in,Not Referred,3.8,3.5,Hired
TLB0703,31,Male,Filipino,PhD,323,Other,0,77.4,70.2,70.1,66.4,No,None,14000,No,Work Visa,Fluent,No,2,Referral,Referred,2.9,4.0,Hired
TLB0704,25,Female,Egyptian,Bachelor's,316,Business,6,91.1,72.4,61.1,85.0,No,Tier 2,16100,Yes,Work Visa,Fluent,No,5,Job Portal,Not Referred,3.9,4.5,Rejected
TLB0705,26,Male,Emirati,Bachelor's,431,Business,10,45.8,54.5,79.4,54.4,Yes,Tier 1,12600,No,UAE Resident,Fluent,No,3,Company Website,Not Referred,4.6,2.2,Hired
TLB0706,34,Male,Indian,Bachelor's,408,Computer Science,0,82.5,69.1,65.1,55.9,Yes,Tier 3,6100,Yes,Visit Visa,Fluent,Yes,4,LinkedIn,Not Referred,2.5,2.6,Rejected
TLB0707,32,Female,Indian,Bachelor's,77,Hospitality,0,65.4,72.4,61.5,79.3,No,Tier 3,10400,No,UAE Resident,Intermediate,No,6,Company Website,Not Referred,3.0,3.6,Hired
TLB0708,20,Female,Egyptian,Bachelor's,343,Other,9,33.6,62.1,79.7,58.9,No,Tier 2,15900,Yes,UAE Resident,Intermediate,No,1,Walk-in,Not Referred,2.2,3.1,Hired
TLB0709,33,Male,Pakistani,Bachelor's,408,Hospitality,0,46.9,58.6,70.0,89.0,Yes,None,4200,Yes,UAE Resident,Fluent,No,5,Referral,Referred,2.5,4.3,Rejected
TLB0710,23,Male,Egyptian,Bachelor's,592,Finance,7,67.7,61.5,77.1,62.9,Yes,Startup,11600,No,UAE Resident,Intermediate,No,6,LinkedIn,Not Referred,3.5,2.9,Hired
TLB0711,32,Female,American,Bachelor's,98,Logistics,5,71.0,56.3,81.9,81.3,No,Tier 3,13300,Yes,Work Visa,Intermediate,No,7,Walk-in,Not Referred,2.0,4.7,Hired
TLB0712,25,Female,Egyptian,Master's,407,Engineering,3,41.3,78.2,63.2,70.4,Yes,Tier 3,21000,No,UAE Resident,Intermediate,Yes,6,Referral,Referred,2.7,3.1,Rejected
TLB0713,28,Female,Other,Bachelor's,230,Logistics,10,65.5,56.2,67.5,74.9,No,Tier 1,9300,No,Work Visa,Intermediate,No,1,Referral,Referred,3.9,4.4,Hired
TLB0714,26,Female,Egyptian,Master's,338,Hospitality,8,77.4,70.3,78.0,62.5,Yes,Tier 3,11500,Yes,Work Visa,Fluent,No,5,Job Portal,Not Referred,3.4,1.2,Hired
TLB0715,39,Female,American,Bachelor's,85,Computer Science,5,80.0,63.5,35.1,63.4,Yes,Tier 3,19600,Yes,UAE Resident,Intermediate,No,4,Company Website,Not Referred,3.7,3.5,Rejected
TLB0716,32,Male,American,Master's,297,Engineering,0,58.8,59.5,65.7,70.9,No,None,9400,No,UAE Resident,Fluent,Yes,0,Referral,Referred,2.3,3.1,Rejected
TLB0717,37,Male,Egyptian,Master's,363,Business,7,71.6,84.5,64.1,76.2,No,Tier 3,16800,Yes,Work Visa,Fluent,No,4,LinkedIn,Not Referred,3.2,1.4,Hired
TLB0718,47,Male,British,Master's,105,Computer Science,1,81.1,66.4,71.9,72.4,No,Tier 2,13800,Yes,Work Visa,Fluent,No,1,Job Portal,Not Referred,4.5,3.1,Hired
TLB0719,30,Female,Other,Bachelor's,589,Logistics,4,77.8,60.0,56.6,40.3,Yes,Tier 2,11000,Yes,UAE Resident,Fluent,No,4,Referral,Referred,2.7,2.1,Hired
TLB0720,39,Female,Pakistani,Bachelor's,1,Computer Science,5,78.4,58.8,81.2,68.6,No,Tier 2,14000,Yes,UAE Resident,Fluent,Yes,4,Company Website,Not Referred,2.9,2.7,Rejected
TLB0721,25,Male,Filipino,Bachelor's,407,Hospitality,11,66.7,72.1,57.4,55.8,No,None,11300,Yes,UAE Resident,Intermediate,Yes,5,Job Portal,Not Referred,3.6,3.3,Rejected
TLB0722,37,Male,Pakistani,Bachelor's,1,Other,4,63.6,77.9,61.0,57.4,Yes,Startup,22200,No,UAE Resident,Fluent,No,6,LinkedIn,Not Referred,2.6,3.0,Hired
TLB0723,25,Male,American,Bachelor's,249,Engineering,0,69.1,83.2,58.4,71.4,No,None,3000,No,UAE Resident,Fluent,No,4,Job Portal,Not Referred,3.7,3.4,Hired
TLB0724,29,Female,Pakistani,Bachelor's,395,Engineering,10,53.5,66.0,83.0,88.8,No,None,10700,Yes,Citizen,Basic,No,3,Job Portal,Not Referred,1.9,3.2,Rejected
TLB0725,33,Male,British,Bachelor's,442,Marketing,7,81.7,65.3,39.9,61.8,No,Tier 1,10900,Yes,UAE Resident,Fluent,No,7,Walk-in,Not Referred,1.5,5.0,Hired
TLB0726,34,Male,British,Bachelor's,278,Logistics,7,42.0,69.6,90.2,92.6,Yes,Startup,11400,No,UAE Resident,Native,No,2,LinkedIn,Not Referred,3.4,3.3,Rejected
TLB0727,22,Male,Other,High School,251,Business,10,57.4,70.0,86.2,49.6,No,Startup,16900,No,Citizen,Intermediate,No,2,Referral,Referred,2.5,3.2,Hired
TLB0728,24,Male,Indian,Bachelor's,413,Business,11,64.5,58.7,59.7,82.2,No,Tier 2,10000,Yes,Work Visa,Basic,Yes,7,Company Website,Not Referred,2.8,3.4,Hired
TLB0729,33,Male,Egyptian,Master's,490,Marketing,1,72.0,85.5,80.4,71.0,Yes,Tier 3,14200,No,UAE Resident,Intermediate,Yes,7,Walk-in,Not Referred,3.8,3.1,Hired
TLB0730,27,Male,Egyptian,Bachelor's,575,Other,0,74.9,68.3,68.7,67.9,No,Startup,13000,No,Work Visa,Fluent,Yes,3,Walk-in,Not Referred,3.6,1.8,Rejected
TLB0731,21,Male,Other,Master's,41,Business,7,87.3,74.4,88.5,84.4,Yes,None,15800,No,Citizen,Fluent,No,6,Referral,Referred,2.3,3.7,Hired
TLB0732,29,Male,Other,Bachelor's,259,Engineering,4,66.2,73.1,79.4,56.1,No,Tier 1,11400,Yes,UAE Resident,Intermediate,No,7,Company Website,Not Referred,3.6,4.1,Hired
TLB0733,29,Male,Filipino,Master's,1,Other,4,54.2,72.8,95.5,82.9,Yes,None,13400,No,UAE Resident,Intermediate,Yes,6,LinkedIn,Not Referred,3.0,4.3,Hired
TLB0734,31,Male,Filipino,Master's,26,Computer Science,1,62.8,56.0,46.7,62.1,No,None,11400,No,Citizen,Native,No,4,Company Website,Not Referred,3.5,3.7,Rejected
TLB0735,33,Male,Indian,Bachelor's,159,Computer Science,7,60.2,67.9,69.5,56.0,No,None,7600,No,Visit Visa,Intermediate,No,6,Job Portal,Not Referred,3.2,2.9,Rejected
TLB0736,32,Female,Other,PhD,473,Marketing,6,72.8,95.4,44.6,46.4,No,Tier 1,19200,No,Citizen,Intermediate,Yes,4,Job Portal,Not Referred,2.1,3.3,Hired
TLB0737,25,Male,Indian,High School,203,Computer Science,4,49.0,87.0,60.3,87.2,No,Tier 2,8600,Yes,UAE Resident,Native,No,0,Referral,Referred,2.7,4.5,Hired
TLB0738,27,Male,Egyptian,Bachelor's,242,Business,0,62.4,69.9,96.2,81.0,Yes,Startup,9800,Yes,Citizen,Native,No,0,Walk-in,Not Referred,1.5,2.9,Hired
TLB0739,35,Male,British,Master's,360,Finance,9,89.3,63.6,73.1,58.3,No,Tier 2,8100,No,UAE Resident,Native,Yes,7,LinkedIn,Not Referred,3.3,2.1,Rejected
TLB0740,26,Male,Pakistani,Bachelor's,165,Finance,5,67.7,41.4,79.8,72.6,No,Tier 1,13800,No,Work Visa,Basic,No,2,Referral,Referred,3.5,4.9,Hired
TLB0741,27,Male,Indian,Bachelor's,1,Marketing,8,49.2,62.0,73.7,66.8,Yes,Startup,9800,No,Citizen,Fluent,No,1,Company Website,Not Referred,2.7,2.3,Rejected
TLB0742,20,Male,Indian,Bachelor's,150,Engineering,0,59.9,67.1,72.9,60.1,Yes,Tier 1,18800,Yes,UAE Resident,Intermediate,Yes,7,Company Website,Not Referred,3.1,1.8,Rejected
TLB0743,29,Female,American,High School,275,Marketing,5,31.5,64.2,60.2,78.5,No,Tier 3,14400,No,UAE Resident,Native,No,2,Job Portal,Not Referred,2.5,3.4,Rejected
TLB0744,32,Male,Pakistani,High School,393,Finance,2,64.1,65.0,57.8,56.2,Yes,None,10800,Yes,Work Visa,Intermediate,No,5,Company Website,Not Referred,4.1,3.4,Rejected
TLB0745,20,Male,Emirati,Bachelor's,258,Logistics,5,89.7,75.5,59.9,34.3,Yes,Tier 3,7900,No,Visit Visa,Fluent,No,6,LinkedIn,Not Referred,2.3,3.5,Hired
TLB0746,23,Male,Egyptian,Bachelor's,390,Hospitality,8,47.2,56.0,31.5,68.6,No,None,11500,No,UAE Resident,Basic,Yes,3,LinkedIn,Not Referred,3.0,3.8,Hired
TLB0747,21,Male,Indian,Bachelor's,484,Finance,6,43.2,71.3,65.9,65.9,Yes,Tier 3,14300,Yes,Citizen,Fluent,No,5,Company Website,Not Referred,2.3,3.0,Hired
TLB0748,34,Male,American,Bachelor's,524,Logistics,5,55.2,66.7,70.1,56.7,No,Tier 2,11800,Yes,UAE Resident,Intermediate,Yes,4,Company Website,Not Referred,3.4,3.0,Hired
TLB0749,20,Female,Indian,Bachelor's,334,Logistics,5,78.8,57.4,59.0,52.5,Yes,Tier 1,11400,Yes,UAE Resident,Intermediate,Yes,3,Company Website,Not Referred,3.9,2.6,Hired
TLB0750,29,Female,Indian,Master's,72,Computer Science,0,90.6,88.1,65.3,43.2,No,Tier 2,7400,Yes,UAE Resident,Fluent,Yes,0,Referral,Referred,1.7,3.2,Rejected
TLB0751,34,Male,Emirati,High School,50,Other,1,71.7,77.0,73.8,59.9,Yes,Tier 2,22100,Yes,Citizen,Basic,No,0,LinkedIn,Not Referred,3.7,3.5,Hired
TLB0752,31,Male,Pakistani,Bachelor's,69,Logistics,8,45.7,58.6,78.5,52.7,Yes,None,11100,No,UAE Resident,Fluent,No,6,Job Portal,Not Referred,4.3,3.8,Hired
TLB0753,27,Male,Pakistani,Master's,85,Business,3,64.7,74.2,51.4,78.5,Yes,None,5800,Yes,Work Visa,Intermediate,Yes,6,Referral,Referred,3.3,2.4,Hired
TLB0754,32,Male,Egyptian,Master's,319,Computer Science,8,91.8,51.3,56.7,72.2,No,Tier 1,7200,No,UAE Resident,Native,Yes,0,Company Website,Not Referred,2.7,2.1,Hired
TLB0755,36,Female,Pakistani,Bachelor's,677,Marketing,7,60.3,60.0,76.8,58.2,Yes,Tier 1,10500,Yes,Citizen,Intermediate,No,2,Referral,Referred,3.2,3.8,Hired
TLB0756,29,Male,Indian,Bachelor's,342,Engineering,8,67.1,83.9,74.7,72.3,No,Tier 3,20800,No,Visit Visa,Basic,No,3,LinkedIn,Not Referred,2.8,2.7,Rejected
TLB0757,20,Male,Indian,Master's,283,Hospitality,6,68.6,72.2,84.5,63.5,Yes,Tier 3,11200,No,UAE Resident,Intermediate,Yes,0,LinkedIn,Not Referred,4.6,2.3,Hired
TLB0758,36,Female,Indian,Master's,492,Marketing,3,41.8,71.3,83.9,61.2,No,Tier 2,10300,Yes,UAE Resident,Fluent,No,3,LinkedIn,Not Referred,3.8,1.6,Rejected
TLB0759,32,Male,Other,Bachelor's,134,Computer Science,4,80.0,79.8,98.4,64.2,Yes,Tier 2,15800,Yes,UAE Resident,Fluent,Yes,7,Job Portal,Not Referred,3.8,4.2,Rejected
TLB0760,29,Male,Indian,Bachelor's,508,Business,7,77.8,75.3,63.2,89.8,Yes,Tier 2,16100,No,UAE Resident,Intermediate,Yes,4,LinkedIn,Not Referred,4.7,3.3,Hired
TLB0761,20,Female,Other,High School,493,Logistics,0,35.1,64.8,87.5,74.0,No,Tier 3,15000,Yes,Visit Visa,Fluent,No,7,LinkedIn,Not Referred,4.1,3.5,Rejected
TLB0762,28,Male,Indian,Bachelor's,311,Computer Science,9,45.0,79.2,55.0,60.8,Yes,Tier 1,12900,Yes,Work Visa,Basic,No,3,Walk-in,Not Referred,3.1,3.4,Hired
TLB0763,24,Male,Emirati,Master's,718,Hospitality,3,50.5,47.7,98.1,77.5,Yes,Startup,7000,No,UAE Resident,Fluent,Yes,6,Referral,Referred,3.2,3.3,Rejected
TLB0764,22,Male,Indian,Master's,523,Business,4,76.2,60.0,72.9,77.0,No,Tier 2,8600,Yes,Work Visa,Native,No,7,Company Website,Not Referred,4.9,3.1,Hired
TLB0765,29,Female,Emirati,Bachelor's,309,Engineering,4,53.7,66.8,74.0,68.6,Yes,Tier 3,4800,Yes,UAE Resident,Intermediate,No,4,Referral,Referred,2.7,3.0,Hired
TLB0766,26,Male,British,Master's,271,Marketing,4,71.0,74.6,79.9,60.4,Yes,Tier 3,11000,Yes,UAE Resident,Fluent,No,6,LinkedIn,Not Referred,3.1,2.3,Hired
TLB0767,27,Male,Pakistani,Master's,213,Business,0,62.3,64.1,49.4,59.5,No,Tier 2,10100,No,UAE Resident,Fluent,Yes,1,LinkedIn,Not Referred,2.5,1.7,Hired
TLB0768,34,Male,Indian,Bachelor's,273,Finance,5,66.1,46.6,53.0,49.9,Yes,None,9600,No,UAE Resident,Fluent,No,7,Job Portal,Not Referred,1.9,4.9,Rejected
TLB0769,31,Male,Egyptian,Master's,279,Finance,7,72.4,44.9,68.5,67.5,Yes,Startup,13300,Yes,Work Visa,Basic,No,7,Referral,Referred,2.6,3.1,Hired
TLB0770,27,Female,Filipino,Bachelor's,236,Computer Science,0,69.1,67.2,71.5,56.5,Yes,None,9000,Yes,UAE Resident,Intermediate,No,4,Job Portal,Not Referred,2.6,2.7,Rejected
TLB0771,26,Male,Other,Bachelor's,257,Engineering,0,64.7,62.3,94.1,58.9,Yes,Tier 3,10500,Yes,Work Visa,Basic,No,0,Walk-in,Not Referred,2.8,2.5,Rejected
TLB0772,27,Male,Other,Bachelor's,61,Hospitality,8,69.9,57.1,54.7,73.7,No,Tier 3,9800,No,UAE Resident,Fluent,No,2,LinkedIn,Not Referred,3.6,3.9,Hired
TLB0773,28,Female,Egyptian,Bachelor's,186,Finance,7,68.3,55.1,87.0,88.6,No,Tier 2,11900,No,Work Visa,Fluent,No,2,Company Website,Not Referred,3.2,3.2,Rejected
TLB0774,33,Female,British,PhD,1,Marketing,6,61.9,69.6,63.5,70.2,No,Tier 3,13600,Yes,UAE Resident,Fluent,Yes,7,LinkedIn,Not Referred,3.9,2.4,Hired
TLB0775,23,Male,British,Bachelor's,382,Hospitality,2,58.5,83.6,63.4,63.5,Yes,Tier 3,5900,Yes,UAE Resident,Fluent,No,0,Referral,Referred,3.3,2.9,Hired
TLB0776,38,Female,Pakistani,Bachelor's,316,Computer Science,7,93.2,69.6,64.9,64.7,Yes,Tier 3,14000,No,UAE Resident,Native,Yes,0,Job Portal,Not Referred,3.3,3.3,Rejected
TLB0777,33,Female,Egyptian,Bachelor's,275,Computer Science,0,58.4,83.8,63.0,80.9,Yes,Tier 1,13200,No,UAE Resident,Native,Yes,6,LinkedIn,Not Referred,3.0,2.8,Hired
TLB0778,20,Male,Emirati,Bachelor's,477,Finance,4,85.5,63.5,73.3,70.4,Yes,Tier 2,13900,No,UAE Resident,Fluent,Yes,7,Walk-in,Not Referred,4.6,3.8,Hired
TLB0779,30,Female,Egyptian,Bachelor's,127,Finance,0,54.7,73.3,61.9,67.7,Yes,Tier 1,12600,Yes,UAE Resident,Intermediate,Yes,2,Company Website,Not Referred,2.9,4.8,Hired
TLB0780,36,Female,Other,Master's,157,Logistics,4,77.2,84.2,48.7,68.7,Yes,Tier 2,13600,Yes,Visit Visa,Fluent,Yes,0,Referral,Referred,3.8,2.8,Rejected
TLB0781,32,Male,Emirati,Bachelor's,3,Business,1,91.8,66.1,63.5,45.0,Yes,Tier 3,10100,Yes,UAE Resident,Fluent,Yes,7,LinkedIn,Not Referred,2.4,2.9,Hired
TLB0782,27,Female,American,Bachelor's,504,Marketing,7,59.9,68.3,72.9,70.5,Yes,None,14000,No,Work Visa,Fluent,No,6,Company Website,Not Referred,3.0,2.4,Rejected
TLB0783,29,Male,Other,Bachelor's,421,Finance,6,55.0,63.5,48.8,52.7,Yes,Tier 2,17200,Yes,Work Visa,Fluent,No,5,Referral,Referred,4.6,3.0,Rejected
TLB0784,31,Female,Indian,High School,565,Business,3,58.6,75.1,74.6,70.5,No,Tier 1,9800,Yes,Work Visa,Intermediate,No,6,LinkedIn,Not Referred,3.7,1.5,Rejected
TLB0785,34,Female,Pakistani,Master's,616,Marketing,8,64.7,78.8,82.3,54.7,No,Tier 2,9900,No,Work Visa,Intermediate,No,7,Referral,Referred,2.2,4.0,Rejected
TLB0786,21,Male,Other,Bachelor's,215,Finance,1,69.8,72.2,86.2,73.3,Yes,Tier 2,14800,No,UAE Resident,Intermediate,No,5,LinkedIn,Not Referred,2.5,2.0,Hired
TLB0787,26,Female,Other,Bachelor's,157,Business,4,64.4,65.2,71.4,62.9,No,Startup,9500,No,Work Visa,Fluent,Yes,0,Walk-in,Not Referred,4.3,2.5,Hired
TLB0788,39,Male,Indian,Master's,1,Engineering,2,58.7,50.0,43.5,49.0,Yes,Tier 1,8800,No,Visit Visa,Fluent,Yes,6,Referral,Referred,3.3,3.2,Rejected
TLB0789,30,Female,Indian,Master's,80,Business,7,94.3,67.4,75.4,60.9,Yes,None,13900,No,Visit Visa,Intermediate,Yes,0,Referral,Referred,3.0,4.2,Hired
TLB0790,39,Female,Egyptian,Master's,235,Other,7,62.0,65.7,79.6,95.9,No,None,10100,Yes,UAE Resident,Basic,No,0,Job Portal,Not Referred,2.7,2.4,Rejected
TLB0791,47,Male,Indian,Bachelor's,1,Business,9,55.7,70.8,57.9,33.2,Yes,Tier 3,17500,Yes,Work Visa,Fluent,No,3,Job Portal,Not Referred,3.0,3.0,Rejected
TLB0792,27,Male,Indian,Bachelor's,84,Computer Science,5,77.5,69.4,66.1,67.3,Yes,None,9900,No,UAE Resident,Fluent,Yes,2,Job Portal,Not Referred,4.2,3.3,Rejected
TLB0793,22,Male,Emirati,Master's,283,Computer Science,0,77.7,86.9,73.3,50.9,Yes,Tier 3,8300,Yes,UAE Resident,Intermediate,No,4,Walk-in,Not Referred,2.7,2.6,Hired
TLB0794,28,Male,Indian,Bachelor's,478,Computer Science,3,86.2,59.6,90.2,84.3,Yes,None,12000,Yes,UAE Resident,Basic,No,2,LinkedIn,Not Referred,2.8,3.0,Hired
TLB0795,36,Male,Filipino,Master's,156,Business,10,93.9,49.1,63.7,76.4,No,Tier 2,14000,No,UAE Resident,Fluent,Yes,6,Referral,Referred,3.6,1.8,Rejected
TLB0796,37,Male,Egyptian,Bachelor's,325,Marketing,3,70.2,54.3,78.6,67.6,No,None,13400,Yes,Work Visa,Fluent,No,7,Company Website,Not Referred,2.5,2.7,Hired
TLB0797,43,Male,Filipino,Master's,672,Computer Science,0,60.7,60.4,71.1,77.8,Yes,Tier 2,14400,No,Citizen,Intermediate,Yes,7,LinkedIn,Not Referred,2.5,4.1,Rejected
TLB0798,29,Male,British,Bachelor's,1,Business,6,36.5,81.0,69.6,68.4,Yes,Tier 2,9500,Yes,UAE Resident,Intermediate,Yes,3,Job Portal,Not Referred,3.2,3.8,Hired
TLB0799,32,Female,Pakistani,Bachelor's,517,Computer Science,6,50.9,52.4,84.3,65.1,Yes,None,17100,No,Work Visa,Native,No,4,LinkedIn,Not Referred,3.2,2.7,Hired
TLB0800,25,Female,Indian,Bachelor's,376,Engineering,2,68.1,54.0,56.2,56.6,No,Tier 2,4600,No,Work Visa,Fluent,Yes,0,Walk-in,Not Referred,2.6,2.3,Rejected
TLB0801,20,Female,Emirati,Bachelor's,553,Computer Science,4,47.3,73.0,70.0,59.9,No,Tier 2,8500,No,Citizen,Intermediate,No,7,Job Portal,Not Referred,3.5,2.9,Rejected
TLB0802,29,Male,Indian,Master's,493,Marketing,2,41.2,78.2,67.4,58.5,Yes,Tier 1,12200,Yes,Work Visa,Intermediate,No,2,Company Website,Not Referred,3.4,1.9,Hired
TLB0803,23,Female,Indian,Bachelor's,167,Finance,6,66.0,49.4,47.4,65.1,Yes,Tier 1,8900,Yes,UAE Resident,Intermediate,Yes,1,Referral,Referred,1.8,2.9,Hired
TLB0804,33,Female,Indian,Bachelor's,300,Hospitality,5,76.7,46.7,83.0,38.5,Yes,Tier 2,10600,No,UAE Resident,Fluent,No,6,Walk-in,Not Referred,3.7,2.8,Hired
TLB0805,20,Male,Emirati,Master's,7,Business,0,61.3,58.6,77.8,79.4,No,Tier 3,7600,Yes,Work Visa,Fluent,No,7,Job Portal,Not Referred,2.8,2.7,Hired
TLB0806,25,Male,Indian,Master's,195,Logistics,4,78.5,75.9,67.4,92.3,No,Tier 3,11100,No,UAE Resident,Intermediate,No,7,Job Portal,Not Referred,3.8,3.0,Rejected
TLB0807,31,Female,Egyptian,Bachelor's,305,Finance,2,74.2,69.7,63.6,58.9,Yes,None,14100,Yes,Citizen,Native,No,0,Job Portal,Not Referred,4.7,3.5,Rejected
TLB0808,32,Male,Filipino,PhD,360,Computer Science,10,82.2,59.0,67.0,81.4,Yes,Tier 1,9600,No,Citizen,Fluent,Yes,7,LinkedIn,Not Referred,3.2,2.3,Rejected
TLB0809,29,Male,Other,Bachelor's,457,Engineering,8,97.6,76.9,76.2,63.1,Yes,None,8000,Yes,Citizen,Fluent,No,3,LinkedIn,Not Referred,2.7,3.9,Hired
TLB0810,41,Female,British,Master's,616,Hospitality,4,100.0,69.5,67.7,56.6,Yes,Tier 3,9900,No,UAE Resident,Fluent,Yes,1,LinkedIn,Not Referred,4.2,4.0,Hired
TLB0811,39,Male,Filipino,Bachelor's,212,Business,5,76.0,66.7,58.3,59.7,Yes,Startup,17000,Yes,Work Visa,Intermediate,No,1,Company Website,Not Referred,2.6,4.9,Hired
TLB0812,25,Male,Indian,Bachelor's,528,Engineering,8,58.1,48.6,60.3,66.2,No,Startup,16900,No,Work Visa,Native,Yes,5,Company Website,Not Referred,4.5,3.3,Hired
TLB0813,39,Female,Filipino,Bachelor's,353,Finance,4,65.9,58.8,66.8,54.9,No,None,9800,No,UAE Resident,Intermediate,No,6,Referral,Referred,2.9,4.3,Hired
TLB0814,40,Female,Emirati,Bachelor's,38,Computer Science,7,88.6,91.5,54.9,73.5,Yes,Tier 1,14300,No,UAE Resident,Intermediate,Yes,3,Walk-in,Not Referred,2.8,3.9,Hired
TLB0815,29,Male,Pakistani,Bachelor's,269,Other,10,51.6,64.0,71.3,57.7,No,Tier 3,11900,Yes,UAE Resident,Fluent,Yes,4,LinkedIn,Not Referred,4.9,3.3,Rejected
TLB0816,30,Female,Indian,Bachelor's,323,Computer Science,3,86.7,56.5,56.7,50.0,Yes,None,17800,No,UAE Resident,Intermediate,Yes,5,Job Portal,Not Referred,3.5,2.1,Hired
TLB0817,29,Female,Pakistani,Master's,132,Computer Science,10,62.5,63.4,54.6,64.7,No,Startup,12900,Yes,Citizen,Fluent,No,3,Referral,Referred,4.3,3.8,Hired
TLB0818,26,Male,Indian,Bachelor's,91,Computer Science,9,68.4,69.4,100.0,55.3,Yes,Tier 1,11100,Yes,Visit Visa,Intermediate,Yes,6,Referral,Referred,3.2,3.3,Hired
TLB0819,26,Female,Egyptian,Bachelor's,85,Engineering,5,52.9,78.6,92.2,60.4,Yes,Tier 3,19200,Yes,UAE Resident,Fluent,Yes,2,LinkedIn,Not Referred,3.1,4.5,Hired
TLB0820,37,Male,American,PhD,191,Logistics,3,45.1,75.5,68.9,64.2,No,Startup,7800,Yes,Work Visa,Basic,No,2,Job Portal,Not Referred,1.2,3.7,Hired
TLB0821,32,Male,Egyptian,Master's,127,Logistics,5,60.8,59.9,78.1,46.2,No,Tier 2,13400,No,UAE Resident,Native,Yes,3,Job Portal,Not Referred,3.9,3.9,Hired
TLB0822,26,Female,Filipino,PhD,546,Other,4,84.5,83.3,80.3,85.4,Yes,Tier 3,18100,Yes,UAE Resident,Intermediate,No,4,Referral,Referred,3.5,2.6,Hired
TLB0823,24,Male,Pakistani,Bachelor's,1,Marketing,2,54.5,77.8,66.0,76.4,No,None,15000,No,UAE Resident,Fluent,Yes,2,Company Website,Not Referred,3.1,3.3,Hired
TLB0824,25,Female,Emirati,High School,322,Engineering,6,89.2,62.7,70.7,56.2,Yes,Tier 3,8600,Yes,Work Visa,Fluent,No,2,Company Website,Not Referred,3.6,1.6,Hired
TLB0825,29,Female,Egyptian,Bachelor's,405,Engineering,1,56.4,66.5,63.6,64.7,No,Tier 2,8300,Yes,Work Visa,Native,Yes,2,Referral,Referred,3.2,3.5,Hired
TLB0826,35,Male,Pakistani,Bachelor's,107,Computer Science,3,49.0,75.2,83.3,73.9,Yes,Tier 3,5700,No,Visit Visa,Fluent,No,3,Company Website,Not Referred,2.5,4.1,Hired
TLB0827,24,Female,Indian,High School,253,Other,3,68.8,80.9,83.5,67.9,No,Tier 3,18700,No,Citizen,Native,No,5,Referral,Referred,3.5,4.2,Hired
TLB0828,35,Male,Indian,Master's,231,Engineering,0,75.2,49.8,87.3,91.3,Yes,Tier 3,6900,Yes,UAE Resident,Native,Yes,2,Job Portal,Not Referred,3.1,2.8,Hired
TLB0829,31,Female,Other,Bachelor's,284,Engineering,7,67.8,68.8,70.5,61.7,Yes,Startup,15200,No,Work Visa,Intermediate,No,5,Job Portal,Not Referred,3.7,1.6,Hired
TLB0830,30,Male,Filipino,Master's,432,Marketing,4,67.3,67.6,95.2,81.6,Yes,Tier 3,5600,No,UAE Resident,Fluent,No,2,LinkedIn,Not Referred,3.0,2.7,Hired
TLB0831,36,Female,Pakistani,Bachelor's,414,Hospitality,9,89.0,61.2,66.0,46.3,Yes,None,23500,No,UAE Resident,Native,No,1,Job Portal,Not Referred,2.9,3.0,Hired
TLB0832,35,Male,Filipino,Bachelor's,180,Business,4,66.4,61.1,93.6,48.5,Yes,Startup,5900,No,Work Visa,Basic,Yes,2,Referral,Referred,2.8,3.4,Hired
TLB0833,21,Male,Pakistani,Bachelor's,1,Finance,3,57.9,80.7,61.0,88.6,No,None,12200,Yes,UAE Resident,Intermediate,Yes,6,Walk-in,Not Referred,2.6,1.5,Rejected
TLB0834,23,Female,Pakistani,PhD,333,Finance,1,48.0,74.4,50.1,59.0,No,Tier 3,17500,No,UAE Resident,Fluent,No,2,Company Website,Not Referred,2.8,3.0,Rejected
TLB0835,28,Female,Indian,Bachelor's,168,Logistics,5,84.1,93.3,93.4,48.7,Yes,Tier 2,8800,No,UAE Resident,Fluent,Yes,5,LinkedIn,Not Referred,3.5,2.3,Hired
TLB0836,32,Male,Pakistani,Bachelor's,194,Computer Science,5,58.6,61.2,75.6,64.3,Yes,Startup,14500,Yes,UAE Resident,Fluent,Yes,4,Job Portal,Not Referred,2.7,4.3,Hired
TLB0837,38,Female,Egyptian,High School,344,Computer Science,7,60.1,69.6,73.7,82.7,Yes,Tier 1,10700,No,Citizen,Intermediate,Yes,5,LinkedIn,Not Referred,2.4,1.2,Hired
TLB0838,30,Female,Emirati,Master's,212,Engineering,5,80.8,71.7,62.3,54.3,No,Tier 3,13700,Yes,UAE Resident,Intermediate,Yes,4,Job Portal,Not Referred,3.8,3.9,Rejected
TLB0839,40,Male,British,PhD,361,Logistics,12,95.8,78.8,56.0,64.4,No,Tier 1,16900,Yes,Work Visa,Intermediate,Yes,7,Walk-in,Not Referred,3.1,3.0,Hired
TLB0840,25,Male,Indian,Master's,802,Other,6,68.8,84.3,57.2,39.0,Yes,Tier 3,10100,Yes,Citizen,Basic,Yes,7,Company Website,Not Referred,3.7,1.5,Hired
TLB0841,26,Male,Egyptian,Master's,437,Marketing,1,62.9,69.1,68.8,58.4,Yes,Startup,18700,Yes,Work Visa,Intermediate,Yes,2,Company Website,Not Referred,3.0,4.4,Rejected
TLB0842,28,Female,Filipino,PhD,568,Business,1,64.9,54.9,65.0,79.0,Yes,Tier 3,13600,No,UAE Resident,Basic,No,3,Company Website,Not Referred,2.8,4.2,Hired
TLB0843,25,Male,Egyptian,Master's,402,Business,6,58.2,59.5,41.8,54.0,Yes,Tier 3,20800,No,Citizen,Intermediate,No,2,Referral,Referred,2.0,4.1,Hired
TLB0844,36,Male,Filipino,Bachelor's,315,Finance,1,59.7,69.7,89.0,47.2,Yes,Tier 1,8300,Yes,UAE Resident,Intermediate,No,5,LinkedIn,Not Referred,2.4,3.2,Rejected
TLB0845,20,Male,Other,Bachelor's,405,Business,7,59.7,81.5,61.5,54.1,No,Tier 2,9100,Yes,UAE Resident,Intermediate,No,3,Walk-in,Not Referred,2.6,2.6,Hired
TLB0846,26,Female,Pakistani,High School,395,Marketing,8,78.7,50.6,83.1,56.5,No,Tier 3,11000,Yes,Work Visa,Intermediate,No,7,Referral,Referred,3.4,3.2,Hired
TLB0847,36,Male,Egyptian,Bachelor's,472,Logistics,8,63.7,54.0,57.8,75.7,No,None,6500,No,UAE Resident,Native,Yes,5,Referral,Referred,3.1,3.5,Hired
TLB0848,28,Female,Egyptian,Bachelor's,311,Engineering,1,85.4,77.1,69.0,70.3,Yes,None,16200,Yes,Visit Visa,Native,No,3,LinkedIn,Not Referred,2.5,2.7,Rejected
TLB0849,36,Male,Indian,Bachelor's,38,Engineering,8,63.3,52.5,79.6,73.0,No,None,11700,No,UAE Resident,Fluent,No,2,Walk-in,Not Referred,1.3,2.4,Hired
TLB0850,43,Female,Indian,PhD,6,Computer Science,6,59.5,54.5,77.8,65.4,Yes,Tier 1,6800,Yes,Work Visa,Fluent,No,6,Walk-in,Not Referred,3.5,3.5,Hired
TLB0851,30,Male,Pakistani,PhD,392,Business,2,84.2,81.6,63.5,56.3,Yes,Tier 2,8300,No,Work Visa,Basic,Yes,6,Referral,Referred,3.8,3.3,Hired
TLB0852,37,Male,Indian,Bachelor's,74,Finance,4,65.3,65.3,73.6,54.1,No,Tier 3,8100,No,Citizen,Intermediate,No,7,LinkedIn,Not Referred,3.9,3.8,Hired
TLB0853,44,Female,Indian,Master's,437,Engineering,6,63.1,64.4,75.8,71.1,Yes,Tier 3,16200,No,UAE Resident,Native,No,4,Job Portal,Not Referred,2.5,4.3,Hired
TLB0854,32,Female,Indian,Bachelor's,567,Computer Science,2,65.5,84.4,65.1,87.2,Yes,Startup,14100,No,UAE Resident,Fluent,Yes,6,Referral,Referred,3.9,3.8,Hired
TLB0855,29,Male,Filipino,Bachelor's,255,Computer Science,6,87.0,55.2,52.5,51.8,No,Startup,11400,No,Citizen,Fluent,No,7,Walk-in,Not Referred,3.6,2.2,Hired
TLB0856,35,Male,Indian,Bachelor's,542,Computer Science,10,69.6,52.8,58.9,50.7,Yes,Tier 3,10400,Yes,Work Visa,Intermediate,Yes,0,Walk-in,Not Referred,3.6,3.1,Hired
TLB0857,37,Female,British,Bachelor's,351,Finance,8,83.7,87.6,62.1,49.1,Yes,Tier 3,10900,No,UAE Resident,Basic,Yes,1,Job Portal,Not Referred,2.8,3.4,Hired
TLB0858,29,Female,Pakistani,Bachelor's,305,Finance,5,61.5,70.8,67.3,76.6,Yes,None,20000,Yes,UAE Resident,Fluent,Yes,1,LinkedIn,Not Referred,3.1,3.7,Hired
TLB0859,27,Male,Egyptian,Bachelor's,314,Marketing,5,81.3,76.2,87.7,64.4,No,Tier 2,10900,No,Visit Visa,Fluent,Yes,1,Job Portal,Not Referred,4.5,3.8,Rejected
TLB0860,40,Male,Emirati,Bachelor's,133,Engineering,3,68.6,64.3,78.8,72.8,Yes,None,15900,Yes,Work Visa,Basic,Yes,2,Walk-in,Not Referred,4.4,3.1,Hired
TLB0861,28,Female,Pakistani,Bachelor's,108,Computer Science,3,78.2,66.7,56.4,57.9,Yes,Startup,10500,No,Work Visa,Intermediate,No,0,Referral,Referred,3.2,2.7,Hired
TLB0862,37,Female,Emirati,Master's,1,Engineering,0,79.5,59.6,90.9,73.7,Yes,Tier 1,19600,No,Citizen,Intermediate,No,5,Job Portal,Not Referred,3.3,3.9,Hired
TLB0863,31,Female,Egyptian,Bachelor's,153,Computer Science,5,50.9,71.8,66.0,61.0,Yes,None,6500,Yes,UAE Resident,Fluent,No,4,Referral,Referred,1.7,3.4,Hired
TLB0864,40,Male,Indian,Bachelor's,727,Other,7,66.1,78.0,75.7,43.4,Yes,None,15600,Yes,UAE Resident,Fluent,No,5,Walk-in,Not Referred,4.0,3.3,Hired
TLB0865,24,Male,Other,Bachelor's,1,Computer Science,4,79.4,70.4,54.8,77.9,No,Startup,8600,Yes,Work Visa,Intermediate,No,6,Company Website,Not Referred,3.7,2.5,Hired
TLB0866,24,Female,Indian,Bachelor's,64,Engineering,1,81.7,80.7,61.1,64.5,No,Tier 1,22000,Yes,Citizen,Native,No,1,LinkedIn,Not Referred,3.4,4.8,Hired
TLB0867,35,Female,Filipino,Bachelor's,138,Computer Science,5,83.8,75.9,80.5,60.7,No,Tier 1,15100,No,UAE Resident,Intermediate,No,2,Referral,Referred,2.8,3.3,Hired
TLB0868,23,Female,Indian,High School,148,Hospitality,9,66.6,55.4,55.6,68.9,Yes,Startup,4300,Yes,Work Visa,Intermediate,No,3,LinkedIn,Not Referred,3.2,3.0,Hired
TLB0869,30,Male,Filipino,Master's,353,Computer Science,8,88.1,66.3,67.7,44.8,No,Tier 1,7800,Yes,UAE Resident,Fluent,No,2,Referral,Referred,4.2,3.3,Hired
TLB0870,39,Male,Pakistani,Bachelor's,177,Other,4,55.1,62.6,73.1,71.0,No,Tier 1,15100,Yes,UAE Resident,Fluent,No,3,Walk-in,Not Referred,3.5,3.0,Hired
TLB0871,20,Female,Indian,Master's,260,Computer Science,12,42.6,77.0,53.7,56.7,Yes,Tier 3,15000,Yes,Citizen,Intermediate,Yes,3,LinkedIn,Not Referred,5.0,2.1,Rejected
TLB0872,32,Male,Indian,Bachelor's,130,Logistics,14,60.8,73.5,43.9,62.8,Yes,Tier 1,14600,Yes,UAE Resident,Basic,No,5,Walk-in,Not Referred,3.8,3.3,Hired
TLB0873,37,Female,Indian,Bachelor's,204,Finance,3,82.9,69.5,78.8,81.0,No,Startup,12700,No,UAE Resident,Fluent,No,1,LinkedIn,Not Referred,2.6,1.9,Hired
TLB0874,29,Male,Indian,Bachelor's,288,Business,4,48.7,80.2,100.0,74.0,No,Tier 3,10600,Yes,Visit Visa,Intermediate,Yes,2,Company Website,Not Referred,2.9,3.2,Hired
TLB0875,24,Female,Other,Bachelor's,273,Business,7,43.0,45.6,73.0,62.5,Yes,Tier 1,16900,No,UAE Resident,Fluent,No,2,Walk-in,Not Referred,2.7,1.8,Rejected
TLB0876,28,Female,Pakistani,Bachelor's,696,Business,1,39.2,60.8,75.5,63.6,No,Tier 3,8100,Yes,UAE Resident,Basic,Yes,1,Company Website,Not Referred,3.8,1.4,Rejected
TLB0877,24,Male,Emirati,High School,294,Logistics,7,76.0,61.8,55.5,29.2,Yes,Tier 1,12200,Yes,Visit Visa,Intermediate,No,6,Job Portal,Not Referred,4.0,3.6,Rejected
TLB0878,30,Male,Other,Bachelor's,258,Logistics,5,43.3,71.0,86.1,53.5,No,Tier 1,9200,Yes,UAE Resident,Fluent,No,4,Walk-in,Not Referred,4.4,2.2,Rejected
TLB0879,28,Female,Emirati,Master's,1,Computer Science,6,73.2,74.6,62.1,67.3,No,Tier 3,8900,Yes,Work Visa,Intermediate,No,6,Company Website,Not Referred,3.0,3.4,Rejected
TLB0880,26,Female,Pakistani,Bachelor's,347,Business,2,60.1,68.0,82.1,54.3,Yes,Tier 3,9900,No,UAE Resident,Intermediate,No,0,Job Portal,Not Referred,3.5,3.2,Rejected
TLB0881,32,Male,Egyptian,High School,1,Business,2,53.4,52.2,74.9,46.4,Yes,Tier 2,8700,No,UAE Resident,Intermediate,No,5,LinkedIn,Not Referred,4.1,3.2,Hired
TLB0882,39,Female,Other,Master's,410,Computer Science,0,50.0,72.9,75.2,71.7,No,Tier 3,14500,Yes,Work Visa,Fluent,No,5,Referral,Referred,4.3,2.6,Rejected
TLB0883,31,Female,Egyptian,Bachelor's,328,Finance,10,68.1,69.5,74.7,83.3,Yes,Tier 2,5400,No,UAE Resident,Intermediate,No,6,LinkedIn,Not Referred,2.3,3.0,Hired
TLB0884,38,Male,Pakistani,Master's,459,Business,8,53.7,50.4,74.3,54.9,Yes,Tier 3,13900,No,Citizen,Intermediate,Yes,3,Job Portal,Not Referred,3.6,2.6,Rejected
TLB0885,39,Male,Other,PhD,173,Business,7,64.9,64.5,70.7,77.3,No,Tier 2,9100,No,Citizen,Fluent,No,5,Company Website,Not Referred,2.4,3.9,Hired
TLB0886,26,Male,Emirati,PhD,305,Logistics,6,71.0,72.5,79.6,75.1,No,Startup,12100,Yes,Visit Visa,Fluent,Yes,4,Company Website,Not Referred,2.8,2.7,Hired
TLB0887,31,Male,Other,Bachelor's,435,Hospitality,0,74.2,87.8,57.6,51.3,Yes,Tier 3,11200,Yes,UAE Resident,Intermediate,No,6,Walk-in,Not Referred,2.3,2.9,Hired
TLB0888,27,Male,American,Bachelor's,114,Hospitality,2,79.0,54.9,63.9,54.8,No,Tier 2,9800,Yes,UAE Resident,Intermediate,Yes,6,LinkedIn,Not Referred,2.8,3.7,Hired
TLB0889,21,Male,Other,Bachelor's,422,Computer Science,4,67.5,77.5,86.1,90.2,No,Startup,17500,Yes,Citizen,Fluent,No,6,Walk-in,Not Referred,2.2,2.6,Rejected
TLB0890,32,Female,Indian,Bachelor's,412,Other,1,49.2,55.1,69.2,49.4,Yes,Startup,10300,No,UAE Resident,Intermediate,Yes,1,LinkedIn,Not Referred,2.4,1.7,Rejected
TLB0891,23,Male,Indian,Bachelor's,273,Marketing,0,72.0,52.8,62.8,56.5,Yes,Tier 1,15200,Yes,Work Visa,Native,No,5,Referral,Referred,2.6,2.3,Rejected
TLB0892,32,Female,Egyptian,Bachelor's,615,Engineering,1,74.8,53.5,80.5,92.5,Yes,Tier 3,15200,Yes,Visit Visa,Intermediate,No,1,Company Website,Not Referred,3.4,3.9,Hired
TLB0893,20,Male,Pakistani,High School,403,Computer Science,5,62.3,75.3,77.9,57.0,Yes,Startup,10800,No,UAE Resident,Fluent,Yes,3,Referral,Referred,3.2,3.2,Hired
TLB0894,31,Male,Pakistani,Bachelor's,1,Logistics,5,60.7,69.6,50.1,83.9,Yes,Tier 1,6300,No,UAE Resident,Native,No,7,Company Website,Not Referred,2.0,3.3,Rejected
TLB0895,20,Female,Other,Bachelor's,497,Marketing,8,100.0,64.2,76.5,50.7,Yes,None,8000,Yes,Work Visa,Basic,Yes,1,Job Portal,Not Referred,5.0,3.3,Hired
TLB0896,34,Female,Filipino,Bachelor's,168,Logistics,12,45.6,73.5,68.8,66.9,Yes,Tier 3,17800,Yes,Work Visa,Intermediate,Yes,5,Job Portal,Not Referred,2.9,4.5,Hired
TLB0897,27,Male,Indian,Master's,459,Finance,7,72.4,68.5,76.3,80.2,Yes,Startup,14200,Yes,UAE Resident,Fluent,No,2,LinkedIn,Not Referred,2.3,1.4,Hired
TLB0898,27,Male,Pakistani,High School,359,Hospitality,4,80.7,69.3,67.1,58.5,Yes,None,12600,Yes,Work Visa,Basic,Yes,2,LinkedIn,Not Referred,3.6,3.0,Rejected
TLB0899,36,Male,Indian,Bachelor's,1,Finance,11,59.9,64.4,73.0,66.4,Yes,None,9400,No,Visit Visa,Basic,No,0,LinkedIn,Not Referred,3.2,3.1,Hired
TLB0900,28,Male,Indian,PhD,420,Other,0,62.5,55.7,43.2,75.4,No,Tier 3,19800,Yes,UAE Resident,Intermediate,Yes,5,Referral,Referred,2.6,3.1,Hired
TLB0901,30,Male,Indian,Bachelor's,255,Business,0,59.0,88.3,55.4,52.4,No,Startup,8100,No,UAE Resident,Native,No,6,LinkedIn,Not Referred,3.5,3.7,Hired
TLB0902,28,Male,British,Bachelor's,208,Business,1,65.0,84.8,76.6,96.4,No,Tier 2,12600,Yes,Work Visa,Fluent,No,3,Referral,Referred,2.7,3.8,Hired
TLB0903,33,Male,Egyptian,Master's,215,Finance,7,78.5,87.1,100.0,79.5,Yes,Tier 2,14300,No,Visit Visa,Intermediate,No,1,Job Portal,Not Referred,3.0,2.9,Hired
TLB0904,36,Male,Pakistani,Bachelor's,457,Engineering,5,62.0,61.5,71.8,60.0,Yes,None,6100,No,Citizen,Basic,Yes,4,Walk-in,Not Referred,4.2,1.7,Rejected
TLB0905,35,Female,Indian,Bachelor's,115,Marketing,1,100.0,59.8,58.0,61.7,No,Tier 2,8600,No,UAE Resident,Fluent,Yes,7,Job Portal,Not Referred,3.3,5.0,Hired
TLB0906,27,Female,Egyptian,Master's,522,Finance,2,58.2,63.0,68.8,91.8,No,None,9900,No,Citizen,Fluent,No,6,LinkedIn,Not Referred,3.6,3.1,Rejected
TLB0907,37,Male,British,Master's,1,Marketing,0,85.7,80.9,55.4,60.0,No,Tier 1,15900,Yes,Visit Visa,Fluent,Yes,6,Company Website,Not Referred,2.8,3.2,Rejected
TLB0908,24,Male,Other,Master's,359,Hospitality,0,73.2,68.0,83.2,58.4,Yes,Tier 2,10000,Yes,Work Visa,Fluent,No,0,LinkedIn,Not Referred,3.3,4.1,Rejected
TLB0909,25,Male,Pakistani,PhD,454,Business,10,66.6,61.5,67.6,81.0,Yes,Tier 2,5500,No,UAE Resident,Intermediate,No,7,Referral,Referred,2.7,2.8,Hired
TLB0910,29,Male,British,Bachelor's,449,Logistics,4,87.1,72.4,80.7,45.4,Yes,Tier 3,5100,Yes,UAE Resident,Native,No,4,Referral,Referred,2.6,4.1,Rejected
TLB0911,36,Female,Pakistani,Master's,336,Computer Science,11,41.0,59.2,65.0,63.9,No,Tier 1,8500,No,Work Visa,Intermediate,Yes,5,Walk-in,Not Referred,2.9,2.9,Hired
TLB0912,22,Female,Pakistani,Bachelor's,258,Finance,1,71.4,51.7,81.8,66.2,No,Tier 2,5300,Yes,UAE Resident,Intermediate,No,2,Company Website,Not Referred,2.7,4.6,Hired
TLB0913,35,Female,American,Master's,190,Logistics,6,54.3,69.6,45.9,55.1,Yes,None,15500,Yes,UAE Resident,Fluent,No,7,LinkedIn,Not Referred,3.9,3.5,Hired
TLB0914,29,Female,Indian,Master's,55,Business,5,58.5,61.8,67.3,43.1,Yes,Startup,15600,Yes,Citizen,Intermediate,No,4,Company Website,Not Referred,3.6,2.6,Hired
TLB0915,27,Female,Indian,Master's,162,Business,8,57.8,67.8,74.0,66.0,Yes,Startup,12000,No,UAE Resident,Native,No,1,Walk-in,Not Referred,1.6,4.8,Hired
TLB0916,36,Female,Indian,Master's,107,Business,5,50.5,35.8,63.5,74.6,No,Tier 1,10800,No,Citizen,Native,Yes,2,LinkedIn,Not Referred,4.4,3.6,Hired
TLB0917,25,Male,Pakistani,Bachelor's,74,Marketing,8,40.2,57.3,71.7,55.5,Yes,Tier 2,15300,No,Work Visa,Fluent,No,1,Job Portal,Not Referred,3.6,2.6,Rejected
TLB0918,43,Male,Pakistani,Master's,660,Engineering,6,70.8,67.5,71.5,48.5,Yes,Startup,15200,No,Visit Visa,Fluent,Yes,7,LinkedIn,Not Referred,4.0,2.0,Rejected
TLB0919,28,Male,Egyptian,Bachelor's,1,Computer Science,1,64.0,49.8,80.6,82.6,Yes,Tier 1,7600,No,UAE Resident,Fluent,Yes,6,LinkedIn,Not Referred,3.1,3.7,Rejected
TLB0920,30,Male,Pakistani,Bachelor's,525,Logistics,7,60.5,50.2,75.1,72.4,No,Tier 3,8200,Yes,Work Visa,Basic,Yes,4,Job Portal,Not Referred,2.2,4.2,Rejected
TLB0921,39,Male,Indian,Master's,52,Business,4,76.4,68.5,72.1,59.9,Yes,None,15200,No,Work Visa,Fluent,No,6,LinkedIn,Not Referred,2.3,3.4,Hired
TLB0922,31,Female,American,Master's,95,Marketing,2,71.8,76.4,78.4,77.9,Yes,Tier 1,13200,Yes,Citizen,Fluent,Yes,6,Job Portal,Not Referred,4.4,3.4,Hired
TLB0923,37,Female,Indian,Bachelor's,92,Marketing,7,61.0,57.3,49.4,68.4,Yes,None,14700,No,UAE Resident,Intermediate,Yes,2,LinkedIn,Not Referred,2.1,4.3,Hired
TLB0924,20,Male,Other,Bachelor's,77,Computer Science,8,100.0,64.9,57.2,90.0,No,Tier 2,8000,No,UAE Resident,Basic,No,2,Company Website,Not Referred,2.2,3.6,Hired
TLB0925,27,Male,Indian,Bachelor's,484,Computer Science,3,80.3,65.1,49.0,74.3,Yes,Tier 2,8600,No,Citizen,Fluent,No,7,Company Website,Not Referred,2.9,2.6,Rejected
TLB0926,32,Male,Filipino,Bachelor's,417,Other,3,100.0,49.3,74.1,45.5,No,Tier 2,14100,Yes,UAE Resident,Native,No,2,Job Portal,Not Referred,2.2,2.6,Rejected
TLB0927,36,Male,Pakistani,Bachelor's,253,Finance,0,58.8,82.2,72.4,55.8,No,None,8900,Yes,Work Visa,Fluent,No,0,Job Portal,Not Referred,3.6,3.5,Hired
TLB0928,34,Female,British,Master's,841,Computer Science,0,68.7,65.8,85.0,56.4,Yes,Tier 3,5200,Yes,UAE Resident,Fluent,No,6,Company Website,Not Referred,3.6,3.5,Hired
TLB0929,34,Female,Indian,Bachelor's,296,Hospitality,4,46.4,65.9,71.6,69.3,No,Startup,9000,Yes,UAE Resident,Fluent,Yes,1,Referral,Referred,3.5,4.0,Hired
TLB0930,36,Female,Other,PhD,311,Engineering,7,60.0,72.5,58.8,60.8,Yes,Tier 2,11100,No,Work Visa,Intermediate,Yes,1,LinkedIn,Not Referred,2.8,3.4,Hired
TLB0931,32,Male,Pakistani,Bachelor's,162,Computer Science,2,56.2,49.3,68.7,49.2,No,None,19700,No,Work Visa,Fluent,No,5,Company Website,Not Referred,3.4,3.6,Rejected
TLB0932,20,Male,Filipino,Master's,139,Finance,9,100.0,79.0,42.6,73.2,Yes,Tier 3,8200,Yes,Work Visa,Fluent,No,7,Referral,Referred,4.4,3.4,Hired
TLB0933,38,Male,Pakistani,Bachelor's,193,Engineering,4,54.6,80.6,61.7,79.0,Yes,Tier 3,11700,Yes,UAE Resident,Intermediate,Yes,0,LinkedIn,Not Referred,2.2,3.9,Rejected
TLB0934,24,Female,Emirati,Master's,470,Business,4,61.5,69.7,36.5,63.6,Yes,Startup,21200,No,Work Visa,Fluent,Yes,5,Walk-in,Not Referred,4.0,3.7,Rejected
TLB0935,31,Female,Pakistani,Master's,414,Logistics,3,43.2,73.5,71.3,67.9,No,Startup,7100,Yes,Citizen,Fluent,No,2,Referral,Referred,3.8,2.9,Rejected
TLB0936,31,Male,Indian,Master's,558,Business,8,73.0,64.1,63.4,51.5,Yes,Startup,15000,Yes,UAE Resident,Intermediate,No,7,LinkedIn,Not Referred,3.1,2.9,Hired
TLB0937,30,Female,Indian,Master's,156,Business,1,51.5,78.4,65.3,57.7,No,Tier 1,8800,No,UAE Resident,Native,No,7,Walk-in,Not Referred,3.3,3.4,Hired
TLB0938,23,Male,Filipino,Bachelor's,417,Business,4,78.8,58.1,54.9,58.3,Yes,None,13800,Yes,UAE Resident,Fluent,No,0,Company Website,Not Referred,3.4,3.2,Rejected
TLB0939,20,Female,Pakistani,High School,361,Hospitality,3,38.2,67.6,58.3,72.8,No,Tier 2,22500,No,Visit Visa,Native,No,0,Job Portal,Not Referred,2.5,4.2,Rejected
TLB0940,23,Male,Emirati,Bachelor's,386,Finance,3,63.2,68.3,76.0,68.6,Yes,None,15600,No,UAE Resident,Intermediate,No,3,LinkedIn,Not Referred,2.1,3.3,Hired
TLB0941,34,Male,Emirati,Master's,127,Other,5,37.3,67.5,48.3,60.4,Yes,Tier 2,12700,Yes,Work Visa,Intermediate,Yes,0,Referral,Referred,3.8,2.0,Hired
TLB0942,21,Female,Indian,Bachelor's,92,Business,4,57.6,80.8,73.6,59.8,Yes,Tier 1,7700,Yes,UAE Resident,Fluent,No,2,Company Website,Not Referred,2.3,2.2,Hired
TLB0943,24,Male,Indian,Bachelor's,407,Hospitality,8,60.7,94.3,56.5,37.5,No,Tier 2,11200,Yes,Work Visa,Fluent,No,1,LinkedIn,Not Referred,2.4,2.9,Rejected
TLB0944,32,Male,Filipino,Bachelor's,474,Marketing,4,56.0,66.7,45.1,87.5,Yes,Tier 3,9500,No,Visit Visa,Fluent,No,7,Job Portal,Not Referred,2.8,3.7,Hired
TLB0945,23,Male,Indian,Bachelor's,176,Business,6,57.5,73.6,82.9,35.8,Yes,Tier 2,5500,Yes,Work Visa,Fluent,No,5,LinkedIn,Not Referred,3.4,2.5,Hired
TLB0946,26,Male,Other,Master's,421,Computer Science,5,79.6,58.4,84.3,70.9,No,None,3000,No,UAE Resident,Intermediate,Yes,1,LinkedIn,Not Referred,2.9,3.6,Rejected
TLB0947,30,Female,Indian,Master's,539,Logistics,9,97.6,80.4,60.0,65.5,Yes,Startup,8300,No,UAE Resident,Basic,No,4,LinkedIn,Not Referred,2.7,2.5,Rejected
TLB0948,31,Female,Emirati,Master's,227,Business,3,70.1,61.8,59.9,61.3,No,Tier 2,11900,Yes,Work Visa,Fluent,No,5,LinkedIn,Not Referred,3.9,3.2,Hired
TLB0949,23,Female,American,Master's,12,Finance,3,52.1,100.0,63.7,64.9,No,Tier 3,17000,Yes,UAE Resident,Fluent,No,6,LinkedIn,Not Referred,3.0,3.4,Hired
TLB0950,30,Male,Indian,Master's,37,Marketing,7,66.0,48.0,56.5,55.7,Yes,Startup,8700,Yes,Visit Visa,Intermediate,No,5,Job Portal,Not Referred,2.6,2.2,Hired
TLB0951,32,Male,Pakistani,Bachelor's,164,Computer Science,3,59.7,93.8,58.8,74.1,Yes,None,12900,No,UAE Resident,Fluent,No,4,Company Website,Not Referred,3.5,3.4,Hired
TLB0952,22,Male,Other,PhD,210,Other,6,78.3,79.9,72.9,46.6,Yes,Tier 2,4300,No,UAE Resident,Fluent,Yes,6,LinkedIn,Not Referred,3.2,4.4,Hired
TLB0953,31,Male,Other,Bachelor's,292,Logistics,13,69.3,54.5,94.0,69.6,No,None,8400,No,UAE Resident,Basic,Yes,2,Company Website,Not Referred,3.2,2.9,Hired
TLB0954,25,Male,Egyptian,Master's,296,Engineering,1,41.3,95.8,62.4,55.5,No,Tier 1,3000,Yes,Work Visa,Fluent,No,7,LinkedIn,Not Referred,3.5,3.2,Rejected
TLB0955,30,Female,Emirati,Master's,245,Finance,10,81.5,56.9,80.3,59.0,Yes,Startup,22100,No,Citizen,Native,No,1,Referral,Referred,3.1,3.3,Hired
TLB0956,34,Female,Filipino,Bachelor's,435,Engineering,3,79.5,64.2,71.6,59.4,Yes,Startup,12900,No,UAE Resident,Fluent,No,6,Job Portal,Not Referred,3.8,3.2,Rejected
TLB0957,28,Female,Other,Bachelor's,147,Hospitality,9,87.4,52.4,45.3,62.7,Yes,Tier 3,12700,No,UAE Resident,Intermediate,No,7,Job Portal,Not Referred,2.2,3.1,Hired
TLB0958,35,Male,Other,Bachelor's,552,Computer Science,7,57.3,66.2,66.7,72.0,Yes,Tier 1,14400,No,UAE Resident,Intermediate,Yes,2,Company Website,Not Referred,4.1,3.1,Hired
TLB0959,34,Male,Indian,Bachelor's,488,Engineering,7,69.5,67.4,65.0,64.5,Yes,Startup,23400,Yes,Citizen,Fluent,No,5,LinkedIn,Not Referred,2.6,1.8,Hired
TLB0960,35,Male,Indian,Master's,473,Business,4,47.2,78.0,86.0,78.1,No,Tier 2,10000,Yes,Visit Visa,Intermediate,No,6,LinkedIn,Not Referred,2.1,3.5,Hired
TLB0961,32,Male,Indian,Bachelor's,168,Engineering,4,64.2,97.3,86.6,79.6,Yes,Tier 2,7600,No,UAE Resident,Fluent,No,2,Job Portal,Not Referred,2.6,2.2,Hired
TLB0962,36,Male,Indian,Bachelor's,276,Engineering,2,71.0,61.8,71.9,69.3,Yes,Tier 2,21000,No,Work Visa,Basic,No,4,Company Website,Not Referred,3.0,3.4,Hired
TLB0963,32,Male,Egyptian,Bachelor's,444,Computer Science,5,55.5,35.0,82.8,74.6,Yes,Startup,6500,Yes,Visit Visa,Fluent,Yes,6,Company Website,Not Referred,2.7,3.7,Hired
TLB0964,20,Male,Indian,Bachelor's,260,Other,4,70.1,75.8,65.1,93.3,No,Tier 2,17800,No,Visit Visa,Native,Yes,5,Walk-in,Not Referred,2.5,3.4,Hired
TLB0965,25,Female,Indian,Bachelor's,160,Computer Science,5,67.5,61.4,81.6,45.2,Yes,Tier 3,11700,No,UAE Resident,Intermediate,Yes,6,Referral,Referred,3.9,2.4,Hired
TLB0966,28,Male,Emirati,Bachelor's,152,Computer Science,0,58.3,89.8,68.3,80.1,No,None,14000,Yes,Work Visa,Fluent,Yes,2,Job Portal,Not Referred,2.6,3.4,Hired
TLB0967,29,Female,Pakistani,Bachelor's,161,Engineering,5,86.0,67.6,81.3,86.6,No,Startup,5500,Yes,Work Visa,Intermediate,No,4,Company Website,Not Referred,1.6,2.9,Rejected
TLB0968,32,Male,Indian,Bachelor's,67,Finance,9,61.5,58.9,82.6,71.1,No,Tier 3,23700,Yes,UAE Resident,Fluent,No,6,LinkedIn,Not Referred,3.0,2.6,Rejected
TLB0969,25,Male,Pakistani,Bachelor's,874,Computer Science,8,67.0,55.8,76.3,91.7,Yes,Tier 3,10300,No,UAE Resident,Fluent,Yes,1,LinkedIn,Not Referred,4.6,4.8,Hired
TLB0970,42,Male,Indian,Bachelor's,1,Marketing,5,43.0,75.5,57.4,89.8,No,Tier 2,8800,No,UAE Resident,Fluent,No,3,Company Website,Not Referred,2.5,2.4,Rejected
TLB0971,29,Male,Other,Master's,103,Finance,13,72.8,64.7,61.5,60.3,Yes,Tier 3,14500,No,UAE Resident,Fluent,Yes,4,LinkedIn,Not Referred,2.6,3.5,Hired
TLB0972,29,Male,Indian,Bachelor's,419,Computer Science,2,57.8,85.6,76.8,61.4,Yes,Tier 1,9100,Yes,UAE Resident,Native,No,6,Company Website,Not Referred,2.9,4.3,Rejected
TLB0973,25,Male,Pakistani,Bachelor's,163,Other,4,79.4,65.5,78.6,72.4,No,Tier 1,13900,Yes,Visit Visa,Fluent,No,6,Job Portal,Not Referred,4.3,3.4,Hired
TLB0974,23,Female,Indian,PhD,229,Business,0,45.3,85.0,69.1,56.3,No,Tier 1,6300,Yes,Visit Visa,Fluent,Yes,3,Referral,Referred,2.9,2.6,Hired
TLB0975,29,Male,Emirati,Bachelor's,379,Finance,3,71.5,51.4,62.9,100.0,Yes,Tier 3,12700,Yes,UAE Resident,Intermediate,Yes,7,Company Website,Not Referred,2.5,2.7,Hired
TLB0976,30,Female,Indian,High School,506,Computer Science,11,32.3,47.1,69.5,76.0,No,Tier 2,9300,No,UAE Resident,Intermediate,Yes,4,Company Website,Not Referred,3.5,2.0,Hired
TLB0977,29,Male,Emirati,Master's,245,Finance,3,74.2,78.0,63.4,65.7,No,Tier 1,8500,No,Work Visa,Fluent,Yes,4,Referral,Referred,3.4,3.2,Hired
TLB0978,39,Male,Indian,Bachelor's,484,Logistics,0,62.4,62.4,63.5,45.3,No,None,7800,No,UAE Resident,Native,No,0,Job Portal,Not Referred,3.5,3.2,Hired
TLB0979,29,Male,Pakistani,Master's,1,Computer Science,8,71.0,64.8,92.5,68.5,No,Tier 1,16000,No,UAE Resident,Native,Yes,1,LinkedIn,Not Referred,2.5,2.9,Rejected
TLB0980,29,Male,Egyptian,Master's,178,Computer Science,6,56.0,55.9,60.8,48.4,Yes,Startup,10400,Yes,Visit Visa,Fluent,Yes,0,Walk-in,Not Referred,2.8,4.2,Hired
TLB0981,34,Female,Emirati,PhD,398,Business,7,50.8,55.0,73.6,75.6,Yes,Tier 3,11200,Yes,UAE Resident,Fluent,No,0,LinkedIn,Not Referred,4.0,3.1,Hired
TLB0982,28,Female,Pakistani,PhD,694,Computer Science,3,58.5,75.6,69.0,30.0,Yes,Tier 3,13900,No,UAE Resident,Fluent,Yes,7,LinkedIn,Not Referred,3.5,1.9,Hired
TLB0983,33,Female,Filipino,Bachelor's,106,Other,1,67.9,67.8,51.1,84.4,Yes,Tier 1,17100,No,Work Visa,Basic,Yes,2,Job Portal,Not Referred,3.8,4.3,Rejected
TLB0984,22,Male,Indian,Master's,71,Marketing,4,73.6,55.3,50.6,59.1,No,Tier 1,7800,Yes,Work Visa,Intermediate,Yes,5,LinkedIn,Not Referred,3.2,2.2,Hired
TLB0985,22,Male,Indian,Bachelor's,368,Marketing,6,69.6,77.5,65.9,41.3,No,None,13000,No,UAE Resident,Native,No,4,LinkedIn,Not Referred,3.9,3.5,Hired
TLB0986,30,Female,Emirati,Bachelor's,310,Other,4,50.9,82.1,41.6,64.8,Yes,Tier 3,7900,No,Work Visa,Fluent,No,1,LinkedIn,Not Referred,3.4,3.6,Rejected
TLB0987,28,Male,Indian,Bachelor's,156,Logistics,6,92.6,66.7,90.8,65.2,No,Tier 1,11100,No,Citizen,Native,No,6,Job Portal,Not Referred,2.8,3.1,Hired
TLB0988,25,Male,Pakistani,High School,56,Logistics,3,70.0,80.0,62.3,64.1,Yes,Tier 2,16800,Yes,UAE Resident,Native,Yes,4,Company Website,Not Referred,3.7,3.9,Hired
TLB0989,30,Male,Other,High School,197,Business,6,55.7,56.0,61.2,84.3,No,Tier 3,3000,Yes,Work Visa,Fluent,Yes,6,LinkedIn,Not Referred,2.6,3.2,Hired
TLB0990,31,Female,Other,High School,404,Business,4,71.4,74.9,82.9,70.3,Yes,Tier 1,7800,No,UAE Resident,Native,No,6,Referral,Referred,4.3,2.8,Rejected
TLB0991,25,Female,Other,Bachelor's,233,Business,2,68.8,69.9,65.2,76.1,No,Tier 3,11000,Yes,UAE Resident,Native,No,6,LinkedIn,Not Referred,3.9,1.5,Rejected
TLB0992,26,Female,Pakistani,Bachelor's,534,Business,5,62.4,58.5,75.5,61.5,Yes,Tier 3,13700,Yes,UAE Resident,Native,Yes,4,Walk-in,Not Referred,3.0,1.7,Hired
TLB0993,31,Female,Emirati,Master's,272,Engineering,3,60.6,92.6,59.6,71.0,Yes,Tier 3,17500,No,UAE Resident,Intermediate,No,1,LinkedIn,Not Referred,3.1,5.0,Rejected
TLB0994,23,Male,Indian,Bachelor's,420,Computer Science,7,79.8,70.8,67.6,46.7,Yes,None,4400,Yes,UAE Resident,Native,Yes,3,Company Website,Not Referred,3.3,3.7,Hired
TLB0995,26,Female,Indian,Master's,355,Business,8,90.9,60.9,79.6,68.6,No,Tier 3,18400,Yes,Visit Visa,Basic,Yes,5,Referral,Referred,3.1,4.1,Rejected
TLB0996,33,Male,Emirati,Master's,219,Engineering,6,34.5,68.2,55.8,54.4,Yes,None,14300,Yes,UAE Resident,Fluent,No,6,Company Website,Not Referred,4.1,5.0,Hired
TLB0997,29,Female,Emirati,Master's,466,Business,0,83.5,57.6,73.9,83.5,Yes,Tier 3,10900,Yes,Citizen,Fluent,No,4,Walk-in,Not Referred,2.8,2.8,Hired
TLB0998,27,Male,Pakistani,Bachelor's,56,Computer Science,1,65.3,54.1,35.6,66.1,No,Tier 3,5400,Yes,UAE Resident,Fluent,No,0,Referral,Referred,2.1,3.0,Rejected
TLB0999,24,Female,Indian,Master's,189,Engineering,2,68.6,62.6,83.5,74.3,No,Startup,9400,No,Visit Visa,Fluent,Yes,7,Job Portal,Not Referred,3.0,1.8,Hired
TLB1000,23,Male,Indian,Master's,217,Engineering,2,85.3,63.4,59.8,68.7,No,Tier 3,16600,Yes,Work Visa,Fluent,Yes,5,Referral,Referred,3.7,2.9,Rejected
TLB1001,29,Male,Egyptian,Master's,376,Finance,3,25.2,58.3,65.9,90.3,No,Tier 1,12100,Yes,UAE Resident,Fluent,Yes,4,Company Website,Not Referred,3.9,2.9,Rejected
TLB1002,42,Male,Indian,Master's,426,Finance,8,77.2,83.0,65.7,43.2,Yes,None,11200,Yes,Work Visa,Fluent,Yes,3,Referral,Referred,3.3,2.8,Hired
TLB1003,33,Male,American,Bachelor's,136,Business,7,84.2,58.8,54.3,63.4,No,None,7600,Yes,Visit Visa,Fluent,Yes,3,LinkedIn,Not Referred,2.8,4.0,Hired
TLB1004,22,Male,Indian,Bachelor's,108,Computer Science,3,54.7,56.8,53.3,51.6,Yes,Tier 2,15300,Yes,UAE Resident,Native,Yes,5,LinkedIn,Not Referred,3.2,3.7,Rejected
TLB1005,34,Female,Pakistani,Master's,315,Business,7,44.1,53.8,73.8,36.3,No,Tier 3,11300,Yes,UAE Resident,Intermediate,No,5,LinkedIn,Not Referred,2.7,3.9,Hired
TLB1006,25,Male,Indian,Bachelor's,1,Computer Science,6,89.6,52.6,74.4,50.6,No,Startup,10900,No,Work Visa,Intermediate,No,2,Walk-in,Not Referred,1.6,2.2,Hired
TLB1007,29,Female,Pakistani,Master's,501,Engineering,4,38.7,80.3,55.5,81.4,No,None,11600,No,Work Visa,Intermediate,No,3,Job Portal,Not Referred,2.6,3.2,Hired
TLB1008,26,Male,Indian,High School,255,Other,9,71.3,71.1,74.0,64.6,No,Tier 3,9100,Yes,UAE Resident,Basic,No,1,LinkedIn,Not Referred,3.6,3.4,Hired
TLB1009,42,Female,Indian,High School,66,Business,2,80.3,76.3,74.3,61.9,No,Tier 1,8300,Yes,Visit Visa,Fluent,No,2,Company Website,Not Referred,3.0,4.6,Hired
TLB1010,23,Male,Filipino,Bachelor's,62,Business,5,70.9,80.2,62.1,75.8,No,Startup,5200,No,UAE Resident,Intermediate,No,7,Job Portal,Not Referred,3.0,3.2,Hired
TLB1011,31,Female,Indian,High School,362,Finance,1,73.5,64.0,50.2,66.6,Yes,Tier 1,9200,No,UAE Resident,Fluent,No,2,Referral,Referred,4.0,3.0,Hired
TLB1012,25,Female,Indian,PhD,357,Engineering,1,61.0,85.7,66.5,73.6,Yes,Startup,3900,Yes,Work Visa,Fluent,Yes,6,Referral,Referred,2.5,4.0,Rejected
TLB1013,34,Male,Other,High School,146,Computer Science,0,71.9,60.5,71.7,69.5,No,Tier 3,14200,No,Citizen,Intermediate,Yes,3,Job Portal,Not Referred,2.6,2.9,Hired
TLB1014,31,Female,Emirati,Master's,277,Computer Science,1,54.4,54.9,66.2,72.6,No,Tier 3,9000,Yes,UAE Resident,Fluent,No,7,LinkedIn,Not Referred,3.4,3.5,Hired
TLB1015,37,Male,Filipino,Bachelor's,74,Other,5,56.3,72.5,59.3,58.7,No,Tier 2,10200,No,UAE Resident,Fluent,No,4,Company Website,Not Referred,2.7,3.5,Rejected
TLB1016,34,Male,Pakistani,PhD,248,Computer Science,3,65.5,69.7,73.1,79.7,Yes,Tier 3,11800,No,UAE Resident,Fluent,Yes,6,LinkedIn,Not Referred,2.7,2.7,Rejected
TLB1017,25,Female,Indian,Bachelor's,595,Finance,4,41.9,69.7,83.4,48.0,Yes,Tier 3,8400,No,Work Visa,Native,No,3,LinkedIn,Not Referred,4.3,2.6,Rejected
TLB1018,47,Female,Pakistani,High School,726,Hospitality,3,73.7,80.2,57.0,63.8,No,Tier 2,6700,Yes,UAE Resident,Fluent,No,0,Company Website,Not Referred,2.4,3.1,Hired
TLB1019,33,Male,Emirati,High School,257,Business,11,27.8,69.3,63.1,80.4,No,Tier 2,13000,Yes,UAE Resident,Intermediate,Yes,2,Job Portal,Not Referred,2.7,2.8,Hired
TLB1020,26,Male,Egyptian,Bachelor's,386,Finance,1,70.4,71.8,100.0,62.8,Yes,Tier 2,20500,Yes,UAE Resident,Fluent,Yes,5,Walk-in,Not Referred,3.5,1.9,Hired
TLB1021,31,Female,Indian,PhD,378,Computer Science,0,71.9,84.3,70.8,59.0,Yes,None,16100,No,Citizen,Native,No,1,LinkedIn,Not Referred,3.2,3.7,Rejected
TLB1022,33,Female,Indian,PhD,1,Business,2,53.1,71.2,50.5,97.0,Yes,Tier 3,17800,Yes,UAE Resident,Native,Yes,3,Job Portal,Not Referred,2.2,3.6,Rejected
TLB1023,33,Female,Indian,Bachelor's,70,Business,4,46.5,73.9,60.8,84.9,Yes,Startup,6200,Yes,Work Visa,Basic,Yes,0,Walk-in,Not Referred,4.4,2.5,Hired
TLB1024,32,Male,Other,Bachelor's,1,Other,6,58.9,51.0,57.2,67.0,No,Tier 3,11100,Yes,UAE Resident,Basic,No,2,Company Website,Not Referred,2.6,2.4,Hired
TLB1025,35,Female,British,Bachelor's,389,Business,7,74.6,100.0,71.9,51.4,Yes,None,11100,Yes,UAE Resident,Intermediate,No,0,Walk-in,Not Referred,3.0,3.5,Rejected
TLB1026,35,Male,Other,Bachelor's,689,Computer Science,8,70.2,48.9,71.0,36.5,Yes,Tier 3,18400,No,UAE Resident,Fluent,Yes,1,Walk-in,Not Referred,3.5,4.5,Hired
TLB1027,24,Female,Egyptian,Bachelor's,513,Other,4,48.3,61.5,58.7,74.9,Yes,Tier 1,16100,No,UAE Resident,Fluent,Yes,3,Job Portal,Not Referred,4.7,3.9,Hired
TLB1028,42,Male,Egyptian,Bachelor's,308,Computer Science,3,66.6,61.2,91.1,82.7,No,Tier 2,11300,Yes,UAE Resident,Fluent,No,1,Walk-in,Not Referred,2.9,4.1,Hired
TLB1029,41,Female,Pakistani,Bachelor's,280,Logistics,10,68.9,93.3,68.1,70.5,No,Tier 1,3000,Yes,UAE Resident,Intermediate,No,0,Company Website,Not Referred,2.6,2.9,Hired
TLB1030,34,Male,Other,Master's,229,Finance,0,68.3,60.8,61.1,41.1,No,None,6800,No,UAE Resident,Fluent,No,1,Referral,Referred,3.5,3.4,Hired
TLB1031,30,Male,Pakistani,High School,511,Marketing,5,50.2,73.3,51.1,67.2,No,Startup,14800,Yes,UAE Resident,Intermediate,No,5,Walk-in,Not Referred,4.7,3.0,Hired
TLB1032,30,Female,Indian,Bachelor's,343,Hospitality,6,67.3,61.2,55.4,58.2,Yes,Startup,10600,Yes,UAE Resident,Fluent,No,0,Job Portal,Not Referred,3.3,2.5,Hired
TLB1033,28,Male,Filipino,Bachelor's,312,Finance,11,78.8,55.5,50.8,67.3,No,Startup,11500,Yes,UAE Resident,Intermediate,Yes,0,LinkedIn,Not Referred,3.0,3.3,Hired
TLB1034,28,Female,Pakistani,Bachelor's,79,Computer Science,0,73.1,74.8,64.5,92.2,Yes,None,14800,Yes,UAE Resident,Fluent,No,5,Referral,Referred,3.5,2.4,Hired
TLB1035,20,Male,Indian,Bachelor's,420,Other,3,71.2,59.4,55.5,76.1,Yes,None,17100,Yes,UAE Resident,Fluent,No,3,LinkedIn,Not Referred,1.7,2.5,Rejected
TLB1036,39,Female,Indian,Bachelor's,270,Other,0,89.6,70.5,77.2,73.1,Yes,Startup,8500,No,Work Visa,Fluent,No,7,Job Portal,Not Referred,2.8,2.7,Hired
TLB1037,37,Male,Indian,Bachelor's,379,Logistics,0,67.5,75.5,59.4,64.4,No,Tier 2,14700,No,Citizen,Intermediate,No,3,LinkedIn,Not Referred,1.9,2.8,Hired
TLB1038,20,Male,American,Master's,499,Finance,4,52.4,90.9,77.9,70.8,Yes,Tier 1,19300,No,Work Visa,Intermediate,No,3,Referral,Referred,2.9,3.1,Hired
TLB1039,35,Male,Indian,Master's,1,Marketing,7,52.4,52.9,73.4,54.9,Yes,Tier 3,18400,No,UAE Resident,Fluent,No,0,Company Website,Not Referred,2.8,1.4,Hired
TLB1040,29,Male,British,Master's,240,Marketing,9,67.6,66.2,75.4,72.8,Yes,Startup,9600,Yes,Citizen,Basic,No,0,LinkedIn,Not Referred,1.4,2.4,Hired
TLB1041,28,Male,Pakistani,Master's,211,Computer Science,3,43.4,66.7,78.7,62.3,No,Tier 3,13300,No,Citizen,Fluent,Yes,6,Walk-in,Not Referred,3.3,4.4,Rejected
TLB1042,32,Female,Egyptian,Bachelor's,194,Engineering,7,60.3,68.0,92.9,53.5,Yes,Tier 2,15400,No,UAE Resident,Fluent,No,1,Referral,Referred,3.6,3.1,Rejected
TLB1043,20,Female,Indian,Bachelor's,76,Finance,4,72.0,98.8,56.0,76.4,Yes,Startup,12100,Yes,UAE Resident,Fluent,Yes,0,LinkedIn,Not Referred,3.1,3.5,Hired
TLB1044,29,Female,Other,Bachelor's,154,Finance,6,82.6,65.9,78.0,33.8,Yes,Tier 3,10900,Yes,Work Visa,Native,Yes,5,LinkedIn,Not Referred,2.1,3.4,Hired
TLB1045,30,Male,Pakistani,PhD,80,Business,9,41.8,37.8,72.2,57.4,Yes,Tier 2,4200,No,Citizen,Intermediate,No,7,Job Portal,Not Referred,4.1,3.0,Hired
TLB1046,30,Male,Indian,PhD,464,Engineering,4,66.5,65.6,80.8,73.6,No,None,8100,No,Visit Visa,Native,No,2,Company Website,Not Referred,4.5,2.4,Hired
TLB1047,21,Male,Indian,Bachelor's,375,Finance,8,64.0,66.6,68.4,82.1,Yes,Tier 3,8900,No,Work Visa,Fluent,Yes,3,Referral,Referred,3.5,2.7,Hired
TLB1048,32,Female,Indian,Bachelor's,361,Engineering,0,65.6,65.1,82.3,71.6,Yes,Tier 2,6300,Yes,Work Visa,Fluent,No,5,Referral,Referred,3.0,4.7,Hired
TLB1049,36,Female,Indian,Bachelor's,1,Other,7,67.1,59.4,50.2,55.6,No,Tier 2,12500,Yes,Citizen,Intermediate,Yes,0,Walk-in,Not Referred,3.0,2.7,Hired
TLB1050,32,Male,Egyptian,Bachelor's,689,Finance,8,64.5,52.1,53.9,64.3,No,Tier 3,15900,No,UAE Resident,Basic,Yes,1,Job Portal,Not Referred,3.5,4.5,Hired
TLB1051,28,Female,Other,PhD,218,Computer Science,8,85.9,93.9,59.6,69.1,No,Tier 3,10100,Yes,UAE Resident,Intermediate,No,6,Job Portal,Not Referred,3.3,2.8,Hired
TLB1052,46,Male,Egyptian,Bachelor's,648,Computer Science,0,83.7,71.8,66.0,86.8,Yes,Tier 2,3000,Yes,Visit Visa,Fluent,Yes,6,Referral,Referred,3.5,2.8,Rejected
TLB1053,24,Male,Pakistani,Bachelor's,449,Finance,4,97.1,65.7,67.6,77.9,Yes,Tier 3,11500,Yes,UAE Resident,Fluent,No,1,Walk-in,Not Referred,3.5,3.2,Hired
TLB1054,34,Male,Pakistani,Bachelor's,253,Engineering,6,64.8,93.5,57.4,78.0,No,Startup,13200,No,UAE Resident,Fluent,No,5,Job Portal,Not Referred,2.7,3.0,Rejected
TLB1055,31,Male,British,Bachelor's,708,Logistics,6,58.8,57.6,54.1,65.9,Yes,Tier 1,12900,Yes,UAE Resident,Basic,No,7,Referral,Referred,2.6,2.3,Rejected
TLB1056,42,Female,American,Bachelor's,413,Computer Science,5,50.5,75.2,58.5,50.0,Yes,Tier 3,8800,Yes,UAE Resident,Native,No,1,Walk-in,Not Referred,3.0,3.1,Rejected
TLB1057,32,Female,Indian,Master's,254,Computer Science,10,57.2,53.0,44.8,45.3,No,Tier 3,6600,No,UAE Resident,Basic,No,1,Job Portal,Not Referred,3.5,1.9,Rejected
TLB1058,33,Male,Other,Bachelor's,221,Engineering,0,75.7,77.0,63.3,60.8,Yes,Tier 2,16000,Yes,Work Visa,Intermediate,No,7,Job Portal,Not Referred,2.1,3.4,Rejected
TLB1059,33,Male,Indian,Bachelor's,506,Hospitality,4,78.0,54.4,66.2,74.8,No,Tier 2,13600,Yes,UAE Resident,Intermediate,Yes,7,Job Portal,Not Referred,3.0,3.3,Hired
TLB1060,23,Female,British,Bachelor's,192,Other,0,75.1,73.6,72.7,58.0,No,Tier 2,8900,Yes,Work Visa,Intermediate,No,4,Referral,Referred,3.2,3.7,Hired
TLB1061,24,Female,Other,Bachelor's,224,Logistics,7,55.0,91.4,69.2,73.0,No,Tier 3,5200,No,UAE Resident,Fluent,No,3,Company Website,Not Referred,2.9,2.7,Hired
TLB1062,28,Female,Egyptian,High School,180,Engineering,6,55.1,69.1,90.3,53.9,No,None,13000,Yes,Citizen,Fluent,No,1,LinkedIn,Not Referred,4.2,3.7,Hired
TLB1063,35,Male,Indian,Bachelor's,148,Logistics,16,94.3,41.7,77.6,56.0,No,Tier 3,8000,Yes,Work Visa,Fluent,Yes,0,Company Website,Not Referred,4.1,3.4,Hired
TLB1064,31,Female,Filipino,High School,161,Computer Science,8,52.5,68.4,76.6,84.7,No,None,13700,Yes,Citizen,Fluent,No,4,Referral,Referred,3.5,3.2,Hired
TLB1065,28,Male,Indian,Bachelor's,654,Marketing,6,86.2,73.8,71.7,75.7,No,Tier 2,12700,No,UAE Resident,Intermediate,No,1,Referral,Referred,4.4,4.7,Hired
TLB1066,38,Female,British,Master's,501,Other,5,71.1,78.8,74.0,60.7,Yes,Startup,21300,Yes,UAE Resident,Fluent,Yes,3,Walk-in,Not Referred,3.8,3.5,Hired
TLB1067,20,Male,Indian,Master's,347,Engineering,3,54.0,85.7,64.1,53.4,Yes,Tier 3,11600,Yes,Visit Visa,Intermediate,No,7,LinkedIn,Not Referred,3.3,2.7,Rejected
TLB1068,22,Female,Egyptian,PhD,190,Other,5,47.2,86.3,68.3,78.3,No,Startup,21000,No,Visit Visa,Intermediate,No,7,Job Portal,Not Referred,2.9,4.3,Hired
TLB1069,20,Male,Other,Bachelor's,189,Business,5,54.7,66.4,92.0,77.3,Yes,None,12400,No,UAE Resident,Fluent,No,3,LinkedIn,Not Referred,2.9,3.5,Hired
TLB1070,37,Male,Indian,Master's,226,Computer Science,0,71.3,60.1,66.1,73.9,Yes,Tier 3,9000,No,Work Visa,Fluent,No,2,LinkedIn,Not Referred,3.5,4.5,Rejected
TLB1071,29,Female,Indian,Master's,657,Marketing,5,51.4,54.6,49.7,62.5,Yes,Tier 3,7300,Yes,Work Visa,Fluent,No,7,LinkedIn,Not Referred,2.9,1.6,Rejected
TLB1072,35,Female,Filipino,Bachelor's,358,Other,5,88.3,61.5,76.1,49.7,Yes,None,8100,No,UAE Resident,Native,No,7,Referral,Referred,2.1,2.9,Rejected
TLB1073,29,Male,Pakistani,Bachelor's,449,Business,11,61.9,73.7,78.4,64.8,No,None,13900,No,Work Visa,Intermediate,No,4,Referral,Referred,2.9,2.9,Rejected
TLB1074,36,Female,Indian,Bachelor's,339,Logistics,4,75.5,51.8,69.0,84.7,No,None,12600,No,UAE Resident,Intermediate,Yes,5,Referral,Referred,3.9,1.6,Rejected
TLB1075,29,Female,Emirati,Master's,122,Computer Science,2,74.3,56.9,42.6,52.3,Yes,Tier 2,3700,Yes,UAE Resident,Intermediate,Yes,3,Company Website,Not Referred,1.4,3.2,Rejected
TLB1076,32,Male,Pakistani,Bachelor's,320,Hospitality,5,89.3,74.7,83.7,65.7,Yes,Tier 1,16600,Yes,Citizen,Fluent,No,5,Referral,Referred,4.2,2.8,Hired
TLB1077,31,Male,Filipino,Bachelor's,84,Marketing,5,58.4,60.2,70.0,87.9,No,Tier 3,18600,Yes,UAE Resident,Intermediate,No,4,LinkedIn,Not Referred,3.6,1.5,Rejected
TLB1078,32,Male,Filipino,PhD,539,Computer Science,4,66.6,72.4,63.0,60.7,Yes,Startup,3700,No,Visit Visa,Intermediate,Yes,1,Referral,Referred,3.0,2.5,Hired
TLB1079,40,Female,Indian,Bachelor's,150,Finance,0,44.0,58.2,82.4,63.2,Yes,Tier 1,16600,Yes,Work Visa,Basic,No,0,LinkedIn,Not Referred,3.4,4.2,Rejected
TLB1080,20,Male,Pakistani,PhD,185,Finance,4,66.5,71.5,40.7,46.1,Yes,Tier 2,19600,No,Citizen,Intermediate,Yes,0,LinkedIn,Not Referred,3.9,3.8,Rejected
TLB1081,29,Male,Indian,Master's,462,Marketing,2,82.1,58.7,68.5,73.7,Yes,Tier 3,3900,Yes,UAE Resident,Intermediate,No,6,LinkedIn,Not Referred,3.2,2.5,Hired
TLB1082,31,Female,Indian,Master's,160,Business,4,68.3,45.2,60.0,54.6,No,Tier 2,9900,No,UAE Resident,Native,No,6,Job Portal,Not Referred,3.9,2.5,Hired
TLB1083,30,Female,Egyptian,Master's,256,Computer Science,7,99.7,79.5,86.4,43.2,Yes,Startup,8200,Yes,UAE Resident,Intermediate,Yes,4,Company Website,Not Referred,3.8,3.8,Hired
TLB1084,27,Female,Indian,Bachelor's,1,Other,2,72.8,59.6,70.2,51.7,No,Tier 2,16400,Yes,Work Visa,Fluent,No,4,Job Portal,Not Referred,3.3,1.5,Hired
TLB1085,26,Female,Pakistani,Master's,235,Finance,4,56.9,65.0,55.8,67.9,No,None,10100,Yes,UAE Resident,Fluent,No,7,Job Portal,Not Referred,2.4,3.6,Rejected
TLB1086,39,Female,Other,Master's,418,Logistics,6,71.8,59.7,81.8,42.9,Yes,Tier 2,10000,Yes,Work Visa,Fluent,Yes,7,Company Website,Not Referred,3.1,1.6,Hired
TLB1087,29,Female,Pakistani,Master's,174,Finance,4,43.0,74.5,35.0,45.6,Yes,Tier 3,13900,No,UAE Resident,Fluent,Yes,5,Referral,Referred,1.8,4.4,Rejected
TLB1088,44,Female,Filipino,Bachelor's,411,Logistics,14,53.0,72.0,73.6,72.8,Yes,Tier 3,19000,Yes,UAE Resident,Native,No,4,LinkedIn,Not Referred,3.5,3.6,Rejected
TLB1089,33,Male,Emirati,Bachelor's,296,Computer Science,5,46.7,74.5,50.6,64.0,No,Tier 2,11700,Yes,Citizen,Fluent,No,3,Company Website,Not Referred,2.9,1.6,Rejected
TLB1090,28,Male,Indian,Bachelor's,517,Engineering,0,65.2,61.4,61.0,52.2,Yes,Tier 3,9900,Yes,Visit Visa,Intermediate,No,4,LinkedIn,Not Referred,2.8,2.8,Rejected
TLB1091,33,Male,Indian,Bachelor's,153,Finance,2,64.1,67.4,63.9,60.5,No,None,10700,Yes,UAE Resident,Intermediate,Yes,5,LinkedIn,Not Referred,3.7,3.4,Hired
TLB1092,30,Female,Egyptian,Bachelor's,251,Computer Science,1,83.1,73.0,78.8,89.3,No,Tier 3,15000,Yes,Work Visa,Basic,Yes,7,Walk-in,Not Referred,2.3,1.5,Hired
TLB1093,38,Male,American,Master's,6,Computer Science,2,63.5,86.5,95.6,82.9,Yes,Tier 1,6000,No,UAE Resident,Intermediate,Yes,5,LinkedIn,Not Referred,3.3,3.1,Hired
TLB1094,22,Male,Indian,Master's,281,Finance,6,50.0,71.7,43.9,63.5,No,Startup,11900,Yes,Visit Visa,Fluent,No,5,LinkedIn,Not Referred,3.0,3.5,Hired
TLB1095,20,Female,Indian,Master's,215,Logistics,1,88.4,56.0,72.8,76.4,Yes,Tier 2,7800,No,UAE Resident,Intermediate,No,0,Walk-in,Not Referred,3.1,1.4,Hired
TLB1096,32,Male,Indian,Bachelor's,492,Finance,3,20.8,71.2,95.6,66.7,Yes,Tier 3,6600,Yes,Work Visa,Intermediate,No,2,Referral,Referred,3.4,3.7,Hired
TLB1097,35,Male,Filipino,Bachelor's,175,Computer Science,8,65.6,66.0,59.6,40.2,Yes,Tier 3,3200,Yes,UAE Resident,Fluent,No,2,Referral,Referred,4.5,3.0,Rejected
TLB1098,31,Female,Filipino,Bachelor's,215,Other,3,68.3,44.0,58.7,37.7,No,Tier 3,9700,Yes,UAE Resident,Basic,Yes,6,LinkedIn,Not Referred,3.5,3.8,Rejected
TLB1099,34,Female,Egyptian,Bachelor's,164,Computer Science,7,64.8,45.9,70.1,52.3,Yes,Tier 1,16900,Yes,Visit Visa,Basic,Yes,2,Referral,Referred,4.2,2.9,Hired
TLB1100,33,Male,Other,High School,305,Business,0,72.5,67.2,77.8,42.9,No,Tier 2,3100,Yes,UAE Resident,Native,Yes,2,Walk-in,Not Referred,4.2,2.3,Hired
TLB1101,21,Male,Indian,Bachelor's,697,Other,3,66.7,68.2,75.5,68.8,No,Tier 1,14400,Yes,UAE Resident,Intermediate,No,5,Company Website,Not Referred,3.7,2.2,Hired
TLB1102,31,Male,Egyptian,Bachelor's,1,Hospitality,1,72.5,64.5,62.3,57.3,Yes,Tier 3,9100,No,UAE Resident,Native,No,4,Referral,Referred,1.9,2.9,Hired
TLB1103,37,Female,Filipino,Bachelor's,290,Other,6,56.0,78.6,56.6,71.0,Yes,Tier 3,7200,Yes,UAE Resident,Basic,No,3,Referral,Referred,3.0,2.9,Hired
TLB1104,31,Female,Indian,High School,534,Logistics,1,43.1,56.8,84.1,71.2,Yes,Startup,13500,No,Work Visa,Intermediate,Yes,1,Referral,Referred,2.4,4.0,Rejected
TLB1105,22,Male,Other,Bachelor's,197,Finance,12,64.3,51.4,56.9,74.7,Yes,Tier 1,17900,Yes,UAE Resident,Fluent,No,7,Company Website,Not Referred,5.0,2.9,Rejected
TLB1106,27,Female,Emirati,High School,405,Business,0,49.6,58.1,42.1,52.0,Yes,Tier 1,18700,No,Work Visa,Intermediate,No,7,LinkedIn,Not Referred,2.5,1.9,Rejected
TLB1107,33,Male,Egyptian,Master's,535,Business,8,54.1,60.7,48.1,72.2,No,Startup,13300,Yes,Citizen,Fluent,Yes,0,LinkedIn,Not Referred,2.2,2.7,Rejected
TLB1108,40,Male,Egyptian,Bachelor's,244,Other,8,82.4,67.3,59.5,51.6,Yes,Tier 3,11700,Yes,UAE Resident,Native,No,7,Company Website,Not Referred,1.3,1.9,Hired
TLB1109,20,Female,Other,Bachelor's,169,Logistics,6,88.4,58.4,86.4,75.0,No,None,13800,Yes,Visit Visa,Intermediate,Yes,6,Job Portal,Not Referred,2.5,3.4,Hired
TLB1110,32,Male,Pakistani,Bachelor's,487,Business,5,82.1,42.3,51.6,82.1,No,Tier 2,23100,No,UAE Resident,Intermediate,No,6,Walk-in,Not Referred,3.3,3.6,Hired
TLB1111,24,Male,Indian,PhD,399,Engineering,11,79.4,37.2,86.8,75.1,Yes,Tier 1,10700,No,UAE Resident,Fluent,No,3,Job Portal,Not Referred,4.0,3.7,Hired
TLB1112,33,Male,British,Bachelor's,287,Business,13,65.9,69.5,84.0,62.5,No,Tier 2,17100,Yes,UAE Resident,Intermediate,No,3,Company Website,Not Referred,2.5,2.9,Hired
TLB1113,33,Female,British,Master's,422,Business,4,80.2,54.5,69.9,72.9,Yes,Tier 3,9300,Yes,UAE Resident,Native,No,4,Job Portal,Not Referred,4.0,2.5,Rejected
TLB1114,28,Female,Pakistani,Bachelor's,492,Logistics,5,70.3,43.9,33.9,43.5,Yes,Tier 3,8300,No,UAE Resident,Fluent,No,5,Walk-in,Not Referred,3.2,2.7,Hired
TLB1115,33,Female,Egyptian,Master's,289,Computer Science,3,94.2,75.5,51.6,40.4,No,Tier 1,20000,No,UAE Resident,Intermediate,No,7,LinkedIn,Not Referred,2.9,3.0,Rejected
TLB1116,36,Male,Indian,Master's,361,Engineering,0,51.2,86.5,58.8,71.5,No,Tier 1,12000,Yes,Visit Visa,Fluent,Yes,2,Referral,Referred,3.3,2.7,Hired
TLB1117,29,Male,Filipino,Bachelor's,404,Other,6,75.1,66.9,89.5,83.3,No,Startup,13000,Yes,Work Visa,Fluent,No,7,LinkedIn,Not Referred,4.2,4.4,Hired
TLB1118,21,Female,American,Master's,207,Marketing,5,46.0,71.2,59.6,47.8,Yes,Tier 2,14500,Yes,Citizen,Basic,Yes,3,Walk-in,Not Referred,3.2,2.8,Hired
TLB1119,38,Male,Indian,Bachelor's,537,Engineering,0,75.2,71.3,57.0,65.2,Yes,Startup,8000,Yes,Work Visa,Intermediate,No,5,Walk-in,Not Referred,2.4,3.0,Rejected
TLB1120,34,Female,Pakistani,Master's,93,Business,6,39.2,40.2,69.4,71.1,No,Tier 2,10000,Yes,Work Visa,Intermediate,No,6,Job Portal,Not Referred,3.5,2.5,Hired
TLB1121,33,Female,Other,Bachelor's,273,Computer Science,5,46.8,78.7,48.7,56.4,No,Tier 2,9100,Yes,UAE Resident,Intermediate,Yes,5,LinkedIn,Not Referred,3.5,2.5,Hired
TLB1122,25,Male,British,High School,453,Business,2,45.8,82.9,66.7,60.2,No,Tier 2,13500,Yes,Work Visa,Intermediate,Yes,0,Walk-in,Not Referred,3.1,2.1,Hired
TLB1123,35,Female,Other,PhD,88,Computer Science,2,68.8,90.0,56.6,73.6,Yes,None,13600,No,UAE Resident,Intermediate,No,7,LinkedIn,Not Referred,3.9,2.3,Hired
TLB1124,42,Male,Indian,Master's,474,Computer Science,6,70.3,62.7,100.0,66.5,Yes,Tier 1,9300,Yes,Citizen,Native,Yes,0,LinkedIn,Not Referred,1.6,4.6,Hired
TLB1125,29,Male,Other,Bachelor's,338,Computer Science,10,100.0,54.4,55.1,66.6,Yes,Tier 1,21100,Yes,Citizen,Fluent,No,4,Company Website,Not Referred,3.4,3.5,Hired
TLB1126,30,Male,Indian,PhD,565,Business,6,63.6,84.3,92.1,51.2,No,None,11900,No,UAE Resident,Fluent,Yes,5,Job Portal,Not Referred,3.7,2.8,Hired
TLB1127,23,Male,Pakistani,Bachelor's,422,Computer Science,7,76.6,74.0,52.2,64.6,Yes,Tier 1,12500,Yes,Work Visa,Native,Yes,2,Job Portal,Not Referred,2.2,2.6,Rejected
TLB1128,25,Female,Pakistani,Bachelor's,267,Other,2,67.4,78.5,70.4,59.4,No,Tier 2,18000,Yes,Work Visa,Fluent,No,6,Referral,Referred,2.2,4.1,Hired
TLB1129,23,Female,British,Master's,346,Computer Science,3,75.3,60.2,73.5,60.2,No,Tier 2,8100,Yes,Work Visa,Intermediate,No,4,Referral,Referred,3.9,2.4,Hired
TLB1130,30,Female,Other,Bachelor's,353,Engineering,7,67.2,71.3,68.8,57.4,No,Startup,9700,Yes,UAE Resident,Intermediate,No,3,Referral,Referred,4.0,1.7,Hired
TLB1131,27,Female,Egyptian,Bachelor's,704,Logistics,0,81.5,55.4,68.0,64.6,No,Tier 3,13300,Yes,Work Visa,Basic,Yes,1,LinkedIn,Not Referred,4.2,3.5,Hired
TLB1132,32,Male,Filipino,Master's,316,Computer Science,5,49.2,67.9,78.2,52.8,Yes,None,5400,Yes,Visit Visa,Fluent,Yes,5,Job Portal,Not Referred,2.7,2.4,Hired
TLB1133,24,Male,Pakistani,Bachelor's,272,Engineering,6,28.3,63.8,72.4,65.2,Yes,Startup,10900,Yes,UAE Resident,Fluent,No,0,Referral,Referred,3.3,2.1,Rejected
TLB1134,28,Female,Pakistani,Bachelor's,260,Logistics,4,71.3,96.1,64.8,59.9,No,Tier 3,21200,Yes,Work Visa,Fluent,No,7,LinkedIn,Not Referred,3.4,2.2,Hired
TLB1135,24,Female,Pakistani,Bachelor's,337,Marketing,6,37.9,74.6,58.2,52.0,Yes,Tier 2,20200,No,UAE Resident,Fluent,No,0,Referral,Referred,2.0,3.4,Hired
TLB1136,31,Male,Emirati,Master's,73,Business,5,84.7,42.2,64.8,37.7,No,Startup,16000,Yes,Citizen,Native,Yes,0,Job Portal,Not Referred,3.3,3.0,Rejected
TLB1137,20,Male,Pakistani,Bachelor's,223,Hospitality,2,56.8,68.0,64.7,78.3,Yes,None,17300,Yes,UAE Resident,Basic,Yes,1,Job Portal,Not Referred,3.3,2.3,Rejected
TLB1138,30,Male,American,Bachelor's,97,Finance,0,49.4,72.4,64.4,75.4,Yes,None,14200,No,UAE Resident,Native,No,6,LinkedIn,Not Referred,3.7,3.5,Hired
TLB1139,28,Male,Egyptian,Master's,123,Engineering,4,100.0,62.3,68.0,53.7,No,Tier 1,10100,Yes,UAE Resident,Intermediate,No,6,LinkedIn,Not Referred,2.8,2.4,Hired
TLB1140,31,Female,British,Bachelor's,460,Computer Science,9,64.7,54.8,48.7,74.5,Yes,Startup,19400,Yes,Visit Visa,Fluent,No,4,Walk-in,Not Referred,4.1,1.8,Rejected
TLB1141,20,Male,Indian,Bachelor's,305,Computer Science,8,61.8,75.9,53.6,50.7,Yes,Startup,7700,Yes,Work Visa,Fluent,No,6,Company Website,Not Referred,3.3,2.1,Rejected
TLB1142,33,Female,Pakistani,Master's,151,Logistics,3,76.2,56.5,77.8,60.7,No,None,16400,Yes,UAE Resident,Intermediate,No,3,Referral,Referred,4.4,3.1,Hired
TLB1143,28,Female,Emirati,Master's,269,Business,3,77.2,74.9,37.7,57.6,No,Tier 2,9700,No,UAE Resident,Basic,Yes,7,LinkedIn,Not Referred,3.7,2.5,Hired
TLB1144,31,Female,Indian,Bachelor's,250,Computer Science,3,82.1,55.4,82.6,61.1,Yes,Startup,10000,No,Visit Visa,Fluent,No,0,Walk-in,Not Referred,3.4,3.2,Rejected
TLB1145,20,Male,Pakistani,Master's,310,Marketing,3,45.0,61.6,59.7,74.0,Yes,Startup,14400,No,UAE Resident,Basic,Yes,4,Job Portal,Not Referred,2.4,4.0,Hired
TLB1146,22,Male,Indian,Master's,1,Other,6,73.0,79.5,88.7,59.4,No,None,21200,Yes,UAE Resident,Fluent,Yes,3,LinkedIn,Not Referred,2.3,2.6,Hired
TLB1147,27,Female,Emirati,Bachelor's,81,Computer Science,8,60.6,73.9,82.9,60.2,No,Startup,18400,Yes,Citizen,Intermediate,Yes,2,LinkedIn,Not Referred,4.3,5.0,Hired
TLB1148,38,Female,Egyptian,Master's,11,Computer Science,12,51.2,68.4,62.7,75.4,Yes,None,13500,Yes,UAE Resident,Native,No,6,LinkedIn,Not Referred,3.8,3.3,Hired
TLB1149,33,Male,Pakistani,Master's,120,Engineering,2,65.7,67.6,64.1,65.9,No,Tier 2,12300,Yes,Work Visa,Fluent,No,6,LinkedIn,Not Referred,3.0,3.0,Hired
TLB1150,30,Female,Pakistani,Bachelor's,155,Finance,7,37.8,69.1,87.7,56.7,Yes,Tier 2,15500,No,UAE Resident,Intermediate,Yes,4,LinkedIn,Not Referred,2.9,2.0,Hired
TLB1151,24,Male,Indian,Bachelor's,93,Engineering,6,78.8,58.5,83.6,68.4,Yes,Tier 2,18100,Yes,Work Visa,Intermediate,No,6,LinkedIn,Not Referred,3.4,2.8,Rejected
TLB1152,23,Female,Pakistani,Master's,452,Logistics,3,60.6,49.8,79.6,78.9,No,None,4100,Yes,Visit Visa,Intermediate,No,1,LinkedIn,Not Referred,2.3,2.9,Rejected
TLB1153,31,Male,Pakistani,PhD,667,Computer Science,1,57.8,74.8,81.9,79.8,Yes,Tier 1,11400,Yes,UAE Resident,Fluent,No,0,Referral,Referred,2.9,3.7,Rejected
TLB1154,34,Male,Pakistani,Bachelor's,465,Business,5,62.9,86.4,52.9,46.5,No,Tier 3,7300,No,Work Visa,Intermediate,No,1,Referral,Referred,3.6,2.6,Rejected
TLB1155,31,Male,Filipino,Master's,186,Business,12,62.5,75.3,69.7,47.2,No,None,11000,No,Citizen,Fluent,No,0,Referral,Referred,3.7,3.4,Hired
TLB1156,40,Male,Emirati,Master's,342,Business,5,82.1,71.1,57.0,79.0,Yes,None,6300,Yes,Visit Visa,Fluent,Yes,6,Job Portal,Not Referred,2.9,3.1,Hired
TLB1157,25,Male,Other,Master's,286,Engineering,2,48.6,53.5,52.5,61.0,Yes,Startup,3900,No,UAE Resident,Native,No,4,LinkedIn,Not Referred,4.3,3.9,Hired
TLB1158,31,Male,Emirati,PhD,178,Hospitality,4,59.3,78.5,69.1,34.2,No,Startup,6100,Yes,UAE Resident,Fluent,No,3,Job Portal,Not Referred,3.9,3.9,Hired
TLB1159,20,Male,Pakistani,Bachelor's,564,Business,1,61.8,73.8,61.6,54.8,No,Tier 1,9500,No,Citizen,Native,No,3,Walk-in,Not Referred,2.7,3.4,Hired
TLB1160,31,Female,Indian,Bachelor's,701,Hospitality,5,49.0,77.1,64.8,58.9,Yes,Tier 3,14600,Yes,UAE Resident,Intermediate,Yes,0,Walk-in,Not Referred,2.3,3.7,Rejected
TLB1161,38,Male,Pakistani,Bachelor's,5,Computer Science,7,67.4,80.4,60.5,60.6,Yes,Tier 3,8300,Yes,UAE Resident,Native,Yes,5,LinkedIn,Not Referred,3.6,4.0,Hired
TLB1162,23,Female,Indian,Bachelor's,588,Marketing,2,54.1,87.0,50.7,75.7,Yes,Startup,8100,Yes,UAE Resident,Intermediate,Yes,7,LinkedIn,Not Referred,2.9,3.5,Rejected
TLB1163,35,Female,American,Bachelor's,181,Engineering,0,43.9,54.6,89.1,52.0,Yes,Tier 2,13800,Yes,Visit Visa,Native,Yes,1,Company Website,Not Referred,2.8,3.3,Rejected
TLB1164,38,Male,Indian,Master's,247,Marketing,5,72.9,52.5,69.0,78.1,Yes,Tier 1,13300,No,UAE Resident,Intermediate,No,2,LinkedIn,Not Referred,3.4,3.4,Hired
TLB1165,25,Male,Filipino,PhD,356,Computer Science,3,88.2,69.8,48.3,69.0,Yes,Startup,19700,No,UAE Resident,Fluent,Yes,6,LinkedIn,Not Referred,3.7,4.4,Rejected
TLB1166,32,Female,Indian,Bachelor's,609,Other,2,65.7,56.9,69.4,47.0,Yes,Tier 3,16200,Yes,Work Visa,Fluent,Yes,6,LinkedIn,Not Referred,3.8,3.2,Hired
TLB1167,39,Female,Emirati,Master's,356,Other,2,63.5,54.9,86.8,60.5,No,None,7400,Yes,UAE Resident,Intermediate,No,2,Company Website,Not Referred,3.2,3.7,Hired
TLB1168,31,Male,Pakistani,Bachelor's,382,Logistics,6,63.1,82.6,79.5,71.9,Yes,Tier 3,9000,Yes,UAE Resident,Basic,Yes,0,Job Portal,Not Referred,1.6,2.6,Hired
TLB1169,34,Female,Pakistani,Bachelor's,470,Logistics,3,57.3,55.9,60.3,65.6,Yes,None,15400,Yes,UAE Resident,Basic,No,5,LinkedIn,Not Referred,3.9,4.3,Hired
TLB1170,20,Male,Pakistani,High School,502,Computer Science,8,82.6,67.9,60.6,70.3,No,Tier 3,8000,No,UAE Resident,Fluent,Yes,2,Walk-in,Not Referred,2.6,3.5,Rejected
TLB1171,33,Male,Other,Bachelor's,402,Engineering,8,66.4,48.4,54.6,56.8,No,Startup,10500,No,Citizen,Basic,No,6,Job Portal,Not Referred,3.4,2.8,Hired
TLB1172,33,Female,Egyptian,Bachelor's,503,Business,4,32.3,68.8,57.4,72.8,Yes,Startup,4300,Yes,UAE Resident,Intermediate,No,2,LinkedIn,Not Referred,3.1,3.0,Hired
TLB1173,22,Male,Other,Master's,180,Logistics,3,83.0,82.2,58.4,59.4,No,Tier 2,6100,No,Visit Visa,Basic,Yes,7,Referral,Referred,4.8,2.9,Hired
TLB1174,24,Female,Indian,Master's,1,Business,5,79.3,82.6,47.9,100.0,Yes,Tier 2,17700,Yes,UAE Resident,Native,Yes,6,LinkedIn,Not Referred,4.6,3.1,Rejected
TLB1175,33,Male,British,Bachelor's,664,Business,4,74.0,80.5,61.2,46.5,No,None,12800,No,UAE Resident,Native,No,0,Walk-in,Not Referred,2.9,3.3,Hired
TLB1176,28,Female,Filipino,High School,92,Finance,0,23.7,67.1,71.5,100.0,Yes,Tier 2,9200,No,UAE Resident,Native,No,5,Job Portal,Not Referred,2.3,2.9,Hired
TLB1177,36,Male,Filipino,Bachelor's,193,Computer Science,11,65.0,81.3,61.6,51.7,Yes,Startup,9800,Yes,Work Visa,Intermediate,Yes,5,Company Website,Not Referred,2.3,1.8,Rejected
TLB1178,31,Male,Other,PhD,233,Hospitality,7,78.4,73.2,69.8,82.8,Yes,Tier 1,19700,Yes,UAE Resident,Native,No,2,Company Website,Not Referred,3.4,4.5,Rejected
TLB1179,30,Male,Egyptian,Master's,199,Business,3,70.7,62.7,88.1,76.6,Yes,Startup,9000,No,UAE Resident,Fluent,Yes,7,LinkedIn,Not Referred,2.8,3.3,Rejected
TLB1180,28,Male,Other,Bachelor's,154,Finance,0,68.1,72.6,90.9,52.3,No,Tier 2,14100,Yes,Citizen,Intermediate,Yes,6,Walk-in,Not Referred,2.4,3.3,Hired
TLB1181,31,Female,Egyptian,Bachelor's,392,Logistics,4,78.4,78.6,66.1,73.4,No,Tier 3,15900,No,UAE Resident,Basic,No,2,Walk-in,Not Referred,2.8,3.1,Rejected
TLB1182,34,Male,Indian,Bachelor's,394,Marketing,2,67.1,52.1,78.4,58.1,No,Tier 3,18500,Yes,Citizen,Intermediate,Yes,6,Job Portal,Not Referred,3.5,3.8,Hired
TLB1183,33,Male,Egyptian,Master's,423,Business,4,83.1,55.3,64.8,68.8,Yes,Tier 2,8200,No,UAE Resident,Intermediate,No,5,Referral,Referred,3.1,3.1,Hired
TLB1184,27,Male,Pakistani,Bachelor's,411,Computer Science,0,67.4,66.3,60.7,67.1,No,Tier 3,5700,Yes,UAE Resident,Fluent,Yes,4,LinkedIn,Not Referred,2.9,2.9,Hired
TLB1185,37,Male,Other,High School,216,Computer Science,3,66.2,53.3,52.5,60.1,Yes,None,7000,No,Work Visa,Basic,Yes,7,LinkedIn,Not Referred,3.0,2.9,Hired
TLB1186,33,Female,British,Bachelor's,216,Computer Science,3,78.4,53.2,68.1,58.9,No,Startup,15300,Yes,UAE Resident,Native,Yes,4,LinkedIn,Not Referred,3.1,4.1,Rejected
TLB1187,32,Male,Indian,Bachelor's,523,Marketing,4,59.0,63.0,81.1,69.8,Yes,None,21000,Yes,UAE Resident,Fluent,Yes,2,Company Website,Not Referred,3.4,3.3,Hired
TLB1188,30,Female,Indian,Bachelor's,195,Business,4,48.5,79.9,50.4,52.3,Yes,Startup,15400,No,UAE Resident,Fluent,No,4,Job Portal,Not Referred,3.4,3.1,Hired
TLB1189,33,Male,Emirati,Bachelor's,191,Business,5,65.1,79.7,63.3,52.9,Yes,Tier 3,9000,No,UAE Resident,Fluent,Yes,3,Walk-in,Not Referred,2.0,2.8,Rejected
TLB1190,20,Female,Pakistani,Master's,485,Business,10,73.9,71.9,62.6,78.4,No,Tier 3,17300,No,Visit Visa,Intermediate,No,1,LinkedIn,Not Referred,3.3,2.8,Rejected
TLB1191,31,Male,Emirati,Bachelor's,296,Other,3,78.9,70.2,70.2,71.0,Yes,None,9900,Yes,UAE Resident,Intermediate,No,4,LinkedIn,Not Referred,2.9,4.0,Hired
TLB1192,39,Male,Egyptian,Bachelor's,198,Computer Science,1,79.0,93.0,70.4,46.7,No,Tier 3,8300,Yes,Citizen,Fluent,No,6,LinkedIn,Not Referred,2.5,2.4,Rejected
TLB1193,31,Female,Filipino,Bachelor's,200,Business,0,64.0,61.5,74.0,51.0,Yes,Tier 3,10500,No,UAE Resident,Native,No,7,Walk-in,Not Referred,2.9,3.6,Rejected
TLB1194,30,Female,American,Bachelor's,524,Engineering,3,62.4,70.9,91.7,35.1,Yes,None,9400,No,UAE Resident,Native,Yes,5,Job Portal,Not Referred,4.0,3.7,Rejected
TLB1195,26,Female,Indian,Master's,417,Computer Science,0,56.1,60.9,55.7,77.7,No,None,8800,No,UAE Resident,Native,No,3,Referral,Referred,3.8,3.3,Hired
TLB1196,32,Male,Pakistani,PhD,347,Other,8,68.7,52.6,55.0,74.6,No,Tier 3,17500,Yes,Work Visa,Basic,No,6,Company Website,Not Referred,3.3,2.9,Hired
TLB1197,28,Male,Indian,Bachelor's,66,Computer Science,4,40.4,82.2,70.2,49.8,Yes,Tier 1,9700,No,Citizen,Intermediate,Yes,7,Company Website,Not Referred,2.6,1.9,Hired
TLB1198,37,Female,Other,Master's,348,Finance,8,65.3,64.3,85.9,74.1,No,Tier 3,4900,No,Visit Visa,Native,Yes,6,LinkedIn,Not Referred,2.2,3.6,Hired
TLB1199,24,Male,Indian,Master's,257,Finance,10,100.0,76.3,48.0,92.8,No,Startup,14600,Yes,UAE Resident,Native,Yes,6,LinkedIn,Not Referred,2.5,1.8,Hired
TLB1200,27,Female,Indian,Master's,117,Logistics,1,42.4,65.0,71.3,43.4,Yes,Tier 2,7700,Yes,UAE Resident,Intermediate,No,6,LinkedIn,Not Referred,3.2,3.2,Hired
TLB1201,26,Male,Indian,Bachelor's,179,Finance,3,67.4,83.0,64.4,56.4,Yes,Startup,7800,Yes,Visit Visa,Intermediate,No,3,LinkedIn,Not Referred,3.2,3.1,Hired
TLB1202,41,Male,British,Bachelor's,439,Hospitality,9,70.7,56.0,78.1,43.1,Yes,Tier 3,15200,No,UAE Resident,Basic,Yes,6,Company Website,Not Referred,2.7,3.7,Hired
TLB1203,28,Female,Indian,High School,548,Engineering,5,72.6,82.0,75.2,78.3,Yes,Tier 2,8700,No,Work Visa,Fluent,No,3,Referral,Referred,3.8,2.4,Hired
TLB1204,26,Female,Filipino,PhD,88,Engineering,6,50.5,78.7,67.6,63.7,Yes,Tier 3,10000,Yes,UAE Resident,Fluent,No,7,Job Portal,Not Referred,3.5,2.3,Rejected
TLB1205,20,Male,Egyptian,Bachelor's,113,Finance,8,72.7,46.5,73.3,59.4,No,Tier 2,12200,No,UAE Resident,Native,No,7,Company Website,Not Referred,1.3,3.5,Hired
TLB1206,24,Male,Egyptian,Bachelor's,438,Marketing,8,57.0,61.8,58.4,68.2,No,Startup,10700,Yes,UAE Resident,Intermediate,Yes,4,Company Website,Not Referred,3.3,3.0,Rejected
TLB1207,33,Female,Indian,Bachelor's,218,Marketing,6,43.6,80.2,77.4,57.2,Yes,Tier 1,10100,No,UAE Resident,Fluent,Yes,5,Walk-in,Not Referred,3.7,1.5,Hired
TLB1208,33,Male,Emirati,High School,410,Business,9,79.3,87.6,85.0,59.4,Yes,None,3000,Yes,Citizen,Intermediate,No,6,Referral,Referred,3.3,3.1,Hired
TLB1209,26,Male,Pakistani,Bachelor's,215,Business,4,75.0,76.6,68.3,68.8,Yes,Tier 2,11200,Yes,Work Visa,Native,No,4,Company Website,Not Referred,3.6,4.5,Rejected
TLB1210,26,Male,Indian,Bachelor's,415,Business,6,50.5,63.2,61.7,56.5,Yes,None,19300,No,Citizen,Intermediate,No,6,LinkedIn,Not Referred,3.0,3.5,Hired
TLB1211,41,Female,Egyptian,Bachelor's,25,Computer Science,4,56.8,56.4,65.1,58.4,No,Startup,14800,No,Work Visa,Fluent,No,5,Job Portal,Not Referred,3.2,2.2,Hired
TLB1212,46,Female,Indian,Master's,409,Engineering,8,56.3,74.8,77.3,62.8,Yes,Tier 2,10300,Yes,UAE Resident,Intermediate,Yes,2,Company Website,Not Referred,3.2,3.5,Rejected
TLB1213,36,Male,Pakistani,Master's,1,Computer Science,2,40.3,62.9,66.5,66.3,Yes,None,14100,Yes,UAE Resident,Fluent,No,1,LinkedIn,Not Referred,3.3,3.9,Hired
TLB1214,39,Male,Indian,Bachelor's,485,Marketing,0,76.4,63.4,51.4,73.4,No,Tier 3,14800,No,UAE Resident,Intermediate,Yes,4,LinkedIn,Not Referred,2.8,1.7,Hired
TLB1215,40,Male,Filipino,Master's,293,Finance,7,77.0,65.3,79.4,73.2,Yes,Tier 3,8200,Yes,Visit Visa,Native,No,0,Job Portal,Not Referred,4.0,2.9,Hired
TLB1216,43,Male,Indian,High School,388,Marketing,1,60.0,78.6,54.2,44.0,No,None,17700,No,UAE Resident,Intermediate,No,5,Company Website,Not Referred,4.2,4.1,Hired
TLB1217,28,Male,Egyptian,Master's,347,Finance,1,64.6,89.7,72.5,84.7,Yes,None,12700,No,Citizen,Intermediate,Yes,5,Company Website,Not Referred,2.8,1.9,Hired
TLB1218,24,Male,Emirati,Master's,1,Computer Science,9,66.7,80.3,42.7,65.8,No,Startup,10600,Yes,Work Visa,Fluent,Yes,0,Referral,Referred,2.4,2.9,Hired
TLB1219,41,Female,Other,Bachelor's,573,Computer Science,8,68.7,68.1,68.4,60.4,Yes,None,19200,Yes,Work Visa,Fluent,No,2,Company Website,Not Referred,2.3,2.9,Rejected
TLB1220,24,Male,Egyptian,Bachelor's,366,Finance,3,44.8,57.2,66.1,52.4,No,Tier 2,3000,Yes,Work Visa,Fluent,No,4,Company Website,Not Referred,3.5,2.8,Rejected
TLB1221,23,Male,Indian,Bachelor's,451,Logistics,0,72.3,76.0,41.4,92.8,Yes,Tier 2,6700,No,Work Visa,Fluent,No,5,LinkedIn,Not Referred,3.6,4.2,Hired
TLB1222,23,Male,Emirati,Bachelor's,140,Finance,6,47.4,88.0,71.3,98.0,Yes,Tier 1,14900,No,Work Visa,Intermediate,No,0,Company Website,Not Referred,3.5,4.1,Hired
TLB1223,29,Female,Indian,Bachelor's,348,Finance,7,75.2,80.0,52.7,91.1,Yes,Tier 2,15000,Yes,Work Visa,Native,No,4,Company Website,Not Referred,3.5,2.9,Rejected
TLB1224,20,Female,Indian,Bachelor's,38,Finance,6,49.0,70.5,68.1,66.7,Yes,Tier 3,19400,No,UAE Resident,Native,No,1,Job Portal,Not Referred,2.8,2.3,Hired
TLB1225,21,Male,Indian,Master's,329,Hospitality,6,45.5,62.1,61.6,69.8,Yes,Tier 2,3000,No,Work Visa,Fluent,Yes,3,Referral,Referred,1.8,4.1,Rejected
TLB1226,26,Female,American,Bachelor's,112,Finance,4,64.6,72.1,47.8,85.9,Yes,Tier 3,15900,No,UAE Resident,Fluent,Yes,3,Referral,Referred,2.9,3.7,Hired
TLB1227,22,Male,Filipino,High School,1000,Hospitality,3,64.2,81.9,53.4,61.6,Yes,Tier 1,6400,Yes,Work Visa,Fluent,Yes,1,Walk-in,Not Referred,4.4,3.1,Hired
TLB1228,36,Male,Indian,Bachelor's,421,Computer Science,1,66.6,70.8,54.4,72.6,No,Tier 2,13900,No,Work Visa,Intermediate,Yes,2,Job Portal,Not Referred,3.4,3.6,Hired
TLB1229,30,Female,Filipino,Bachelor's,566,Computer Science,2,51.6,66.8,79.8,68.2,No,Startup,11700,Yes,UAE Resident,Native,No,3,LinkedIn,Not Referred,3.5,3.6,Rejected
TLB1230,33,Male,Indian,PhD,250,Engineering,6,68.0,59.8,77.9,91.9,No,Tier 1,15800,Yes,Work Visa,Basic,Yes,6,Walk-in,Not Referred,3.8,2.4,Hired
TLB1231,32,Male,Other,Bachelor's,379,Marketing,6,69.5,99.1,95.5,85.1,No,Startup,10900,No,UAE Resident,Intermediate,No,2,LinkedIn,Not Referred,2.6,2.6,Hired
TLB1232,28,Female,Emirati,Bachelor's,481,Hospitality,7,82.5,57.3,60.3,63.1,Yes,Startup,16500,Yes,Work Visa,Fluent,No,5,Job Portal,Not Referred,3.4,3.1,Hired
TLB1233,35,Male,Egyptian,Bachelor's,85,Business,0,67.8,56.2,59.9,86.4,Yes,Tier 3,8300,Yes,Work Visa,Intermediate,No,2,LinkedIn,Not Referred,3.6,1.6,Hired
TLB1234,32,Female,British,Bachelor's,165,Business,0,56.0,70.0,68.8,64.9,No,None,11600,Yes,Work Visa,Intermediate,No,2,Referral,Referred,2.5,2.8,Rejected
TLB1235,28,Male,Emirati,Bachelor's,494,Hospitality,3,44.8,65.6,62.4,57.4,Yes,None,12900,Yes,Work Visa,Intermediate,Yes,0,Walk-in,Not Referred,3.5,2.5,Hired
TLB1236,20,Male,Indian,Master's,256,Business,1,42.0,80.3,59.4,61.0,No,Tier 1,19500,Yes,UAE Resident,Fluent,Yes,0,LinkedIn,Not Referred,4.1,3.2,Hired
TLB1237,33,Male,Indian,Bachelor's,150,Logistics,5,69.8,80.7,67.7,67.1,Yes,Startup,15700,No,UAE Resident,Intermediate,No,2,Job Portal,Not Referred,2.9,2.2,Hired
TLB1238,22,Male,American,Bachelor's,173,Computer Science,0,76.9,53.4,76.1,54.0,Yes,Tier 2,12900,Yes,Work Visa,Native,Yes,2,Referral,Referred,2.0,3.4,Hired
TLB1239,32,Male,Pakistani,Bachelor's,55,Business,9,51.6,58.9,39.5,57.8,No,Tier 3,14900,Yes,UAE Resident,Fluent,No,6,LinkedIn,Not Referred,3.3,3.3,Hired
TLB1240,30,Male,Egyptian,Master's,1,Engineering,2,68.8,57.5,59.6,44.8,Yes,Tier 3,16900,No,UAE Resident,Native,No,4,Walk-in,Not Referred,2.7,3.0,Rejected
TLB1241,21,Female,British,Bachelor's,1,Business,10,62.4,77.4,48.8,53.5,No,Startup,13700,No,UAE Resident,Fluent,No,0,Company Website,Not Referred,3.3,3.5,Rejected
TLB1242,31,Male,British,Bachelor's,309,Computer Science,6,75.8,73.1,65.0,68.3,Yes,None,7400,Yes,UAE Resident,Intermediate,No,6,Job Portal,Not Referred,2.6,3.6,Hired
TLB1243,31,Male,Pakistani,Master's,434,Business,1,78.0,63.5,72.6,79.6,Yes,Startup,14800,No,Citizen,Fluent,Yes,3,Job Portal,Not Referred,3.2,2.9,Rejected
TLB1244,31,Male,Pakistani,Master's,803,Business,12,31.0,70.6,81.5,77.8,No,Startup,11900,No,UAE Resident,Fluent,No,4,LinkedIn,Not Referred,4.1,3.1,Hired
TLB1245,30,Male,Egyptian,Bachelor's,291,Business,5,80.5,54.5,61.4,71.0,No,Tier 3,10400,No,UAE Resident,Intermediate,No,1,LinkedIn,Not Referred,3.2,2.6,Hired
TLB1246,26,Male,Indian,PhD,44,Hospitality,5,68.8,59.1,68.4,43.6,Yes,Tier 1,8500,Yes,Citizen,Fluent,No,0,Referral,Referred,2.0,2.5,Hired
TLB1247,33,Female,American,Master's,294,Computer Science,4,57.0,52.4,45.1,52.9,Yes,Tier 1,14600,No,Citizen,Native,No,0,Company Website,Not Referred,3.5,4.4,Hired
TLB1248,25,Male,Emirati,Bachelor's,440,Engineering,6,57.4,69.7,55.8,62.2,Yes,Tier 3,14300,No,UAE Resident,Fluent,Yes,3,LinkedIn,Not Referred,3.2,2.9,Hired
TLB1249,23,Female,Indian,Master's,506,Computer Science,6,65.5,69.7,69.7,78.5,Yes,Startup,7700,Yes,Citizen,Basic,No,7,Referral,Referred,3.3,3.1,Rejected
TLB1250,34,Female,British,Bachelor's,486,Other,1,57.4,56.2,49.3,57.2,Yes,Tier 1,7000,No,UAE Resident,Intermediate,No,7,Job Portal,Not Referred,3.9,3.0,Rejected
TLB1251,35,Male,Indian,Bachelor's,414,Hospitality,4,50.9,73.1,83.1,47.9,No,Tier 3,20500,Yes,Visit Visa,Intermediate,No,6,LinkedIn,Not Referred,2.8,3.4,Rejected
TLB1252,33,Male,Indian,Bachelor's,319,Other,5,54.4,80.7,73.8,85.3,Yes,Tier 2,15900,Yes,UAE Resident,Intermediate,No,7,Job Portal,Not Referred,3.0,2.7,Rejected
TLB1253,28,Male,Indian,Master's,447,Other,7,49.4,55.6,55.2,54.7,Yes,Tier 3,12400,Yes,UAE Resident,Intermediate,Yes,6,Referral,Referred,2.5,2.7,Hired
TLB1254,20,Female,Pakistani,Bachelor's,63,Business,7,85.2,64.1,47.7,49.2,No,Tier 2,14700,Yes,UAE Resident,Intermediate,No,5,LinkedIn,Not Referred,3.3,3.8,Hired
TLB1255,38,Male,American,Bachelor's,1,Finance,5,65.8,74.2,57.6,68.2,No,Tier 2,9900,Yes,Work Visa,Intermediate,No,3,LinkedIn,Not Referred,3.3,1.9,Rejected
TLB1256,20,Female,Emirati,High School,718,Business,3,98.8,67.9,55.3,64.3,Yes,Tier 1,11200,No,UAE Resident,Intermediate,Yes,2,LinkedIn,Not Referred,3.0,3.2,Hired
TLB1257,33,Female,Emirati,Bachelor's,290,Logistics,2,70.6,51.5,51.2,58.0,No,Tier 2,12100,Yes,UAE Resident,Intermediate,No,5,Company Website,Not Referred,3.7,2.4,Hired
TLB1258,42,Female,Pakistani,Master's,406,Engineering,0,73.8,62.7,48.7,65.0,No,Tier 3,16300,Yes,Work Visa,Fluent,Yes,0,LinkedIn,Not Referred,2.5,1.5,Rejected
TLB1259,30,Male,Other,Master's,1,Engineering,7,49.1,62.3,64.0,52.0,Yes,None,5600,No,UAE Resident,Native,No,1,Job Portal,Not Referred,3.3,3.0,Rejected
TLB1260,31,Female,Indian,High School,608,Other,2,61.7,66.0,76.5,57.8,No,Tier 2,7400,No,Citizen,Native,Yes,3,Job Portal,Not Referred,3.6,2.2,Hired
TLB1261,32,Male,Other,Master's,531,Logistics,4,66.1,66.5,57.8,64.5,Yes,Tier 3,6500,No,UAE Resident,Fluent,Yes,5,LinkedIn,Not Referred,2.8,2.0,Rejected
TLB1262,31,Male,Other,Master's,1,Other,5,55.4,86.8,72.8,36.5,No,Tier 3,15800,No,UAE Resident,Basic,Yes,2,Job Portal,Not Referred,2.2,5.0,Hired
TLB1263,44,Male,Indian,Bachelor's,236,Computer Science,5,58.0,65.5,62.7,78.4,No,Tier 3,11500,No,UAE Resident,Intermediate,Yes,6,Walk-in,Not Referred,2.0,3.5,Rejected
TLB1264,24,Female,British,High School,353,Business,4,71.3,47.4,75.0,45.8,No,Tier 2,7900,No,UAE Resident,Intermediate,No,5,LinkedIn,Not Referred,3.3,3.6,Rejected
TLB1265,24,Male,Egyptian,Bachelor's,47,Business,1,71.6,69.1,56.8,51.9,No,Tier 1,11000,Yes,UAE Resident,Intermediate,No,2,Walk-in,Not Referred,4.4,3.1,Hired
TLB1266,28,Female,Pakistani,High School,397,Engineering,5,44.9,89.0,70.7,79.0,Yes,None,9200,No,Work Visa,Basic,Yes,0,LinkedIn,Not Referred,2.8,2.1,Rejected
TLB1267,40,Male,Pakistani,Bachelor's,509,Engineering,3,69.3,66.0,68.6,73.0,No,None,5500,No,Work Visa,Intermediate,Yes,2,Company Website,Not Referred,3.5,3.0,Hired
TLB1268,26,Female,British,Bachelor's,364,Business,4,73.3,62.7,84.7,66.2,No,Tier 3,17700,Yes,UAE Resident,Fluent,No,7,LinkedIn,Not Referred,1.5,2.8,Rejected
TLB1269,32,Male,British,Master's,1,Hospitality,9,56.1,64.3,74.3,41.1,Yes,Tier 3,11300,Yes,UAE Resident,Fluent,No,1,Job Portal,Not Referred,3.5,1.6,Hired
TLB1270,36,Male,Egyptian,Bachelor's,92,Business,6,54.6,75.0,70.3,56.5,Yes,Tier 1,17800,Yes,Visit Visa,Fluent,No,5,Job Portal,Not Referred,2.4,4.5,Rejected
TLB1271,34,Female,Other,Master's,275,Finance,3,71.6,64.3,47.9,62.0,Yes,Tier 1,5500,Yes,UAE Resident,Fluent,No,5,Walk-in,Not Referred,2.9,3.0,Rejected
TLB1272,36,Male,Pakistani,Master's,250,Logistics,4,26.4,49.8,60.2,63.0,Yes,Tier 1,14300,Yes,Work Visa,Fluent,Yes,7,Walk-in,Not Referred,3.3,2.4,Hired
TLB1273,38,Male,British,High School,254,Marketing,10,65.0,59.9,56.6,81.0,Yes,Startup,5500,No,Citizen,Fluent,Yes,7,LinkedIn,Not Referred,2.0,3.2,Hired
TLB1274,31,Female,American,Bachelor's,247,Business,3,89.5,67.2,56.3,92.9,No,Tier 2,23000,No,UAE Resident,Fluent,Yes,6,Company Website,Not Referred,5.0,2.0,Rejected
TLB1275,27,Male,Indian,Master's,1,Business,5,26.1,74.4,67.2,73.6,Yes,Tier 2,4200,Yes,Work Visa,Fluent,No,2,LinkedIn,Not Referred,2.8,2.3,Hired
TLB1276,30,Male,Emirati,Master's,461,Computer Science,7,77.3,61.0,70.1,57.5,Yes,Tier 1,20100,Yes,Citizen,Basic,Yes,3,LinkedIn,Not Referred,3.6,4.3,Hired
TLB1277,27,Male,Pakistani,Bachelor's,425,Hospitality,5,73.2,64.4,70.6,82.0,No,Tier 1,11900,Yes,Work Visa,Fluent,No,3,LinkedIn,Not Referred,4.2,2.7,Hired
TLB1278,45,Male,American,Master's,404,Engineering,3,43.4,68.5,83.4,56.7,No,Tier 3,11200,No,Citizen,Intermediate,No,5,Walk-in,Not Referred,3.4,3.1,Hired
TLB1279,26,Female,Indian,Bachelor's,385,Computer Science,2,72.8,58.7,73.3,28.3,No,Tier 3,14700,Yes,UAE Resident,Native,No,1,Company Website,Not Referred,2.3,3.2,Rejected
TLB1280,32,Female,Egyptian,Master's,243,Other,4,80.0,66.9,51.0,47.5,No,Tier 3,7800,No,Work Visa,Basic,Yes,6,LinkedIn,Not Referred,3.3,3.0,Hired
TLB1281,20,Male,Emirati,Master's,178,Finance,7,47.4,73.6,69.6,31.8,No,Tier 3,15500,Yes,UAE Resident,Intermediate,No,5,Walk-in,Not Referred,1.9,2.7,Hired
TLB1282,30,Male,Indian,Bachelor's,96,Logistics,9,54.4,53.8,74.6,59.6,No,Tier 3,15900,No,UAE Resident,Basic,Yes,1,Job Portal,Not Referred,3.0,4.9,Hired
TLB1283,28,Male,Filipino,Bachelor's,608,Engineering,0,65.4,71.7,83.4,62.5,Yes,Startup,12100,Yes,Citizen,Fluent,No,0,Referral,Referred,4.4,2.5,Hired
TLB1284,34,Female,Indian,Bachelor's,295,Other,11,79.7,54.9,65.0,42.7,No,Tier 2,13100,No,UAE Resident,Intermediate,No,0,Referral,Referred,2.2,2.4,Hired
TLB1285,34,Female,Other,PhD,1,Business,3,56.9,55.2,65.1,53.0,Yes,Tier 2,20700,Yes,Citizen,Fluent,Yes,2,Job Portal,Not Referred,2.6,3.5,Hired
TLB1286,38,Female,Indian,Master's,294,Business,8,64.4,60.0,81.0,45.0,No,None,14900,No,Work Visa,Fluent,No,2,Company Website,Not Referred,4.5,2.1,Hired
TLB1287,38,Male,Other,Master's,1,Logistics,2,55.0,84.4,69.3,63.2,No,Startup,8500,No,Citizen,Intermediate,No,1,Referral,Referred,3.1,3.9,Hired
TLB1288,29,Male,Indian,Bachelor's,349,Logistics,0,65.4,47.4,46.2,53.1,No,Tier 3,15400,No,Citizen,Native,No,3,Company Website,Not Referred,2.6,2.9,Rejected
TLB1289,24,Male,Other,Bachelor's,328,Engineering,0,80.7,62.4,43.4,79.1,No,Tier 2,9600,No,Work Visa,Native,Yes,0,LinkedIn,Not Referred,3.5,3.2,Hired
TLB1290,25,Male,Filipino,Bachelor's,191,Computer Science,3,66.6,67.7,90.9,67.4,No,Tier 1,8700,Yes,Citizen,Intermediate,No,4,Company Website,Not Referred,2.9,3.3,Rejected
TLB1291,31,Male,Emirati,Bachelor's,112,Business,6,59.6,82.0,44.7,87.5,No,Tier 1,14300,Yes,Visit Visa,Native,No,3,Referral,Referred,1.3,2.8,Hired
TLB1292,30,Female,Emirati,Bachelor's,412,Hospitality,5,64.5,91.4,64.8,58.6,Yes,None,7500,No,Work Visa,Intermediate,Yes,2,LinkedIn,Not Referred,2.2,3.8,Hired
TLB1293,31,Male,Emirati,Master's,283,Logistics,4,53.0,62.9,78.5,95.0,Yes,Tier 3,12200,No,Work Visa,Fluent,No,3,LinkedIn,Not Referred,4.6,3.6,Hired
TLB1294,26,Male,Filipino,Bachelor's,1,Business,8,50.1,74.5,44.1,65.0,No,Tier 1,15000,Yes,UAE Resident,Fluent,No,3,Company Website,Not Referred,3.4,3.5,Hired
TLB1295,38,Male,British,Master's,540,Computer Science,5,83.1,66.9,52.9,57.6,No,Tier 2,20600,Yes,UAE Resident,Fluent,Yes,6,Referral,Referred,4.2,1.9,Hired
TLB1296,21,Male,Pakistani,PhD,112,Finance,5,89.6,66.8,50.8,98.7,Yes,Tier 2,14900,Yes,UAE Resident,Fluent,No,5,Referral,Referred,2.5,2.8,Hired
TLB1297,26,Male,Pakistani,Master's,36,Hospitality,15,38.1,71.3,90.4,39.4,Yes,Tier 2,5400,Yes,UAE Resident,Intermediate,No,1,LinkedIn,Not Referred,3.2,3.0,Hired
TLB1298,23,Male,Filipino,High School,571,Engineering,4,73.7,49.0,93.2,57.3,Yes,Tier 3,6100,Yes,UAE Resident,Intermediate,No,6,Walk-in,Not Referred,3.1,4.5,Rejected
TLB1299,28,Female,Pakistani,Master's,511,Marketing,2,77.9,67.4,57.5,41.7,No,Tier 2,19800,No,Work Visa,Fluent,No,2,LinkedIn,Not Referred,2.8,2.0,Hired
TLB1300,37,Male,Egyptian,Master's,215,Other,6,46.8,73.4,74.5,39.3,No,None,9100,Yes,Work Visa,Fluent,Yes,1,Referral,Referred,3.3,2.6,Hired
TLB1301,28,Male,Pakistani,Bachelor's,49,Business,7,57.9,57.7,71.0,36.1,Yes,Startup,5200,Yes,Work Visa,Intermediate,Yes,5,LinkedIn,Not Referred,2.4,4.0,Hired
TLB1302,30,Male,Egyptian,Master's,118,Marketing,6,56.3,73.5,63.3,73.6,Yes,None,7500,Yes,Citizen,Native,No,6,Job Portal,Not Referred,4.0,2.3,Hired
TLB1303,33,Female,Other,Master's,212,Finance,5,93.5,47.3,45.9,46.4,Yes,None,15600,Yes,Citizen,Native,No,0,Referral,Referred,3.5,2.6,Hired
TLB1304,27,Male,Indian,Bachelor's,543,Marketing,10,89.8,69.1,97.0,61.4,Yes,None,12500,No,Citizen,Fluent,Yes,7,Referral,Referred,3.1,4.4,Hired
TLB1305,32,Female,Emirati,Bachelor's,558,Logistics,9,51.2,84.1,43.4,77.5,Yes,None,14900,Yes,Work Visa,Intermediate,No,5,Job Portal,Not Referred,3.3,3.4,Hired
TLB1306,31,Female,Indian,Bachelor's,333,Marketing,4,43.1,65.4,69.8,71.5,No,Tier 2,11900,No,UAE Resident,Fluent,No,3,Job Portal,Not Referred,3.0,3.8,Hired
TLB1307,23,Female,Filipino,High School,430,Engineering,2,76.6,56.3,58.6,70.8,No,Tier 2,7000,Yes,Citizen,Native,Yes,6,Company Website,Not Referred,2.0,3.7,Hired
TLB1308,27,Female,Indian,Master's,258,Computer Science,6,73.2,50.9,80.1,82.0,Yes,Tier 2,4000,No,UAE Resident,Basic,Yes,4,Referral,Referred,2.5,3.2,Rejected
TLB1309,32,Male,Other,Bachelor's,125,Finance,2,83.7,72.7,78.0,87.5,Yes,Tier 3,8200,Yes,UAE Resident,Basic,No,7,Walk-in,Not Referred,3.1,3.2,Hired
TLB1310,37,Female,Filipino,Bachelor's,1,Computer Science,8,49.1,79.1,54.3,47.5,No,Startup,12500,No,UAE Resident,Intermediate,Yes,0,Walk-in,Not Referred,3.0,3.8,Rejected
TLB1311,37,Male,Pakistani,Bachelor's,364,Computer Science,6,75.9,67.3,56.7,71.8,Yes,Tier 1,6700,No,Work Visa,Intermediate,Yes,4,Job Portal,Not Referred,3.7,2.4,Hired
TLB1312,42,Female,British,Bachelor's,480,Engineering,14,54.0,62.4,46.8,61.2,Yes,None,16400,Yes,Work Visa,Basic,No,5,Job Portal,Not Referred,3.6,4.5,Hired
TLB1313,32,Male,Indian,Bachelor's,197,Marketing,10,74.3,44.8,69.5,62.9,Yes,Startup,7500,No,UAE Resident,Intermediate,No,0,Job Portal,Not Referred,2.8,2.7,Rejected
TLB1314,27,Male,British,Bachelor's,537,Other,1,64.4,69.5,76.2,43.8,No,Tier 3,4600,No,Visit Visa,Intermediate,No,6,Walk-in,Not Referred,2.5,3.9,Rejected
TLB1315,29,Male,Emirati,Bachelor's,223,Finance,3,93.5,59.7,61.3,57.6,Yes,Tier 3,12000,Yes,UAE Resident,Fluent,No,2,LinkedIn,Not Referred,3.7,3.5,Hired
TLB1316,29,Female,Filipino,Bachelor's,316,Logistics,0,71.7,60.4,63.8,59.1,No,Tier 2,15400,Yes,UAE Resident,Fluent,Yes,0,Walk-in,Not Referred,3.3,2.7,Rejected
TLB1317,27,Male,Other,Master's,255,Business,0,60.3,87.4,91.8,85.0,No,Tier 3,18700,Yes,UAE Resident,Intermediate,Yes,3,Job Portal,Not Referred,2.8,3.5,Rejected
TLB1318,32,Male,British,PhD,547,Engineering,5,67.1,46.4,79.2,48.8,Yes,Tier 2,4700,No,UAE Resident,Intermediate,No,6,Company Website,Not Referred,2.4,3.2,Rejected
TLB1319,32,Female,American,Bachelor's,398,Other,0,63.5,48.0,84.5,31.6,No,Tier 3,18400,Yes,Visit Visa,Fluent,Yes,7,Referral,Referred,2.7,1.7,Rejected
TLB1320,22,Female,Indian,Bachelor's,288,Engineering,10,47.7,70.8,37.9,64.9,No,Tier 2,12800,No,UAE Resident,Intermediate,No,1,Referral,Referred,3.5,3.0,Hired
TLB1321,36,Male,British,High School,315,Logistics,9,93.9,63.4,74.1,47.4,No,Tier 2,9200,No,UAE Resident,Intermediate,No,3,Job Portal,Not Referred,4.4,2.1,Hired
TLB1322,20,Male,Filipino,High School,62,Marketing,4,89.0,61.8,70.3,63.0,Yes,Tier 3,15100,No,UAE Resident,Fluent,No,6,Company Website,Not Referred,3.1,3.5,Hired
TLB1323,28,Male,Filipino,Bachelor's,1,Business,3,62.4,71.3,50.7,74.3,Yes,Tier 3,18100,Yes,Visit Visa,Intermediate,Yes,0,LinkedIn,Not Referred,2.6,3.0,Hired
TLB1324,36,Female,Emirati,PhD,193,Marketing,10,75.5,71.1,53.4,63.6,No,Tier 2,4400,Yes,Citizen,Native,Yes,4,Company Website,Not Referred,4.7,3.8,Rejected
TLB1325,33,Male,Indian,Master's,261,Business,11,95.8,56.3,64.2,59.0,Yes,None,10100,Yes,Work Visa,Intermediate,Yes,4,LinkedIn,Not Referred,2.9,2.5,Hired
TLB1326,27,Female,Filipino,Bachelor's,406,Computer Science,1,83.6,60.9,49.6,62.8,No,Tier 1,9500,Yes,Work Visa,Basic,No,2,Referral,Referred,2.6,2.1,Rejected
TLB1327,41,Male,Emirati,PhD,267,Business,1,60.4,68.6,56.6,76.9,No,None,14800,Yes,Citizen,Intermediate,No,2,Company Website,Not Referred,2.9,2.2,Rejected
TLB1328,27,Male,Egyptian,Bachelor's,206,Business,3,63.7,70.0,61.0,48.8,No,Tier 1,18600,Yes,UAE Resident,Intermediate,Yes,7,Company Website,Not Referred,2.9,4.7,Hired
TLB1329,20,Male,American,Bachelor's,1,Engineering,6,39.2,73.8,74.5,75.2,No,Tier 2,12300,No,UAE Resident,Intermediate,Yes,2,LinkedIn,Not Referred,4.1,5.0,Hired
TLB1330,32,Male,Other,Bachelor's,405,Logistics,3,76.6,61.0,57.8,50.9,No,None,10700,No,Work Visa,Fluent,Yes,4,LinkedIn,Not Referred,2.0,4.7,Hired
TLB1331,20,Female,Indian,Bachelor's,342,Engineering,6,83.6,72.2,61.2,73.4,No,Startup,14000,Yes,UAE Resident,Intermediate,No,6,LinkedIn,Not Referred,3.6,1.9,Hired
TLB1332,25,Male,Other,Master's,462,Logistics,11,83.7,79.4,80.3,43.4,Yes,Tier 3,10900,Yes,UAE Resident,Fluent,Yes,0,Company Website,Not Referred,3.2,2.0,Rejected
TLB1333,33,Male,Emirati,Bachelor's,305,Marketing,0,75.5,68.6,44.1,72.6,Yes,Startup,3000,No,UAE Resident,Intermediate,No,6,Walk-in,Not Referred,2.8,2.2,Rejected
TLB1334,27,Female,Pakistani,Master's,529,Computer Science,3,70.3,66.8,70.0,63.6,Yes,Tier 3,14300,Yes,UAE Resident,Fluent,Yes,6,Job Portal,Not Referred,3.0,3.7,Hired
TLB1335,33,Female,American,Bachelor's,189,Business,0,50.0,65.2,72.1,66.4,Yes,Startup,16400,Yes,UAE Resident,Fluent,No,1,Job Portal,Not Referred,3.0,4.8,Hired
TLB1336,23,Female,Emirati,Master's,291,Other,2,69.8,60.6,72.4,78.4,Yes,Tier 2,16800,No,UAE Resident,Fluent,No,1,Referral,Referred,3.3,3.8,Hired
TLB1337,35,Male,Emirati,Master's,348,Marketing,3,55.5,56.7,60.5,53.5,No,Startup,6800,No,UAE Resident,Fluent,No,4,LinkedIn,Not Referred,2.9,3.3,Rejected
TLB1338,20,Female,Emirati,Bachelor's,431,Other,2,72.9,64.4,53.2,64.6,No,None,14700,No,Citizen,Fluent,No,7,Job Portal,Not Referred,3.2,2.4,Rejected
TLB1339,37,Female,Pakistani,Bachelor's,383,Business,6,53.5,73.4,86.8,69.2,Yes,None,18900,No,Work Visa,Fluent,No,7,Company Website,Not Referred,2.7,2.9,Hired
TLB1340,27,Male,British,Master's,395,Finance,5,72.8,57.3,55.9,60.8,No,Startup,23400,No,UAE Resident,Fluent,Yes,1,LinkedIn,Not Referred,4.7,3.2,Rejected
TLB1341,39,Male,Indian,Bachelor's,353,Hospitality,6,84.8,67.1,52.5,75.0,No,Startup,14200,No,UAE Resident,Native,Yes,4,Company Website,Not Referred,3.9,3.8,Hired
TLB1342,24,Female,Indian,Bachelor's,261,Other,3,70.7,65.7,67.3,69.6,No,Tier 3,16400,Yes,UAE Resident,Basic,No,3,Company Website,Not Referred,3.5,2.7,Rejected
TLB1343,41,Male,Filipino,Master's,480,Computer Science,4,69.9,89.3,57.4,56.9,No,Tier 2,7500,Yes,UAE Resident,Native,No,5,Referral,Referred,2.9,3.4,Hired
TLB1344,24,Male,Indian,High School,1,Other,3,78.7,76.7,80.7,82.7,No,None,6900,Yes,UAE Resident,Intermediate,No,4,LinkedIn,Not Referred,3.8,3.3,Rejected
TLB1345,20,Female,Egyptian,Bachelor's,174,Engineering,4,91.6,76.5,63.6,72.9,No,Tier 3,16400,No,UAE Resident,Fluent,Yes,4,Company Website,Not Referred,3.4,3.2,Hired
TLB1346,30,Female,Other,Bachelor's,618,Logistics,6,63.4,79.0,82.3,53.2,Yes,Tier 3,3000,Yes,Visit Visa,Intermediate,No,4,LinkedIn,Not Referred,3.3,2.8,Rejected
TLB1347,37,Male,Egyptian,Bachelor's,165,Marketing,0,72.8,61.5,72.8,53.1,Yes,Startup,12700,No,Visit Visa,Intermediate,No,0,Referral,Referred,2.8,3.2,Rejected
TLB1348,34,Male,American,Bachelor's,284,Marketing,6,87.7,84.5,62.0,61.9,Yes,Tier 1,18400,Yes,Visit Visa,Basic,Yes,4,Job Portal,Not Referred,3.4,3.0,Hired
TLB1349,36,Male,Pakistani,Bachelor's,577,Business,1,75.0,69.9,81.5,71.3,No,None,15200,No,Work Visa,Intermediate,Yes,1,Walk-in,Not Referred,4.4,2.5,Hired
TLB1350,34,Male,American,Bachelor's,274,Logistics,3,35.0,67.5,58.5,34.0,No,None,15200,Yes,Work Visa,Intermediate,Yes,3,Referral,Referred,3.3,3.8,Rejected
TLB1351,25,Female,Indian,High School,133,Business,0,54.3,53.4,62.8,53.8,No,Tier 2,11800,Yes,Work Visa,Fluent,No,4,LinkedIn,Not Referred,3.0,4.4,Hired
TLB1352,34,Female,Emirati,Bachelor's,539,Engineering,3,76.3,63.2,73.9,56.9,No,Tier 1,10200,Yes,Citizen,Fluent,Yes,5,Referral,Referred,3.3,3.2,Hired
TLB1353,30,Male,Egyptian,PhD,242,Marketing,5,59.0,46.8,69.9,44.9,Yes,Startup,21700,Yes,Work Visa,Fluent,Yes,6,LinkedIn,Not Referred,3.2,3.1,Hired
TLB1354,25,Male,Emirati,Bachelor's,255,Hospitality,6,86.6,65.0,58.2,50.7,Yes,Tier 2,17600,Yes,Work Visa,Intermediate,No,1,Job Portal,Not Referred,2.8,3.7,Rejected
TLB1355,31,Female,Other,Bachelor's,1,Engineering,0,92.9,61.1,47.0,66.9,No,None,15800,Yes,Visit Visa,Intermediate,Yes,4,Job Portal,Not Referred,2.7,3.2,Hired
TLB1356,29,Male,Egyptian,Bachelor's,274,Finance,6,56.1,63.2,66.8,58.2,No,Tier 1,12100,No,Work Visa,Fluent,No,6,Referral,Referred,3.8,4.0,Hired
TLB1357,38,Male,Other,Master's,436,Engineering,8,49.5,51.4,57.5,59.3,Yes,Tier 2,9400,Yes,UAE Resident,Intermediate,Yes,2,Job Portal,Not Referred,4.0,3.2,Rejected
TLB1358,26,Male,Indian,Bachelor's,213,Finance,3,59.6,76.4,67.4,45.7,Yes,Tier 1,16900,No,UAE Resident,Fluent,No,0,Referral,Referred,4.8,3.6,Hired
TLB1359,26,Female,Pakistani,Bachelor's,43,Finance,5,58.7,75.1,61.5,62.0,No,Startup,10600,Yes,UAE Resident,Intermediate,Yes,7,Company Website,Not Referred,3.5,4.5,Hired
TLB1360,25,Male,Egyptian,Master's,203,Finance,0,88.0,88.3,57.7,43.9,Yes,Tier 3,12400,Yes,UAE Resident,Intermediate,Yes,6,Walk-in,Not Referred,3.3,4.1,Hired
TLB1361,41,Female,Indian,Bachelor's,176,Logistics,1,49.5,87.9,63.5,85.4,Yes,None,14800,No,UAE Resident,Fluent,No,5,LinkedIn,Not Referred,3.8,3.0,Hired
TLB1362,26,Male,Pakistani,Master's,249,Marketing,5,76.1,69.9,66.0,89.4,Yes,None,12900,No,UAE Resident,Intermediate,Yes,5,Referral,Referred,2.6,4.0,Rejected
TLB1363,37,Female,Egyptian,Master's,196,Business,8,85.8,80.3,76.0,58.4,No,Tier 3,19000,Yes,UAE Resident,Fluent,Yes,2,Job Portal,Not Referred,3.6,2.2,Hired
TLB1364,23,Male,Other,Master's,632,Finance,2,77.3,71.1,72.5,49.3,Yes,Tier 2,6100,Yes,Citizen,Intermediate,No,6,Referral,Referred,3.9,2.9,Rejected
TLB1365,33,Male,Egyptian,Bachelor's,360,Computer Science,14,71.5,62.9,94.2,77.0,No,Tier 1,12300,Yes,UAE Resident,Intermediate,No,7,Referral,Referred,3.9,3.8,Hired
TLB1366,31,Male,Indian,Bachelor's,1,Business,6,62.6,64.7,68.8,73.3,Yes,None,21600,No,UAE Resident,Fluent,No,2,LinkedIn,Not Referred,4.4,4.3,Hired
TLB1367,37,Male,Pakistani,Bachelor's,314,Hospitality,0,92.7,75.7,58.3,91.2,Yes,Tier 2,16000,No,UAE Resident,Fluent,Yes,3,Referral,Referred,2.8,2.5,Rejected
TLB1368,36,Male,Filipino,Master's,292,Engineering,9,61.3,100.0,64.8,95.0,Yes,None,11100,No,UAE Resident,Native,No,6,Company Website,Not Referred,2.9,3.1,Hired
TLB1369,30,Male,Indian,Master's,538,Engineering,0,79.2,82.0,74.4,36.6,Yes,None,15600,Yes,Work Visa,Intermediate,Yes,1,Referral,Referred,3.0,3.1,Rejected
TLB1370,26,Male,Pakistani,Master's,268,Other,6,62.6,71.0,80.0,81.2,No,Tier 3,11800,Yes,Work Visa,Intermediate,No,5,LinkedIn,Not Referred,2.4,3.0,Hired
TLB1371,39,Male,Indian,Bachelor's,263,Business,1,37.4,73.8,84.4,61.9,No,Tier 3,18600,Yes,UAE Resident,Native,No,0,Referral,Referred,3.6,2.1,Rejected
TLB1372,26,Female,Indian,Master's,672,Computer Science,0,61.0,73.7,53.8,72.7,No,None,15700,No,Work Visa,Native,Yes,7,Company Website,Not Referred,3.7,3.5,Hired
TLB1373,20,Male,Pakistani,Bachelor's,86,Computer Science,8,62.7,66.9,83.6,75.9,No,Startup,8100,No,UAE Resident,Fluent,No,0,Job Portal,Not Referred,3.6,2.1,Rejected
TLB1374,20,Female,Indian,Master's,459,Business,4,62.8,77.1,66.4,75.3,Yes,Startup,13100,Yes,Work Visa,Fluent,No,0,Company Website,Not Referred,3.3,4.0,Rejected
TLB1375,20,Female,Filipino,Bachelor's,312,Finance,11,55.1,66.1,54.9,79.0,Yes,Tier 3,13900,Yes,Citizen,Fluent,No,3,Company Website,Not Referred,3.9,4.2,Rejected
TLB1376,33,Male,Indian,Bachelor's,199,Hospitality,1,74.4,55.9,64.4,57.2,Yes,Tier 3,14100,No,Citizen,Intermediate,No,6,Job Portal,Not Referred,3.6,2.6,Hired
TLB1377,43,Female,Egyptian,High School,170,Marketing,0,76.1,73.8,82.7,51.7,Yes,Tier 2,13400,Yes,UAE Resident,Fluent,No,1,LinkedIn,Not Referred,2.8,2.1,Rejected
TLB1378,20,Female,Indian,PhD,571,Business,3,60.4,75.4,72.9,81.6,Yes,None,14500,No,Work Visa,Intermediate,No,4,Referral,Referred,1.1,3.1,Hired
TLB1379,25,Female,Other,Bachelor's,393,Marketing,15,60.3,66.3,51.2,52.8,Yes,Tier 3,13900,No,Visit Visa,Fluent,Yes,2,LinkedIn,Not Referred,3.0,2.7,Rejected
TLB1380,30,Male,Emirati,Bachelor's,420,Computer Science,7,49.2,71.7,51.3,91.1,Yes,Startup,8800,No,Citizen,Intermediate,No,7,Referral,Referred,3.2,2.9,Rejected
TLB1381,39,Male,Pakistani,Bachelor's,477,Finance,6,68.8,79.5,51.0,54.3,Yes,Tier 1,9900,No,UAE Resident,Fluent,No,3,Walk-in,Not Referred,3.2,3.2,Rejected
TLB1382,25,Male,Indian,Bachelor's,368,Finance,7,85.7,67.4,57.5,59.7,Yes,None,10900,Yes,UAE Resident,Fluent,No,3,Referral,Referred,3.1,2.4,Hired
TLB1383,33,Male,Indian,PhD,87,Computer Science,3,85.7,62.6,68.0,62.3,Yes,Tier 3,12400,Yes,UAE Resident,Fluent,No,0,Job Portal,Not Referred,2.8,4.4,Hired
TLB1384,28,Female,Pakistani,High School,1,Logistics,14,56.0,59.5,52.4,43.4,Yes,Startup,10900,No,UAE Resident,Intermediate,Yes,2,LinkedIn,Not Referred,2.6,2.6,Rejected
TLB1385,45,Female,American,Bachelor's,607,Hospitality,6,94.9,65.0,61.4,43.5,Yes,Tier 1,17000,Yes,Work Visa,Basic,No,0,Referral,Referred,2.5,3.8,Hired
TLB1386,30,Male,Other,Master's,341,Business,6,59.6,86.4,85.2,77.8,Yes,None,7700,Yes,UAE Resident,Native,No,7,Referral,Referred,3.5,2.4,Hired
TLB1387,32,Female,Indian,Bachelor's,315,Finance,8,49.8,65.6,88.0,40.9,No,Startup,4200,No,UAE Resident,Fluent,No,3,LinkedIn,Not Referred,4.0,3.1,Hired
TLB1388,30,Male,Indian,Bachelor's,660,Marketing,0,44.6,72.3,87.2,100.0,No,Tier 3,20900,Yes,Visit Visa,Intermediate,Yes,2,Referral,Referred,2.3,3.5,Rejected
TLB1389,27,Female,Egyptian,High School,87,Computer Science,1,48.9,64.1,43.7,63.7,Yes,Tier 2,8300,No,UAE Resident,Native,No,1,Company Website,Not Referred,3.2,3.2,Rejected
TLB1390,35,Male,Filipino,Bachelor's,1,Business,4,70.0,63.1,88.8,50.6,Yes,Tier 2,17000,No,Citizen,Intermediate,Yes,5,Referral,Referred,3.8,2.9,Hired
TLB1391,23,Female,Indian,Bachelor's,1,Finance,8,61.1,57.4,68.2,70.9,Yes,Tier 2,14700,Yes,Visit Visa,Fluent,No,5,Job Portal,Not Referred,3.1,2.7,Hired
TLB1392,20,Female,Egyptian,High School,193,Other,0,55.5,69.2,68.0,30.5,Yes,Tier 1,8500,Yes,Citizen,Intermediate,No,2,Walk-in,Not Referred,3.7,2.8,Hired
TLB1393,29,Male,Pakistani,Bachelor's,323,Marketing,4,52.3,61.8,80.4,60.3,Yes,Tier 3,11400,Yes,Visit Visa,Intermediate,Yes,2,Referral,Referred,4.0,2.6,Hired
TLB1394,34,Male,Egyptian,Master's,578,Marketing,4,48.7,83.3,76.1,62.1,Yes,Tier 3,10700,Yes,UAE Resident,Fluent,No,7,Walk-in,Not Referred,3.5,3.4,Hired
TLB1395,26,Female,Indian,Master's,468,Finance,0,51.7,66.7,42.7,47.3,Yes,Tier 3,13600,Yes,UAE Resident,Intermediate,Yes,0,LinkedIn,Not Referred,2.9,4.6,Rejected
TLB1396,31,Male,Pakistani,Master's,1,Engineering,3,80.2,67.5,59.0,56.2,Yes,Startup,8500,No,Citizen,Fluent,Yes,4,LinkedIn,Not Referred,4.1,3.4,Hired
TLB1397,22,Male,Indian,Bachelor's,860,Computer Science,6,92.1,65.8,62.2,86.4,No,Tier 3,11200,No,UAE Resident,Intermediate,No,7,Referral,Referred,3.0,3.6,Hired
TLB1398,36,Female,Egyptian,Bachelor's,217,Engineering,0,93.0,72.5,49.7,67.6,Yes,Tier 1,11800,Yes,UAE Resident,Intermediate,Yes,2,Company Website,Not Referred,3.0,4.0,Rejected
TLB1399,33,Male,Indian,PhD,545,Other,9,75.3,85.9,80.0,70.6,Yes,None,17000,No,Work Visa,Intermediate,Yes,0,Company Website,Not Referred,3.6,2.7,Rejected
TLB1400,30,Male,British,Master's,409,Logistics,6,57.6,55.5,85.7,54.0,No,Tier 3,10100,Yes,UAE Resident,Fluent,No,6,Company Website,Not Referred,3.0,1.7,Hired
TLB1401,31,Male,British,Bachelor's,301,Other,6,55.0,71.3,66.9,46.5,Yes,Startup,7600,Yes,UAE Resident,Fluent,Yes,7,Job Portal,Not Referred,3.0,3.1,Hired
TLB1402,21,Male,Egyptian,Bachelor's,252,Computer Science,5,76.3,49.2,70.9,61.6,Yes,None,9500,No,UAE Resident,Fluent,Yes,0,LinkedIn,Not Referred,2.9,3.8,Hired
TLB1403,21,Female,Emirati,Bachelor's,77,Engineering,1,61.3,82.7,66.9,30.6,Yes,Startup,13700,Yes,UAE Resident,Intermediate,Yes,3,Job Portal,Not Referred,3.1,4.7,Rejected
TLB1404,29,Male,Indian,Bachelor's,42,Marketing,2,71.2,66.7,68.3,49.6,No,Tier 3,4000,No,Work Visa,Intermediate,No,0,Company Website,Not Referred,3.3,2.3,Rejected
TLB1405,33,Male,Pakistani,Bachelor's,266,Business,6,94.0,50.1,81.5,47.5,No,Tier 3,17400,Yes,UAE Resident,Fluent,No,7,Referral,Referred,1.8,4.0,Hired
TLB1406,33,Male,Filipino,High School,22,Business,2,68.3,52.7,44.0,36.5,No,None,12100,No,UAE Resident,Intermediate,No,6,LinkedIn,Not Referred,3.1,3.3,Rejected
TLB1407,27,Female,Other,PhD,629,Hospitality,5,99.2,77.8,73.3,74.1,No,None,13900,No,UAE Resident,Intermediate,No,6,Referral,Referred,2.0,2.8,Hired
TLB1408,34,Male,Indian,Bachelor's,319,Finance,1,48.1,48.0,67.2,63.2,No,Tier 2,13000,No,Work Visa,Intermediate,Yes,2,Referral,Referred,2.9,2.3,Rejected
TLB1409,38,Female,American,Bachelor's,718,Finance,6,71.7,71.3,57.7,56.3,Yes,Tier 3,9000,No,UAE Resident,Fluent,No,5,Job Portal,Not Referred,3.4,2.6,Rejected
TLB1410,29,Female,Indian,Bachelor's,212,Business,6,69.7,62.9,60.5,74.4,No,None,7100,Yes,UAE Resident,Fluent,No,1,Referral,Referred,3.0,3.6,Hired
TLB1411,31,Female,Indian,Master's,181,Engineering,0,50.2,65.7,90.8,42.0,No,None,8800,No,Visit Visa,Fluent,No,1,LinkedIn,Not Referred,3.7,4.1,Hired
TLB1412,28,Female,Emirati,Master's,418,Computer Science,5,77.0,59.9,49.7,46.2,Yes,Tier 1,5200,Yes,UAE Resident,Intermediate,No,4,Job Portal,Not Referred,3.4,1.0,Hired
TLB1413,29,Female,Egyptian,Bachelor's,248,Computer Science,0,88.0,56.6,64.8,80.6,Yes,Tier 3,13600,Yes,Work Visa,Intermediate,Yes,7,Company Website,Not Referred,1.7,3.5,Hired
TLB1414,31,Female,Indian,Bachelor's,494,Marketing,0,98.0,62.2,88.2,96.9,Yes,Tier 3,11300,Yes,UAE Resident,Intermediate,No,2,Walk-in,Not Referred,4.0,2.6,Rejected
TLB1415,40,Male,Indian,Master's,587,Business,2,71.2,74.9,50.5,74.6,Yes,Tier 2,5100,No,UAE Resident,Fluent,No,3,Company Website,Not Referred,3.4,2.7,Hired
TLB1416,35,Female,British,Master's,519,Other,14,36.5,64.5,61.1,71.6,No,Startup,9200,Yes,UAE Resident,Intermediate,Yes,7,Company Website,Not Referred,2.8,3.4,Rejected
TLB1417,34,Male,Pakistani,Bachelor's,572,Engineering,7,72.2,73.1,67.6,56.9,No,Tier 3,14900,Yes,Citizen,Intermediate,Yes,3,Referral,Referred,2.9,4.6,Hired
TLB1418,27,Male,Emirati,Master's,463,Computer Science,9,76.1,65.1,72.4,57.2,Yes,Tier 2,17800,No,UAE Resident,Fluent,No,6,Company Website,Not Referred,1.7,2.5,Rejected
TLB1419,24,Female,Emirati,Bachelor's,190,Computer Science,7,61.5,75.3,66.0,68.2,Yes,Tier 2,6200,Yes,UAE Resident,Native,No,5,Referral,Referred,3.4,3.0,Rejected
TLB1420,32,Female,Pakistani,Bachelor's,527,Finance,5,68.2,73.0,55.4,84.2,Yes,None,21700,No,Work Visa,Native,No,7,LinkedIn,Not Referred,3.7,1.8,Hired
TLB1421,37,Female,Indian,Bachelor's,439,Computer Science,8,57.7,61.5,72.8,71.0,Yes,None,7700,No,UAE Resident,Intermediate,No,2,Walk-in,Not Referred,2.7,3.5,Hired
TLB1422,40,Male,Indian,Bachelor's,176,Business,2,63.0,56.6,65.7,78.4,Yes,None,4300,Yes,Visit Visa,Fluent,No,6,Job Portal,Not Referred,2.6,2.5,Hired
TLB1423,20,Male,Filipino,Bachelor's,201,Engineering,6,80.3,79.5,75.2,52.2,No,None,19900,No,Citizen,Fluent,No,6,Company Website,Not Referred,3.3,4.4,Hired
TLB1424,44,Male,Indian,Bachelor's,281,Business,9,85.8,58.2,79.0,73.6,No,None,7300,No,Work Visa,Fluent,No,7,Referral,Referred,4.0,3.4,Rejected
TLB1425,32,Male,Filipino,Master's,522,Finance,7,45.9,74.0,47.7,55.6,Yes,Tier 3,18900,No,UAE Resident,Intermediate,Yes,7,Job Portal,Not Referred,4.0,2.9,Rejected
TLB1426,35,Male,Indian,Bachelor's,323,Engineering,9,57.3,68.4,80.4,67.0,Yes,Tier 1,9000,No,UAE Resident,Intermediate,Yes,2,LinkedIn,Not Referred,3.8,2.9,Hired
TLB1427,20,Male,Indian,PhD,298,Computer Science,5,41.2,62.4,63.7,73.6,No,None,10700,Yes,Citizen,Intermediate,No,6,Referral,Referred,4.6,3.4,Hired
TLB1428,28,Male,Indian,Bachelor's,268,Hospitality,10,92.6,73.2,77.7,57.6,No,Tier 3,6100,Yes,UAE Resident,Intermediate,No,5,LinkedIn,Not Referred,3.8,3.7,Rejected
TLB1429,34,Female,Indian,Bachelor's,229,Engineering,4,78.1,84.4,73.4,50.8,No,Tier 2,17700,No,UAE Resident,Intermediate,Yes,0,LinkedIn,Not Referred,4.0,2.2,Hired
TLB1430,22,Male,Emirati,Master's,67,Finance,12,35.0,75.5,91.1,70.1,Yes,None,17100,Yes,Citizen,Intermediate,No,7,LinkedIn,Not Referred,3.3,3.0,Hired
TLB1431,20,Female,Indian,Master's,459,Computer Science,7,64.0,69.6,67.1,63.1,Yes,Tier 2,9000,Yes,Citizen,Fluent,Yes,5,Job Portal,Not Referred,3.0,3.1,Hired
TLB1432,32,Female,Other,Master's,96,Finance,3,60.7,87.5,61.8,66.9,Yes,None,11700,Yes,UAE Resident,Intermediate,No,5,LinkedIn,Not Referred,4.0,3.3,Hired
TLB1433,29,Male,American,Master's,313,Business,0,53.7,47.9,60.3,74.2,Yes,Tier 3,15000,No,UAE Resident,Intermediate,Yes,0,Job Portal,Not Referred,2.5,4.1,Hired
TLB1434,38,Male,Indian,Bachelor's,218,Engineering,2,80.5,54.7,53.5,83.3,Yes,Tier 1,9900,No,Work Visa,Intermediate,No,7,Walk-in,Not Referred,3.5,2.0,Rejected
TLB1435,29,Male,Filipino,High School,453,Business,1,80.2,62.4,77.5,74.3,No,None,18100,No,Visit Visa,Fluent,No,7,LinkedIn,Not Referred,2.8,3.9,Rejected
TLB1436,29,Female,Filipino,Bachelor's,231,Other,4,69.0,85.0,52.7,72.4,No,Startup,11500,No,UAE Resident,Fluent,No,6,Job Portal,Not Referred,3.4,3.4,Rejected
TLB1437,34,Male,British,Bachelor's,98,Business,0,55.4,79.3,77.4,58.0,No,Tier 3,9700,Yes,UAE Resident,Fluent,No,2,Referral,Referred,3.4,2.7,Hired
TLB1438,36,Male,Indian,Bachelor's,497,Other,9,55.5,47.4,64.1,60.1,Yes,Tier 3,4900,No,UAE Resident,Native,Yes,0,Walk-in,Not Referred,3.3,3.7,Hired
TLB1439,25,Female,Indian,Bachelor's,134,Other,5,65.7,62.8,44.1,71.4,Yes,Tier 2,6200,Yes,UAE Resident,Native,Yes,5,Referral,Referred,3.2,2.8,Hired
TLB1440,35,Female,Indian,Master's,330,Engineering,5,58.1,52.1,86.3,59.9,Yes,Tier 2,14600,No,UAE Resident,Fluent,No,4,Referral,Referred,3.6,1.7,Hired
TLB1441,26,Male,Emirati,Master's,554,Business,0,64.9,67.5,23.1,71.3,Yes,Tier 1,13100,No,Visit Visa,Native,No,2,LinkedIn,Not Referred,3.7,1.0,Rejected
TLB1442,30,Male,Indian,Master's,153,Engineering,2,73.4,78.8,65.9,53.6,Yes,Tier 2,15700,No,UAE Resident,Intermediate,No,2,Walk-in,Not Referred,2.2,2.1,Hired
TLB1443,34,Male,American,Master's,279,Other,0,42.0,79.7,70.0,92.0,Yes,Tier 2,9500,No,UAE Resident,Intermediate,No,5,LinkedIn,Not Referred,3.2,2.7,Rejected
TLB1444,35,Male,Other,Bachelor's,213,Finance,10,53.6,71.2,37.0,67.7,Yes,Tier 3,4600,No,Visit Visa,Intermediate,Yes,7,Job Portal,Not Referred,2.9,3.2,Hired
TLB1445,31,Male,Indian,High School,326,Marketing,0,64.5,62.9,72.7,66.8,Yes,Tier 1,9800,Yes,UAE Resident,Fluent,No,4,LinkedIn,Not Referred,3.3,3.6,Hired
TLB1446,23,Male,Pakistani,Master's,286,Computer Science,0,88.5,66.9,58.3,58.2,No,Tier 3,21200,No,UAE Resident,Fluent,Yes,7,Company Website,Not Referred,2.9,2.9,Hired
TLB1447,20,Female,Indian,Master's,484,Logistics,9,77.7,76.2,63.8,91.8,Yes,Tier 2,7700,Yes,Citizen,Fluent,No,4,Referral,Referred,4.1,2.0,Hired
TLB1448,28,Male,Pakistani,Bachelor's,175,Computer Science,6,64.9,96.2,84.5,47.5,No,Tier 2,11800,No,UAE Resident,Intermediate,No,4,LinkedIn,Not Referred,3.2,2.8,Hired
TLB1449,35,Female,Filipino,Bachelor's,554,Computer Science,5,71.0,53.8,68.9,55.2,No,None,3000,No,Citizen,Native,No,2,LinkedIn,Not Referred,3.9,2.9,Rejected
TLB1450,32,Male,Emirati,Bachelor's,620,Business,6,63.5,87.1,62.4,77.0,Yes,None,9700,Yes,UAE Resident,Intermediate,Yes,0,LinkedIn,Not Referred,2.5,4.5,Rejected
TLB1451,31,Female,American,Bachelor's,351,Engineering,8,81.2,70.9,64.8,68.4,Yes,None,10100,Yes,UAE Resident,Fluent,No,2,Job Portal,Not Referred,3.0,3.5,Hired
TLB1452,29,Female,Other,Bachelor's,141,Logistics,5,71.5,77.8,90.1,56.9,No,Tier 1,13500,Yes,Work Visa,Fluent,No,2,Job Portal,Not Referred,2.8,1.8,Hired
TLB1453,31,Female,Egyptian,Bachelor's,291,Hospitality,0,84.2,70.2,72.3,57.3,Yes,Startup,10600,No,UAE Resident,Native,No,4,LinkedIn,Not Referred,3.5,2.8,Hired
TLB1454,24,Female,Egyptian,Bachelor's,275,Business,7,44.7,84.9,55.5,60.9,Yes,Tier 2,5200,No,Work Visa,Fluent,No,1,Referral,Referred,2.4,3.7,Hired
TLB1455,34,Male,Pakistani,PhD,654,Engineering,6,52.9,72.0,60.7,66.4,Yes,Tier 3,9000,Yes,UAE Resident,Native,Yes,4,LinkedIn,Not Referred,2.0,3.1,Hired
TLB1456,35,Male,Indian,Bachelor's,279,Hospitality,9,69.1,60.2,51.5,86.8,No,None,11100,Yes,Work Visa,Intermediate,No,4,Job Portal,Not Referred,2.8,1.8,Hired
TLB1457,27,Male,Indian,Master's,576,Marketing,0,72.4,73.4,61.1,73.5,Yes,Tier 2,7500,Yes,UAE Resident,Native,No,4,Job Portal,Not Referred,3.6,3.8,Hired
TLB1458,32,Male,Filipino,Master's,322,Computer Science,2,100.0,81.5,87.9,79.3,Yes,None,8200,Yes,Visit Visa,Fluent,Yes,7,Job Portal,Not Referred,2.6,3.4,Rejected
TLB1459,20,Female,Emirati,Bachelor's,309,Engineering,6,37.9,68.0,64.8,58.9,No,Startup,16500,No,Work Visa,Native,No,1,Job Portal,Not Referred,3.4,3.0,Rejected
TLB1460,31,Male,British,Master's,229,Finance,1,64.5,43.1,49.6,72.2,Yes,Tier 2,9200,No,UAE Resident,Basic,Yes,2,Referral,Referred,2.7,2.5,Rejected
TLB1461,29,Female,Pakistani,Bachelor's,247,Other,0,63.8,66.6,72.6,43.2,No,Tier 1,14000,Yes,UAE Resident,Intermediate,No,2,LinkedIn,Not Referred,2.0,3.9,Hired
TLB1462,37,Male,Pakistani,Bachelor's,477,Finance,5,68.6,69.2,61.9,67.5,No,None,11200,No,UAE Resident,Intermediate,No,5,Job Portal,Not Referred,3.8,1.6,Hired
TLB1463,28,Male,Indian,High School,153,Computer Science,8,91.0,67.5,74.3,66.7,No,Tier 3,6500,No,Work Visa,Fluent,Yes,5,LinkedIn,Not Referred,3.7,1.9,Hired
TLB1464,35,Male,Other,Master's,491,Finance,4,78.1,62.1,63.8,90.5,Yes,Tier 1,10500,No,UAE Resident,Intermediate,Yes,6,LinkedIn,Not Referred,3.2,2.5,Hired
TLB1465,27,Female,Indian,PhD,588,Business,6,40.9,83.9,85.8,86.8,No,Tier 1,13300,Yes,Work Visa,Native,Yes,4,Referral,Referred,3.2,3.3,Rejected
TLB1466,20,Female,Indian,High School,181,Logistics,6,88.0,39.5,55.2,61.4,Yes,None,19800,No,UAE Resident,Intermediate,Yes,6,Job Portal,Not Referred,3.1,2.0,Rejected
TLB1467,28,Male,Indian,Bachelor's,541,Engineering,5,87.6,69.1,51.9,53.6,Yes,Tier 2,8500,Yes,UAE Resident,Intermediate,No,0,Company Website,Not Referred,2.5,2.7,Hired
TLB1468,31,Male,Egyptian,Bachelor's,509,Business,5,68.9,69.3,79.2,53.9,No,None,11600,Yes,Work Visa,Native,No,1,Walk-in,Not Referred,4.1,2.8,Rejected
TLB1469,30,Female,Other,Master's,473,Engineering,9,40.7,93.1,41.0,60.9,Yes,Startup,16100,Yes,UAE Resident,Native,No,4,Referral,Referred,3.1,3.4,Rejected
TLB1470,30,Male,Indian,Bachelor's,172,Business,1,62.7,67.8,64.8,83.2,No,Tier 2,17700,Yes,UAE Resident,Fluent,No,1,LinkedIn,Not Referred,3.5,2.9,Hired
TLB1471,26,Female,Other,Bachelor's,276,Business,7,72.0,73.3,77.4,70.8,No,Tier 2,9100,No,Work Visa,Native,No,2,Referral,Referred,2.9,2.9,Rejected
TLB1472,28,Male,Indian,Master's,275,Marketing,0,79.9,69.5,38.5,72.3,No,Startup,11300,No,Work Visa,Fluent,No,1,Job Portal,Not Referred,3.5,2.5,Hired
TLB1473,23,Male,Filipino,Bachelor's,718,Hospitality,2,38.4,69.1,67.8,76.4,Yes,Tier 3,17000,Yes,UAE Resident,Fluent,Yes,1,LinkedIn,Not Referred,4.0,4.0,Hired
TLB1474,20,Male,Emirati,Bachelor's,297,Logistics,9,53.5,89.2,47.6,51.1,Yes,Tier 1,14300,Yes,UAE Resident,Fluent,No,2,Walk-in,Not Referred,3.3,3.6,Rejected
TLB1475,29,Male,Pakistani,Bachelor's,263,Engineering,0,81.5,54.7,43.0,55.1,No,Tier 2,16700,Yes,UAE Resident,Intermediate,No,7,Company Website,Not Referred,3.5,3.6,Hired
TLB1476,25,Male,Egyptian,Bachelor's,70,Computer Science,4,87.5,60.0,53.1,72.3,Yes,None,17300,No,Work Visa,Fluent,No,0,Job Portal,Not Referred,3.8,2.5,Rejected
TLB1477,36,Male,Pakistani,Bachelor's,105,Engineering,13,71.5,77.1,64.6,54.1,Yes,Startup,14500,Yes,UAE Resident,Intermediate,No,7,Job Portal,Not Referred,3.7,2.7,Hired
TLB1478,20,Female,Indian,Bachelor's,163,Engineering,8,82.2,71.1,57.8,43.6,Yes,Tier 3,12600,Yes,Work Visa,Fluent,Yes,4,Referral,Referred,3.9,3.5,Hired
TLB1479,31,Male,British,Bachelor's,372,Business,2,71.8,64.6,81.4,49.8,Yes,Tier 2,9000,No,Visit Visa,Fluent,Yes,6,Job Portal,Not Referred,3.4,2.6,Rejected
TLB1480,42,Male,Other,Master's,15,Logistics,3,79.4,67.2,68.1,79.8,Yes,Tier 3,10900,Yes,Citizen,Fluent,No,5,Referral,Referred,3.4,2.4,Hired
TLB1481,28,Male,Pakistani,Bachelor's,166,Other,4,67.2,79.0,60.6,59.8,No,Startup,11200,Yes,UAE Resident,Intermediate,Yes,0,Job Portal,Not Referred,3.4,3.3,Hired
TLB1482,29,Male,Filipino,Master's,1,Computer Science,9,72.2,73.8,50.0,68.2,No,Tier 1,17400,No,UAE Resident,Fluent,No,2,Job Portal,Not Referred,3.8,2.1,Hired
TLB1483,32,Female,British,Bachelor's,580,Hospitality,1,46.7,59.4,69.9,50.5,Yes,None,12800,Yes,UAE Resident,Intermediate,No,6,Company Website,Not Referred,2.9,2.9,Rejected
TLB1484,33,Male,Indian,Master's,321,Finance,1,75.8,70.9,93.8,70.3,Yes,None,12800,Yes,UAE Resident,Intermediate,No,5,LinkedIn,Not Referred,3.6,3.8,Rejected
TLB1485,27,Female,American,Bachelor's,362,Business,7,46.2,67.4,57.9,61.2,Yes,Tier 2,7500,Yes,UAE Resident,Intermediate,No,2,Walk-in,Not Referred,4.8,3.2,Hired
TLB1486,23,Male,Indian,Master's,82,Finance,0,75.8,73.6,59.4,71.2,Yes,None,17400,Yes,Citizen,Fluent,No,4,Walk-in,Not Referred,3.5,2.3,Hired
TLB1487,33,Female,British,Bachelor's,532,Computer Science,1,58.4,64.1,53.2,58.3,Yes,Startup,8500,No,UAE Resident,Native,Yes,3,Company Website,Not Referred,2.4,3.5,Rejected
TLB1488,20,Male,Indian,High School,600,Computer Science,4,70.5,53.5,82.4,72.1,Yes,Startup,10700,No,UAE Resident,Intermediate,No,0,Walk-in,Not Referred,3.0,2.6,Rejected
TLB1489,34,Female,Indian,Bachelor's,313,Other,4,50.7,76.1,79.1,57.6,Yes,Tier 1,17900,Yes,Work Visa,Intermediate,No,7,Company Website,Not Referred,3.6,3.8,Hired
TLB1490,27,Male,Pakistani,High School,204,Finance,0,57.4,74.6,61.2,63.9,No,None,16000,Yes,Citizen,Intermediate,No,1,Referral,Referred,2.7,3.5,Rejected
TLB1491,30,Male,Pakistani,PhD,410,Business,6,70.5,85.0,59.2,61.2,Yes,Tier 3,8200,Yes,UAE Resident,Intermediate,No,6,Referral,Referred,2.5,2.8,Hired
TLB1492,26,Female,American,PhD,446,Engineering,6,76.3,52.2,54.7,65.4,No,None,7100,No,Visit Visa,Native,Yes,1,LinkedIn,Not Referred,2.2,2.5,Hired
TLB1493,38,Female,Other,Master's,474,Other,2,81.4,67.2,63.2,68.9,Yes,Tier 2,11100,Yes,Visit Visa,Intermediate,No,4,Company Website,Not Referred,3.1,2.4,Rejected
TLB1494,31,Female,Indian,Bachelor's,432,Engineering,10,47.7,65.2,80.3,58.1,No,Tier 2,9400,Yes,UAE Resident,Intermediate,No,3,Company Website,Not Referred,4.3,5.0,Hired
TLB1495,28,Male,Indian,Master's,492,Other,6,42.5,63.2,67.5,63.3,No,None,5400,Yes,Work Visa,Basic,No,7,LinkedIn,Not Referred,2.8,1.3,Hired
TLB1496,27,Female,Indian,Master's,161,Logistics,1,50.4,49.5,83.7,67.6,Yes,Tier 3,8600,No,UAE Resident,Intermediate,No,5,LinkedIn,Not Referred,3.8,1.7,Rejected
TLB1497,29,Female,Pakistani,Bachelor's,482,Business,10,49.0,55.2,57.6,72.1,No,Tier 1,3000,No,UAE Resident,Fluent,No,4,Job Portal,Not Referred,3.0,4.0,Rejected
TLB1498,44,Female,Pakistani,Bachelor's,209,Finance,3,88.5,71.2,36.9,63.9,No,None,16100,Yes,UAE Resident,Intermediate,No,2,Job Portal,Not Referred,2.9,3.8,Hired
TLB1499,22,Male,American,Master's,1,Finance,5,85.1,62.0,100.0,52.6,No,Tier 2,15800,Yes,UAE Resident,Intermediate,No,6,Walk-in,Not Referred,3.6,3.4,Hired
TLB1500,36,Female,British,High School,207,Hospitality,3,50.1,58.1,69.8,66.2,Yes,None,18300,No,Work Visa,Fluent,Yes,1,LinkedIn,Not Referred,2.1,1.5,Hired
TLB1501,33,Female,Emirati,Bachelor's,189,Engineering,7,90.7,85.2,77.1,74.4,No,None,13600,Yes,Visit Visa,Fluent,No,4,Job Portal,Not Referred,4.4,3.5,Hired
TLB1502,39,Female,Pakistani,Master's,348,Computer Science,3,84.2,96.5,56.8,46.3,Yes,Tier 1,10000,Yes,UAE Resident,Fluent,No,2,LinkedIn,Not Referred,3.6,2.3,Hired
TLB1503,33,Male,Filipino,Bachelor's,467,Computer Science,3,40.6,67.3,49.3,46.5,Yes,Tier 3,16600,Yes,Work Visa,Native,No,3,LinkedIn,Not Referred,3.9,3.0,Hired
TLB1504,30,Male,Pakistani,Bachelor's,338,Finance,4,49.5,50.0,69.0,55.7,No,None,8800,Yes,UAE Resident,Intermediate,Yes,0,Job Portal,Not Referred,3.0,3.4,Rejected
TLB1505,36,Female,Indian,Bachelor's,701,Hospitality,3,40.1,72.8,41.1,62.3,No,None,6000,Yes,UAE Resident,Fluent,No,5,Referral,Referred,3.5,3.5,Rejected
TLB1506,31,Male,Indian,Master's,194,Hospitality,8,63.7,43.0,63.5,34.2,No,Tier 3,11300,No,Work Visa,Intermediate,No,5,Job Portal,Not Referred,3.9,2.6,Hired
TLB1507,34,Female,Pakistani,PhD,1,Marketing,0,65.3,51.8,80.3,73.0,Yes,Startup,13800,Yes,UAE Resident,Fluent,No,5,LinkedIn,Not Referred,3.1,4.1,Hired
TLB1508,38,Male,Indian,Master's,355,Computer Science,4,65.2,73.0,72.8,62.4,Yes,Tier 3,8300,Yes,Visit Visa,Intermediate,Yes,5,LinkedIn,Not Referred,2.6,3.8,Hired
TLB1509,30,Male,Egyptian,Bachelor's,191,Computer Science,5,34.6,51.4,70.3,32.1,Yes,Tier 2,7300,No,UAE Resident,Intermediate,No,0,Company Website,Not Referred,2.5,2.3,Rejected
TLB1510,27,Female,Indian,Bachelor's,82,Hospitality,4,43.6,64.4,89.7,49.4,No,Startup,10100,No,Visit Visa,Intermediate,No,5,LinkedIn,Not Referred,2.9,2.7,Hired
TLB1511,26,Male,Filipino,Bachelor's,240,Marketing,8,68.9,50.2,71.9,60.8,No,Tier 2,13900,No,UAE Resident,Fluent,Yes,2,LinkedIn,Not Referred,3.4,2.5,Hired
TLB1512,32,Male,Pakistani,Bachelor's,143,Hospitality,0,74.3,68.7,42.2,40.2,Yes,Tier 2,11300,Yes,UAE Resident,Basic,No,4,LinkedIn,Not Referred,3.1,3.0,Rejected
TLB1513,24,Female,American,High School,163,Computer Science,6,34.7,81.5,65.1,78.6,Yes,Tier 3,23900,Yes,Visit Visa,Fluent,No,5,Referral,Referred,2.9,3.6,Hired
TLB1514,27,Female,Indian,Master's,604,Engineering,0,45.8,60.6,92.0,67.6,No,None,11400,Yes,Work Visa,Intermediate,No,2,Job Portal,Not Referred,3.7,1.6,Hired
TLB1515,24,Female,Indian,Master's,324,Other,3,80.3,67.8,63.0,74.5,Yes,Tier 2,15400,No,UAE Resident,Fluent,No,1,LinkedIn,Not Referred,2.9,1.5,Hired
TLB1516,33,Male,Indian,Bachelor's,246,Computer Science,0,46.6,58.2,91.2,50.6,Yes,Tier 2,5500,Yes,Citizen,Fluent,Yes,0,Company Website,Not Referred,2.8,2.4,Hired
TLB1517,25,Male,Pakistani,Master's,619,Computer Science,3,64.8,59.1,80.3,70.8,No,Tier 1,14600,No,UAE Resident,Intermediate,Yes,3,Company Website,Not Referred,3.9,4.2,Hired
TLB1518,22,Female,Indian,Master's,240,Finance,2,45.2,58.0,61.7,55.8,Yes,Tier 2,9900,No,UAE Resident,Fluent,No,4,Company Website,Not Referred,3.6,3.3,Hired
TLB1519,23,Male,Egyptian,Bachelor's,53,Marketing,10,77.5,77.4,53.0,62.3,No,None,12000,Yes,UAE Resident,Fluent,Yes,0,Referral,Referred,2.3,4.4,Hired
TLB1520,26,Male,Indian,High School,34,Other,5,34.7,51.0,71.4,69.9,No,Tier 3,19600,No,Work Visa,Fluent,No,5,Company Website,Not Referred,2.3,3.0,Hired
TLB1521,27,Male,Emirati,High School,284,Other,6,60.4,64.0,83.5,64.0,Yes,Tier 2,10300,No,Work Visa,Fluent,No,1,Job Portal,Not Referred,2.4,2.4,Hired
TLB1522,31,Male,Pakistani,Bachelor's,1,Hospitality,1,79.1,72.9,46.5,76.3,Yes,None,6100,Yes,Visit Visa,Basic,Yes,6,LinkedIn,Not Referred,3.2,1.8,Hired
TLB1523,29,Female,British,Bachelor's,65,Computer Science,7,74.2,78.9,68.6,66.9,No,Tier 1,6800,No,Work Visa,Intermediate,Yes,5,Job Portal,Not Referred,4.0,2.4,Hired
TLB1524,32,Female,American,Bachelor's,223,Engineering,10,58.0,73.3,40.5,58.5,Yes,Tier 3,12800,No,UAE Resident,Fluent,Yes,5,LinkedIn,Not Referred,4.2,2.6,Hired
TLB1525,32,Female,Egyptian,Bachelor's,526,Logistics,8,54.5,67.1,62.6,76.8,No,None,12500,No,UAE Resident,Intermediate,No,1,Referral,Referred,3.7,1.2,Hired
TLB1526,34,Male,Filipino,Bachelor's,558,Engineering,0,61.5,61.2,45.5,79.8,Yes,Startup,12300,Yes,UAE Resident,Intermediate,Yes,5,Company Website,Not Referred,4.5,2.4,Rejected
TLB1527,20,Male,Egyptian,Master's,431,Other,3,45.7,79.1,74.3,66.2,No,Tier 2,6200,No,Work Visa,Intermediate,No,5,LinkedIn,Not Referred,3.3,2.4,Hired
TLB1528,23,Male,Egyptian,Master's,299,Finance,5,63.5,57.6,58.0,83.7,No,Startup,21100,Yes,UAE Resident,Intermediate,No,6,LinkedIn,Not Referred,4.0,3.1,Hired
TLB1529,33,Male,Indian,Bachelor's,185,Computer Science,2,63.8,57.8,82.1,61.7,Yes,Tier 3,18600,Yes,Work Visa,Native,No,4,LinkedIn,Not Referred,2.8,3.1,Rejected
TLB1530,31,Male,Filipino,Bachelor's,377,Engineering,13,58.7,84.2,60.0,63.2,No,Startup,12600,Yes,Work Visa,Fluent,No,6,LinkedIn,Not Referred,2.1,3.4,Rejected
TLB1531,35,Male,British,Bachelor's,656,Finance,3,80.0,72.3,58.8,65.1,No,Tier 2,5200,No,Visit Visa,Intermediate,No,3,Company Website,Not Referred,3.0,1.8,Hired
TLB1532,20,Male,Indian,Bachelor's,328,Computer Science,4,48.9,72.7,46.0,63.2,Yes,None,19100,Yes,UAE Resident,Intermediate,Yes,7,LinkedIn,Not Referred,3.1,2.2,Hired
TLB1533,27,Male,Egyptian,Bachelor's,207,Business,2,39.4,75.2,72.1,60.7,No,Tier 3,17100,No,UAE Resident,Intermediate,Yes,5,Job Portal,Not Referred,5.0,3.8,Hired
TLB1534,28,Female,Pakistani,High School,268,Finance,5,57.1,66.9,73.4,55.0,Yes,Startup,12500,Yes,Citizen,Native,Yes,0,Job Portal,Not Referred,3.2,2.9,Rejected
TLB1535,30,Male,Pakistani,Bachelor's,246,Computer Science,9,66.9,50.7,79.2,51.1,Yes,None,17400,No,Work Visa,Intermediate,No,6,LinkedIn,Not Referred,2.5,3.8,Hired
TLB1536,30,Male,Emirati,PhD,409,Business,5,63.4,71.0,75.5,66.6,No,None,9800,Yes,UAE Resident,Fluent,No,1,LinkedIn,Not Referred,3.9,3.0,Hired
TLB1537,32,Female,Egyptian,Bachelor's,147,Finance,4,62.7,67.8,72.2,81.8,No,Startup,7700,Yes,Work Visa,Intermediate,Yes,0,Referral,Referred,2.7,3.2,Rejected
TLB1538,29,Female,American,Master's,381,Hospitality,1,48.1,57.7,74.7,76.4,No,Tier 2,12700,Yes,Citizen,Fluent,No,4,Job Portal,Not Referred,3.3,3.5,Hired
TLB1539,38,Female,Indian,Bachelor's,413,Marketing,9,50.3,54.9,76.1,70.4,No,Tier 1,5000,Yes,UAE Resident,Intermediate,Yes,3,Referral,Referred,3.8,2.7,Hired
TLB1540,40,Male,Indian,Bachelor's,368,Other,4,57.7,67.4,78.8,82.5,Yes,Tier 3,7000,Yes,Citizen,Basic,No,3,LinkedIn,Not Referred,2.5,2.6,Rejected
TLB1541,23,Female,Emirati,PhD,82,Other,4,56.5,51.7,47.1,65.3,Yes,Tier 1,14400,No,UAE Resident,Fluent,Yes,3,Walk-in,Not Referred,4.3,2.6,Hired
TLB1542,30,Male,Emirati,Bachelor's,270,Engineering,0,81.5,66.3,61.0,51.2,Yes,Startup,13100,No,Citizen,Intermediate,No,2,Referral,Referred,4.0,3.0,Rejected
TLB1543,34,Male,Other,Master's,194,Computer Science,4,69.0,64.8,45.9,60.1,Yes,Startup,5800,Yes,UAE Resident,Intermediate,No,7,Referral,Referred,3.4,3.6,Hired
TLB1544,33,Male,Pakistani,PhD,285,Hospitality,3,57.0,66.6,71.3,64.2,Yes,Tier 3,10200,No,UAE Resident,Fluent,No,5,Job Portal,Not Referred,4.4,2.8,Hired
TLB1545,27,Male,Indian,Bachelor's,166,Business,0,81.4,72.8,88.2,57.8,No,Tier 2,6000,Yes,UAE Resident,Fluent,Yes,6,Walk-in,Not Referred,2.9,4.0,Hired
TLB1546,31,Male,Indian,Bachelor's,548,Logistics,8,71.7,75.5,78.7,73.5,Yes,None,9800,No,Visit Visa,Intermediate,No,4,Referral,Referred,3.8,4.5,Rejected
TLB1547,20,Male,Other,Bachelor's,337,Marketing,3,44.6,59.5,59.1,78.1,No,Tier 3,9300,Yes,Citizen,Fluent,No,5,Referral,Referred,3.4,2.4,Rejected
TLB1548,29,Female,Indian,High School,1,Engineering,11,20.0,78.4,73.6,40.8,No,Tier 3,16500,No,UAE Resident,Native,Yes,4,Referral,Referred,2.8,4.1,Rejected
TLB1549,21,Male,Egyptian,Bachelor's,34,Marketing,9,45.1,65.4,71.5,63.0,Yes,Tier 3,11300,Yes,UAE Resident,Intermediate,Yes,7,LinkedIn,Not Referred,2.8,3.1,Rejected
TLB1550,33,Male,Indian,High School,540,Marketing,2,73.9,89.0,70.0,24.4,Yes,Tier 1,10900,No,UAE Resident,Intermediate,No,0,Referral,Referred,4.6,3.4,Rejected
TLB1551,23,Male,Emirati,Master's,263,Other,9,78.4,61.0,50.1,63.7,Yes,Startup,10200,Yes,UAE Resident,Intermediate,No,6,LinkedIn,Not Referred,3.9,3.0,Hired
TLB1552,30,Male,Egyptian,Master's,222,Business,10,40.1,48.7,84.1,63.6,Yes,Tier 1,4300,No,Visit Visa,Intermediate,No,3,Company Website,Not Referred,3.8,4.1,Hired
TLB1553,31,Male,Emirati,Bachelor's,525,Other,3,74.9,78.0,51.7,89.9,Yes,Tier 3,11600,No,UAE Resident,Fluent,No,2,Job Portal,Not Referred,2.8,3.4,Hired
TLB1554,30,Male,Egyptian,Bachelor's,269,Computer Science,1,74.3,73.1,62.2,85.7,Yes,Tier 2,14200,No,Citizen,Intermediate,No,4,Walk-in,Not Referred,3.7,2.8,Hired
TLB1555,26,Male,Indian,Master's,60,Hospitality,0,85.9,82.4,79.5,78.1,No,Tier 2,13000,Yes,Citizen,Native,No,7,Job Portal,Not Referred,2.9,2.8,Rejected
TLB1556,28,Female,Egyptian,Master's,74,Other,6,79.3,71.7,62.1,51.6,Yes,Tier 2,15100,Yes,UAE Resident,Fluent,Yes,2,LinkedIn,Not Referred,4.4,2.1,Hired
TLB1557,37,Female,Egyptian,Bachelor's,425,Engineering,1,85.3,96.1,68.0,50.8,Yes,Tier 1,15300,Yes,Work Visa,Intermediate,Yes,3,LinkedIn,Not Referred,4.0,2.6,Hired
TLB1558,27,Male,Egyptian,Bachelor's,705,Computer Science,6,72.3,65.7,68.6,49.7,Yes,None,21900,Yes,Citizen,Basic,No,1,Company Website,Not Referred,3.8,4.1,Hired
TLB1559,30,Female,Emirati,Master's,467,Logistics,3,71.8,80.6,67.9,86.4,Yes,None,6900,Yes,Citizen,Fluent,No,6,LinkedIn,Not Referred,3.8,4.0,Hired
TLB1560,26,Female,Egyptian,Master's,223,Logistics,2,59.9,61.7,68.5,52.3,Yes,Tier 1,13100,No,Work Visa,Basic,No,4,LinkedIn,Not Referred,3.1,2.6,Hired
TLB1561,36,Female,Other,Master's,254,Business,3,77.3,73.9,69.8,59.6,Yes,Tier 1,13600,No,UAE Resident,Intermediate,No,2,Job Portal,Not Referred,3.5,2.2,Rejected
TLB1562,30,Female,Indian,Bachelor's,309,Marketing,0,45.0,76.1,68.0,52.4,No,Startup,10600,Yes,UAE Resident,Fluent,No,7,Referral,Referred,4.3,3.9,Rejected
TLB1563,25,Female,Indian,Bachelor's,1,Logistics,3,62.9,78.0,55.4,47.4,No,Tier 1,9200,No,Visit Visa,Fluent,Yes,1,LinkedIn,Not Referred,3.5,3.4,Hired
TLB1564,30,Female,British,Bachelor's,304,Business,2,73.1,77.3,46.8,69.7,No,Tier 3,14200,No,UAE Resident,Native,Yes,0,Company Website,Not Referred,2.6,1.5,Hired
TLB1565,28,Female,Indian,Bachelor's,416,Finance,4,86.1,29.2,80.0,67.1,No,Tier 1,13800,No,Work Visa,Intermediate,Yes,2,Walk-in,Not Referred,4.1,5.0,Hired
TLB1566,38,Male,Egyptian,Master's,654,Engineering,5,57.8,67.2,80.6,33.9,Yes,Tier 3,7300,No,Work Visa,Native,Yes,2,Company Website,Not Referred,2.7,3.1,Hired
TLB1567,29,Male,Egyptian,High School,518,Computer Science,1,79.5,61.1,71.4,46.8,No,None,3900,No,UAE Resident,Fluent,No,2,LinkedIn,Not Referred,3.2,4.5,Hired
TLB1568,21,Male,Emirati,Master's,685,Logistics,8,62.0,63.5,71.3,68.6,Yes,Tier 2,9800,Yes,UAE Resident,Fluent,Yes,0,Company Website,Not Referred,2.9,3.2,Hired
TLB1569,32,Male,Filipino,Master's,636,Business,4,79.8,64.6,55.1,64.0,Yes,None,9000,No,UAE Resident,Basic,No,7,Walk-in,Not Referred,1.4,2.3,Hired
TLB1570,40,Male,Filipino,PhD,578,Other,10,53.0,79.7,35.3,59.4,Yes,None,14700,Yes,Citizen,Fluent,No,2,LinkedIn,Not Referred,3.3,3.3,Hired
TLB1571,37,Male,Indian,Master's,305,Marketing,5,75.9,70.4,63.8,73.5,No,None,7800,Yes,UAE Resident,Fluent,No,7,Company Website,Not Referred,4.7,1.9,Hired
TLB1572,23,Male,American,PhD,368,Marketing,5,63.6,61.9,42.3,44.8,No,Startup,11200,No,UAE Resident,Fluent,No,5,Job Portal,Not Referred,3.4,3.0,Hired
TLB1573,28,Male,Indian,High School,1,Engineering,3,47.2,50.4,69.4,56.7,No,None,4300,Yes,Citizen,Native,No,6,Job Portal,Not Referred,5.0,2.2,Hired
TLB1574,29,Female,Indian,Bachelor's,326,Engineering,7,62.7,86.4,84.0,72.3,No,Tier 3,5000,Yes,Work Visa,Fluent,No,2,LinkedIn,Not Referred,3.1,2.9,Hired
TLB1575,29,Male,American,High School,413,Logistics,5,84.8,60.2,59.0,55.9,Yes,None,8500,Yes,Work Visa,Intermediate,No,5,Walk-in,Not Referred,3.4,3.3,Rejected
TLB1576,32,Male,Indian,PhD,243,Finance,8,49.7,66.4,59.7,69.4,No,Tier 1,10900,Yes,Visit Visa,Intermediate,Yes,3,Referral,Referred,3.1,3.3,Hired
TLB1577,27,Female,British,Master's,1,Hospitality,10,42.7,93.7,53.9,49.0,Yes,Startup,8300,Yes,UAE Resident,Fluent,No,2,LinkedIn,Not Referred,3.2,1.9,Rejected
TLB1578,24,Female,Emirati,High School,616,Engineering,2,71.0,60.6,67.6,53.5,Yes,Tier 3,12600,Yes,Citizen,Intermediate,No,7,LinkedIn,Not Referred,3.5,2.6,Rejected
TLB1579,35,Female,Pakistani,High School,381,Business,7,39.8,64.7,66.6,40.0,Yes,Tier 1,4300,Yes,Citizen,Native,No,6,Referral,Referred,4.3,1.5,Rejected
TLB1580,23,Female,Emirati,Bachelor's,644,Computer Science,7,88.5,70.8,53.8,36.2,Yes,Tier 2,11000,No,UAE Resident,Intermediate,Yes,2,LinkedIn,Not Referred,2.6,3.6,Hired
TLB1581,25,Female,Egyptian,Bachelor's,448,Hospitality,6,88.1,48.7,78.9,58.3,No,Tier 2,11100,Yes,UAE Resident,Native,Yes,0,Job Portal,Not Referred,3.2,3.3,Rejected
TLB1582,23,Male,British,Master's,573,Engineering,3,80.6,47.3,100.0,71.3,No,Tier 3,5500,No,UAE Resident,Intermediate,Yes,4,Job Portal,Not Referred,3.6,2.2,Hired
TLB1583,33,Male,American,Bachelor's,532,Engineering,3,64.8,62.2,82.5,63.4,No,Tier 2,13000,No,Work Visa,Basic,No,7,LinkedIn,Not Referred,4.1,4.2,Rejected
TLB1584,30,Male,Other,Master's,164,Engineering,2,90.0,62.6,65.6,81.2,No,Tier 2,3000,No,Work Visa,Intermediate,No,7,Job Portal,Not Referred,1.7,3.5,Hired
TLB1585,35,Female,Egyptian,Bachelor's,198,Engineering,2,85.2,69.6,65.4,59.5,Yes,Tier 2,8900,Yes,Work Visa,Native,Yes,3,Walk-in,Not Referred,2.2,3.0,Rejected
TLB1586,25,Female,Egyptian,Bachelor's,214,Finance,2,57.0,56.3,60.3,35.3,No,Tier 3,15500,No,Citizen,Fluent,No,4,LinkedIn,Not Referred,3.2,2.7,Rejected
TLB1587,22,Male,Pakistani,Bachelor's,106,Marketing,4,86.6,73.2,60.1,69.8,Yes,Tier 1,3000,Yes,UAE Resident,Intermediate,No,6,Job Portal,Not Referred,4.0,2.6,Rejected
TLB1588,27,Male,Other,PhD,653,Other,2,51.3,42.1,79.5,49.9,Yes,Tier 2,15000,No,Visit Visa,Fluent,No,1,Walk-in,Not Referred,2.9,2.5,Hired
TLB1589,28,Male,Filipino,Bachelor's,308,Computer Science,6,62.0,67.2,80.0,66.8,No,Tier 2,6800,Yes,Work Visa,Fluent,Yes,2,Job Portal,Not Referred,3.7,4.0,Hired
TLB1590,31,Male,Other,Bachelor's,391,Marketing,5,38.1,72.3,51.8,33.0,No,Tier 3,9300,Yes,Work Visa,Fluent,No,1,Company Website,Not Referred,4.6,3.3,Hired
TLB1591,20,Male,Indian,Bachelor's,33,Computer Science,5,67.2,71.9,71.8,61.1,No,Tier 1,18300,Yes,UAE Resident,Native,Yes,4,Job Portal,Not Referred,3.2,2.3,Hired
TLB1592,32,Male,Pakistani,Master's,463,Logistics,4,60.6,66.0,81.4,74.8,Yes,None,9200,No,Work Visa,Fluent,Yes,7,Job Portal,Not Referred,3.0,4.1,Hired
TLB1593,24,Female,Egyptian,Master's,218,Finance,5,58.2,60.1,62.4,73.1,No,Tier 2,19300,Yes,Work Visa,Native,Yes,2,LinkedIn,Not Referred,3.5,3.0,Rejected
TLB1594,26,Male,Indian,Master's,552,Engineering,4,62.5,65.7,64.3,61.5,Yes,Tier 2,10600,Yes,UAE Resident,Intermediate,Yes,7,LinkedIn,Not Referred,3.3,2.4,Hired
TLB1595,37,Female,Indian,Bachelor's,162,Logistics,7,56.3,82.8,76.0,64.3,Yes,Tier 3,11600,Yes,Visit Visa,Fluent,Yes,4,Company Website,Not Referred,3.4,4.7,Hired
TLB1596,20,Female,Other,Master's,566,Engineering,3,65.6,60.8,76.4,58.0,Yes,None,15800,No,UAE Resident,Fluent,Yes,2,Referral,Referred,3.1,2.2,Hired
TLB1597,31,Male,Pakistani,Bachelor's,488,Business,6,84.3,79.7,72.6,60.8,Yes,Tier 3,14400,Yes,UAE Resident,Native,Yes,7,Referral,Referred,3.0,2.4,Hired
TLB1598,31,Male,Indian,Master's,206,Engineering,0,49.1,81.6,70.3,73.8,Yes,Tier 2,12700,No,Visit Visa,Basic,No,4,LinkedIn,Not Referred,2.5,3.1,Rejected
TLB1599,25,Female,Indian,Bachelor's,583,Computer Science,7,77.9,47.2,72.1,54.5,Yes,Tier 3,9900,No,UAE Resident,Intermediate,No,4,Job Portal,Not Referred,3.6,3.4,Rejected
TLB1600,27,Male,Indian,Bachelor's,529,Logistics,3,68.2,66.5,63.4,55.9,Yes,Tier 3,5000,No,Work Visa,Intermediate,No,1,Job Portal,Not Referred,2.5,2.5,Rejected
TLB1601,37,Female,Filipino,PhD,397,Hospitality,1,70.6,56.3,52.5,42.9,Yes,Tier 3,5200,Yes,Work Visa,Intermediate,Yes,4,Referral,Referred,2.6,1.3,Hired
TLB1602,41,Male,Other,PhD,101,Hospitality,1,64.5,50.0,46.8,74.1,Yes,None,17900,No,UAE Resident,Intermediate,Yes,1,LinkedIn,Not Referred,2.4,3.1,Hired
TLB1603,36,Female,Other,Bachelor's,460,Logistics,0,54.2,77.5,74.7,60.5,No,None,19600,Yes,UAE Resident,Fluent,No,3,LinkedIn,Not Referred,3.0,2.3,Hired
TLB1604,41,Female,Egyptian,Bachelor's,313,Hospitality,3,71.7,73.7,68.4,47.3,Yes,Tier 3,12600,Yes,UAE Resident,Intermediate,Yes,7,LinkedIn,Not Referred,3.2,2.8,Hired
TLB1605,25,Male,Egyptian,Master's,309,Engineering,10,72.8,71.2,72.9,76.5,Yes,Tier 1,4000,No,UAE Resident,Fluent,No,7,Company Website,Not Referred,2.4,2.5,Hired
TLB1606,20,Male,Indian,PhD,314,Computer Science,2,53.0,55.0,56.2,63.6,No,Tier 3,8500,No,Work Visa,Intermediate,No,3,LinkedIn,Not Referred,3.0,2.2,Hired
TLB1607,29,Female,American,Master's,293,Engineering,0,44.9,70.5,68.3,53.8,Yes,None,8300,No,UAE Resident,Fluent,Yes,2,Walk-in,Not Referred,3.3,2.9,Hired
TLB1608,34,Male,Indian,High School,126,Other,6,66.3,52.3,68.0,76.7,No,None,9500,No,Citizen,Basic,Yes,1,LinkedIn,Not Referred,2.1,2.6,Hired
TLB1609,20,Male,Indian,Bachelor's,1,Other,1,76.3,68.9,83.6,59.5,No,Tier 2,8000,Yes,UAE Resident,Fluent,No,1,LinkedIn,Not Referred,2.7,2.4,Rejected
TLB1610,24,Male,Other,Master's,1,Hospitality,7,80.1,60.1,78.1,42.3,Yes,Tier 2,14300,Yes,UAE Resident,Fluent,No,4,Job Portal,Not Referred,4.5,3.9,Rejected
TLB1611,25,Male,American,Master's,359,Business,3,83.0,80.6,57.4,77.7,Yes,Tier 2,13100,No,Citizen,Intermediate,No,7,Referral,Referred,2.7,2.3,Hired
TLB1612,32,Female,Indian,Master's,1,Business,4,70.6,63.6,73.6,52.5,Yes,None,19100,Yes,UAE Resident,Native,Yes,6,Referral,Referred,3.7,2.9,Hired
TLB1613,31,Female,Egyptian,Master's,445,Logistics,9,61.1,70.8,57.3,100.0,Yes,Tier 3,10200,No,Work Visa,Fluent,No,2,LinkedIn,Not Referred,2.8,3.1,Hired
TLB1614,25,Male,Pakistani,Bachelor's,401,Computer Science,7,65.0,70.8,33.0,58.0,Yes,Tier 2,12900,Yes,Work Visa,Intermediate,No,6,Company Website,Not Referred,3.3,1.7,Hired
TLB1615,31,Female,Indian,Bachelor's,239,Marketing,0,46.4,67.1,89.4,36.0,Yes,Tier 2,15300,Yes,Citizen,Intermediate,No,3,Referral,Referred,2.6,2.2,Rejected
TLB1616,23,Male,Indian,Master's,505,Engineering,1,54.8,69.3,62.1,88.8,Yes,Tier 2,16600,Yes,UAE Resident,Intermediate,No,5,Job Portal,Not Referred,1.9,3.1,Rejected
TLB1617,27,Male,Indian,Bachelor's,247,Business,0,64.2,71.6,80.5,63.4,Yes,None,6400,No,UAE Resident,Fluent,No,2,Company Website,Not Referred,2.9,3.0,Rejected
TLB1618,22,Male,Pakistani,Master's,383,Finance,14,61.0,57.2,58.4,67.8,Yes,Tier 3,13800,No,Citizen,Fluent,Yes,6,Job Portal,Not Referred,3.5,2.5,Hired
TLB1619,29,Female,Pakistani,Master's,1,Other,1,66.4,72.8,56.5,69.6,Yes,Tier 2,12700,No,UAE Resident,Native,Yes,3,Company Website,Not Referred,3.7,3.1,Hired
TLB1620,25,Male,Pakistani,Master's,1,Hospitality,9,44.4,78.4,59.9,45.2,No,Startup,13400,Yes,Work Visa,Intermediate,No,6,Job Portal,Not Referred,3.3,3.3,Rejected
TLB1621,34,Male,Indian,Bachelor's,252,Engineering,3,47.7,72.8,70.3,33.9,No,Tier 3,12300,Yes,Work Visa,Intermediate,No,1,Company Website,Not Referred,2.7,3.6,Rejected
TLB1622,29,Male,Other,Master's,384,Engineering,1,76.6,63.7,69.3,91.6,No,Startup,19700,Yes,Work Visa,Native,No,7,Referral,Referred,3.8,3.6,Rejected
TLB1623,28,Female,Filipino,Bachelor's,490,Other,5,52.5,70.1,73.5,42.4,Yes,None,8000,Yes,Visit Visa,Native,No,3,Company Website,Not Referred,2.7,4.1,Rejected
TLB1624,40,Male,Other,Bachelor's,264,Marketing,3,54.9,63.6,60.5,87.2,Yes,Tier 1,7700,Yes,Citizen,Native,No,5,Company Website,Not Referred,2.7,3.2,Rejected
TLB1625,32,Male,Indian,Bachelor's,349,Engineering,7,66.4,66.6,67.5,71.6,Yes,Tier 1,8300,No,UAE Resident,Fluent,Yes,4,LinkedIn,Not Referred,2.5,2.0,Hired
TLB1626,27,Female,Filipino,High School,457,Finance,7,51.0,53.7,56.0,66.7,No,Tier 1,10700,Yes,Work Visa,Native,No,4,Company Website,Not Referred,2.9,2.9,Rejected
TLB1627,26,Male,American,PhD,274,Business,2,81.6,84.6,86.1,57.7,Yes,Startup,13300,Yes,Work Visa,Fluent,No,2,LinkedIn,Not Referred,3.0,2.1,Rejected
TLB1628,22,Male,Indian,Master's,417,Computer Science,0,46.1,91.2,49.9,96.6,No,None,9900,No,UAE Resident,Fluent,No,7,Company Website,Not Referred,3.4,3.8,Hired
TLB1629,29,Male,Indian,High School,74,Logistics,0,65.0,59.6,56.3,54.5,No,Tier 2,16500,Yes,Citizen,Fluent,No,1,LinkedIn,Not Referred,2.3,4.2,Hired
TLB1630,31,Male,Indian,Master's,1,Marketing,0,53.8,77.4,61.5,54.9,Yes,Startup,12000,Yes,UAE Resident,Fluent,No,2,LinkedIn,Not Referred,2.9,3.1,Rejected
TLB1631,20,Male,Indian,Bachelor's,193,Computer Science,4,67.3,85.5,98.1,73.7,Yes,Startup,11600,No,UAE Resident,Fluent,No,3,LinkedIn,Not Referred,2.6,4.0,Hired
TLB1632,21,Female,Pakistani,Master's,454,Business,4,57.5,56.5,77.0,54.8,Yes,None,6000,Yes,Citizen,Intermediate,Yes,3,LinkedIn,Not Referred,3.5,4.0,Rejected
TLB1633,26,Female,Indian,Master's,157,Other,1,64.6,42.1,55.9,50.1,No,Tier 3,20200,No,Citizen,Fluent,No,1,LinkedIn,Not Referred,3.4,3.3,Hired
TLB1634,23,Female,Indian,Bachelor's,430,Finance,0,83.3,86.2,77.7,63.4,Yes,Tier 2,11800,No,UAE Resident,Fluent,Yes,6,LinkedIn,Not Referred,2.5,3.5,Hired
TLB1635,30,Female,Filipino,Bachelor's,94,Finance,4,54.7,67.9,73.7,73.9,Yes,Startup,19400,Yes,Visit Visa,Fluent,Yes,4,Company Website,Not Referred,3.5,3.9,Hired
TLB1636,31,Male,Emirati,High School,183,Computer Science,2,54.6,61.8,70.6,90.6,Yes,None,9200,Yes,UAE Resident,Fluent,Yes,7,Referral,Referred,3.2,2.0,Rejected
TLB1637,29,Male,Indian,Bachelor's,348,Other,4,60.3,68.6,76.0,93.4,No,Startup,15700,No,UAE Resident,Fluent,Yes,2,Walk-in,Not Referred,3.8,3.3,Rejected
TLB1638,33,Female,Egyptian,PhD,166,Logistics,3,87.1,63.6,67.8,39.2,No,None,9500,No,UAE Resident,Fluent,No,3,Job Portal,Not Referred,2.7,3.5,Rejected
TLB1639,26,Male,Indian,Bachelor's,200,Marketing,5,63.7,100.0,69.2,78.9,Yes,Tier 2,20200,No,Citizen,Fluent,No,4,LinkedIn,Not Referred,3.6,2.0,Hired
TLB1640,29,Female,Indian,Bachelor's,1,Business,3,83.5,61.6,46.8,50.5,Yes,Startup,17000,No,UAE Resident,Intermediate,No,4,Referral,Referred,3.8,4.6,Rejected
TLB1641,23,Female,Indian,High School,467,Finance,3,62.3,71.9,85.8,51.2,Yes,Tier 2,15800,Yes,UAE Resident,Intermediate,Yes,1,Referral,Referred,3.2,4.0,Hired
TLB1642,31,Male,Emirati,Master's,276,Logistics,0,82.8,83.5,61.2,56.7,Yes,Tier 3,8700,Yes,Work Visa,Fluent,Yes,6,Referral,Referred,4.7,4.0,Hired
TLB1643,30,Male,Pakistani,Bachelor's,110,Hospitality,4,71.1,83.4,50.9,55.8,Yes,Tier 2,20600,Yes,UAE Resident,Fluent,No,7,Referral,Referred,3.5,3.4,Hired
TLB1644,22,Male,Emirati,Master's,666,Other,5,73.3,81.2,60.4,49.3,No,Tier 2,21200,Yes,UAE Resident,Basic,Yes,4,Company Website,Not Referred,4.4,2.3,Hired
TLB1645,29,Male,Indian,Master's,142,Finance,4,43.5,62.9,61.0,31.7,No,Tier 1,10300,Yes,UAE Resident,Fluent,Yes,3,Company Website,Not Referred,5.0,2.1,Rejected
TLB1646,29,Male,Other,Bachelor's,196,Business,11,41.2,66.2,56.6,84.5,No,Startup,12700,Yes,Visit Visa,Basic,Yes,3,Referral,Referred,2.0,3.0,Hired
TLB1647,31,Male,Other,High School,107,Engineering,5,81.1,41.9,77.1,76.9,Yes,None,16200,No,Work Visa,Intermediate,Yes,0,Job Portal,Not Referred,4.0,3.7,Rejected
TLB1648,31,Female,Indian,Bachelor's,520,Logistics,4,80.9,67.1,79.7,64.1,Yes,Tier 2,3100,No,Visit Visa,Fluent,No,0,LinkedIn,Not Referred,3.6,3.5,Rejected
TLB1649,25,Female,Indian,Bachelor's,586,Business,6,100.0,68.4,41.5,50.7,Yes,Tier 3,17200,Yes,UAE Resident,Fluent,Yes,2,Job Portal,Not Referred,3.4,4.5,Hired
TLB1650,34,Female,Pakistani,Master's,566,Business,12,42.7,76.9,60.3,81.6,No,Tier 1,16600,No,UAE Resident,Fluent,No,1,Walk-in,Not Referred,2.7,2.9,Hired
TLB1651,33,Male,American,Master's,564,Finance,5,72.3,89.5,61.2,63.4,Yes,Tier 3,9500,No,Visit Visa,Intermediate,No,2,LinkedIn,Not Referred,2.6,2.8,Rejected
TLB1652,25,Male,British,Bachelor's,180,Engineering,0,49.6,76.5,64.8,56.2,Yes,Tier 2,3000,No,UAE Resident,Fluent,No,2,Job Portal,Not Referred,2.5,3.1,Rejected
TLB1653,23,Male,Indian,Bachelor's,634,Logistics,6,53.9,80.8,89.2,41.3,No,Tier 3,13500,Yes,UAE Resident,Intermediate,No,1,Job Portal,Not Referred,4.8,2.2,Rejected
TLB1654,26,Male,Indian,High School,260,Computer Science,1,57.5,67.8,56.4,71.8,No,None,6900,Yes,UAE Resident,Fluent,No,3,Referral,Referred,3.5,4.3,Rejected
TLB1655,21,Female,Pakistani,Bachelor's,1,Business,0,70.7,83.4,87.3,59.6,Yes,Tier 3,4900,Yes,UAE Resident,Intermediate,No,0,LinkedIn,Not Referred,2.2,2.9,Rejected
TLB1656,31,Male,American,Master's,214,Business,10,55.0,68.1,65.1,67.9,No,Startup,13700,Yes,UAE Resident,Intermediate,Yes,6,Job Portal,Not Referred,2.5,3.3,Rejected
TLB1657,37,Male,Other,Master's,365,Finance,10,65.5,81.7,87.4,66.6,No,Startup,17900,No,Citizen,Native,No,5,Referral,Referred,1.8,3.8,Hired
TLB1658,38,Female,Indian,Master's,171,Hospitality,1,77.5,77.7,63.0,73.2,No,Tier 2,11000,Yes,UAE Resident,Fluent,Yes,1,LinkedIn,Not Referred,4.0,2.5,Rejected
TLB1659,23,Male,Filipino,Bachelor's,329,Engineering,1,81.9,72.7,61.4,67.3,No,Tier 2,17300,Yes,Work Visa,Fluent,No,1,Company Website,Not Referred,3.2,3.3,Rejected
TLB1660,34,Male,Indian,Bachelor's,407,Engineering,5,75.4,49.5,66.7,60.0,Yes,Tier 1,15000,Yes,UAE Resident,Intermediate,No,0,Referral,Referred,3.6,3.1,Hired
TLB1661,30,Male,Egyptian,Bachelor's,382,Computer Science,1,71.8,81.1,83.8,72.1,No,Tier 3,5800,No,Work Visa,Intermediate,Yes,1,LinkedIn,Not Referred,3.2,3.9,Hired
TLB1662,20,Female,Other,PhD,431,Finance,4,62.9,72.5,69.1,77.6,Yes,None,9500,No,Work Visa,Fluent,No,4,Walk-in,Not Referred,3.9,3.1,Rejected
TLB1663,28,Female,Pakistani,Master's,263,Other,2,56.5,76.4,69.7,85.9,Yes,Tier 3,16900,Yes,Citizen,Intermediate,Yes,0,LinkedIn,Not Referred,2.9,1.0,Hired
TLB1664,27,Male,Emirati,PhD,154,Hospitality,3,73.1,71.8,75.3,48.6,No,Tier 3,9500,No,UAE Resident,Fluent,No,0,Company Website,Not Referred,3.4,2.4,Rejected
TLB1665,37,Female,Filipino,Bachelor's,5,Business,0,49.2,73.8,55.6,79.9,No,Tier 2,15700,Yes,Visit Visa,Native,No,4,Company Website,Not Referred,3.4,1.9,Hired
TLB1666,24,Female,Pakistani,Bachelor's,282,Finance,7,66.8,83.6,71.4,42.1,No,Tier 2,10200,Yes,UAE Resident,Intermediate,Yes,7,LinkedIn,Not Referred,2.4,4.6,Hired
TLB1667,33,Female,British,Master's,192,Business,9,48.9,62.3,58.8,78.5,Yes,None,15200,Yes,Work Visa,Fluent,No,3,Job Portal,Not Referred,2.7,4.2,Hired
TLB1668,29,Male,Indian,Bachelor's,276,Computer Science,4,64.4,73.6,86.1,56.0,No,Tier 2,13900,Yes,Citizen,Intermediate,No,2,Company Website,Not Referred,3.0,1.4,Hired
TLB1669,21,Male,American,Master's,1,Computer Science,4,49.2,58.7,72.4,76.1,No,Startup,10900,Yes,Work Visa,Fluent,Yes,6,Referral,Referred,3.4,2.3,Hired
TLB1670,26,Female,Indian,Bachelor's,1,Computer Science,7,59.0,74.9,76.0,85.2,Yes,Tier 1,15100,Yes,Work Visa,Intermediate,No,6,Company Website,Not Referred,4.2,2.0,Hired
TLB1671,39,Male,Indian,PhD,401,Business,5,54.9,71.0,40.5,67.5,No,Tier 1,3000,No,Citizen,Fluent,Yes,6,Walk-in,Not Referred,3.3,3.3,Hired
TLB1672,28,Female,Indian,Bachelor's,1,Hospitality,11,53.1,60.4,76.2,64.3,No,Tier 2,7100,No,Citizen,Fluent,Yes,3,Walk-in,Not Referred,3.1,2.3,Hired
TLB1673,35,Female,Emirati,PhD,261,Business,0,63.7,69.1,64.7,63.6,No,None,9900,No,UAE Resident,Native,Yes,0,LinkedIn,Not Referred,3.4,2.9,Hired
TLB1674,35,Male,Indian,Bachelor's,133,Hospitality,8,28.6,61.2,48.3,58.4,No,Tier 2,17300,Yes,UAE Resident,Intermediate,No,7,Referral,Referred,3.1,2.0,Hired
TLB1675,27,Female,Egyptian,Bachelor's,121,Other,4,38.0,63.5,68.2,80.7,No,Startup,5500,No,Work Visa,Fluent,Yes,7,Company Website,Not Referred,3.2,3.4,Rejected
TLB1676,22,Female,Indian,Bachelor's,317,Marketing,1,77.1,72.3,47.3,63.5,Yes,Tier 2,11800,No,Citizen,Fluent,No,4,Walk-in,Not Referred,4.3,1.8,Hired
TLB1677,23,Female,Indian,Bachelor's,305,Engineering,12,67.2,71.2,74.9,34.5,Yes,Tier 3,13400,No,UAE Resident,Fluent,No,6,Job Portal,Not Referred,3.0,5.0,Hired
TLB1678,38,Male,Indian,PhD,409,Hospitality,13,54.1,45.0,85.6,77.4,No,Tier 3,13100,Yes,UAE Resident,Fluent,No,7,Referral,Referred,3.4,4.3,Hired
TLB1679,30,Female,Emirati,Master's,79,Computer Science,4,79.6,72.4,43.7,76.6,Yes,Tier 3,11600,Yes,Work Visa,Intermediate,No,0,Job Portal,Not Referred,2.7,5.0,Hired
TLB1680,20,Male,American,PhD,123,Engineering,6,55.4,64.4,66.6,65.6,No,Tier 2,9200,No,UAE Resident,Intermediate,Yes,3,Referral,Referred,4.1,3.6,Rejected
TLB1681,35,Female,Other,PhD,524,Engineering,3,56.3,63.0,64.9,54.0,Yes,Tier 2,10900,Yes,UAE Resident,Intermediate,Yes,6,LinkedIn,Not Referred,2.6,4.3,Rejected
TLB1682,20,Female,Emirati,Master's,255,Logistics,3,53.2,54.5,41.1,48.8,No,None,16400,No,UAE Resident,Fluent,No,5,Company Website,Not Referred,3.1,3.8,Rejected
TLB1683,25,Female,Egyptian,Bachelor's,373,Logistics,1,93.6,67.5,78.9,54.0,No,Tier 3,8900,Yes,UAE Resident,Fluent,No,0,Referral,Referred,3.9,2.3,Rejected
TLB1684,30,Male,Egyptian,Master's,200,Logistics,0,68.5,61.7,75.1,67.8,No,Tier 2,3000,Yes,Work Visa,Native,Yes,0,Company Website,Not Referred,2.6,2.8,Hired
TLB1685,45,Male,Other,High School,391,Finance,11,67.9,83.3,93.3,39.2,No,Tier 3,14100,No,UAE Resident,Fluent,Yes,2,Referral,Referred,3.8,3.4,Hired
TLB1686,34,Male,Indian,Master's,1,Marketing,4,72.0,47.0,73.5,70.9,Yes,Tier 1,18700,Yes,UAE Resident,Intermediate,Yes,3,Job Portal,Not Referred,1.8,4.0,Rejected
TLB1687,27,Male,Indian,Bachelor's,530,Logistics,5,37.2,56.4,55.6,66.0,Yes,Tier 3,7300,Yes,Work Visa,Fluent,Yes,0,Walk-in,Not Referred,2.4,3.1,Rejected
TLB1688,30,Male,Pakistani,Master's,208,Logistics,2,56.1,55.6,73.7,83.0,No,Tier 3,18100,No,UAE Resident,Basic,No,2,LinkedIn,Not Referred,3.1,3.5,Hired
TLB1689,35,Female,American,Bachelor's,50,Engineering,5,71.8,71.1,83.7,74.8,No,Tier 1,14300,Yes,UAE Resident,Fluent,No,4,Company Website,Not Referred,4.9,2.8,Hired
TLB1690,38,Male,Egyptian,Bachelor's,87,Other,0,64.9,82.1,61.0,54.9,Yes,Tier 3,6800,Yes,UAE Resident,Intermediate,No,6,Job Portal,Not Referred,3.3,2.8,Rejected
TLB1691,28,Female,Pakistani,High School,247,Logistics,2,98.1,74.0,78.1,41.3,Yes,Tier 3,8800,Yes,UAE Resident,Intermediate,Yes,4,LinkedIn,Not Referred,3.3,1.9,Hired
TLB1692,28,Female,Indian,Bachelor's,277,Marketing,0,57.0,54.9,36.4,53.5,No,None,8600,Yes,Work Visa,Intermediate,No,4,Job Portal,Not Referred,4.0,3.5,Rejected
TLB1693,25,Male,Egyptian,Bachelor's,328,Computer Science,9,79.1,62.8,86.2,84.3,Yes,Startup,12800,Yes,UAE Resident,Intermediate,Yes,5,Company Website,Not Referred,2.4,2.7,Rejected
TLB1694,33,Female,American,Bachelor's,61,Business,0,77.1,58.3,77.4,69.1,Yes,Tier 3,11200,Yes,UAE Resident,Native,No,5,LinkedIn,Not Referred,1.1,2.1,Hired
TLB1695,36,Female,Indian,Bachelor's,474,Hospitality,0,67.1,74.1,33.9,73.4,Yes,Startup,17000,Yes,UAE Resident,Intermediate,Yes,1,Job Portal,Not Referred,4.4,2.6,Rejected
TLB1696,20,Male,Egyptian,Bachelor's,195,Computer Science,0,69.9,62.6,72.0,56.2,Yes,Tier 2,15800,No,UAE Resident,Fluent,No,2,Referral,Referred,3.6,3.3,Rejected
TLB1697,27,Male,Pakistani,Bachelor's,185,Engineering,1,60.6,51.0,41.2,71.8,Yes,Startup,5000,No,UAE Resident,Fluent,No,0,LinkedIn,Not Referred,2.9,3.6,Rejected
TLB1698,22,Female,Pakistani,Master's,254,Marketing,3,35.4,75.0,59.1,43.7,No,Tier 1,5600,No,UAE Resident,Native,No,0,LinkedIn,Not Referred,3.2,3.0,Hired
TLB1699,30,Female,Pakistani,Bachelor's,432,Logistics,8,70.2,83.2,75.8,78.1,No,Tier 1,14800,No,UAE Resident,Fluent,Yes,6,Job Portal,Not Referred,3.9,4.0,Rejected
TLB1700,22,Female,British,Bachelor's,293,Logistics,4,71.4,65.9,65.2,48.8,Yes,Tier 3,9700,No,UAE Resident,Basic,No,5,Walk-in,Not Referred,3.1,4.3,Rejected
TLB1701,22,Female,Other,Bachelor's,191,Hospitality,3,73.8,69.4,83.3,37.4,Yes,Tier 2,11200,Yes,Citizen,Fluent,Yes,5,Referral,Referred,3.3,2.9,Hired
TLB1702,36,Female,Pakistani,Bachelor's,235,Engineering,6,65.9,49.9,67.8,96.7,No,Startup,14500,No,UAE Resident,Fluent,No,3,LinkedIn,Not Referred,4.6,3.9,Hired
TLB1703,29,Male,Indian,Bachelor's,543,Computer Science,3,79.6,43.3,66.5,66.9,No,Tier 3,15900,No,UAE Resident,Fluent,No,0,LinkedIn,Not Referred,2.3,2.6,Rejected
TLB1704,29,Female,Indian,Master's,511,Finance,13,52.0,45.8,81.3,66.5,Yes,Tier 1,6400,No,Work Visa,Intermediate,Yes,3,Company Website,Not Referred,3.6,2.1,Rejected
TLB1705,32,Male,Indian,Bachelor's,373,Business,2,87.0,67.5,62.6,38.8,No,Tier 2,3000,Yes,UAE Resident,Intermediate,Yes,1,Referral,Referred,2.3,2.3,Hired
TLB1706,35,Female,Indian,Bachelor's,329,Marketing,6,50.2,64.3,66.7,73.7,Yes,Tier 3,11500,No,Visit Visa,Basic,No,7,Referral,Referred,4.3,2.4,Rejected
TLB1707,27,Male,Emirati,Bachelor's,762,Other,7,63.4,74.6,68.4,77.4,No,Startup,8200,Yes,UAE Resident,Intermediate,No,3,Referral,Referred,3.4,2.7,Rejected
TLB1708,27,Male,Pakistani,Bachelor's,392,Marketing,2,75.2,65.6,66.1,62.2,No,None,12300,No,UAE Resident,Fluent,No,0,Referral,Referred,2.7,4.7,Hired
TLB1709,27,Female,Indian,Bachelor's,336,Finance,5,57.3,79.9,82.1,77.5,Yes,Tier 2,11600,No,Citizen,Native,No,2,Company Website,Not Referred,2.1,2.7,Rejected
TLB1710,36,Male,Indian,Master's,259,Finance,3,76.2,78.5,58.3,81.4,Yes,None,7600,Yes,UAE Resident,Fluent,No,5,Company Website,Not Referred,3.0,2.8,Rejected
TLB1711,29,Female,British,Bachelor's,371,Logistics,5,59.9,64.1,56.2,72.4,Yes,Tier 2,21400,Yes,UAE Resident,Intermediate,No,3,LinkedIn,Not Referred,3.3,3.2,Hired
TLB1712,28,Male,Indian,Master's,1,Engineering,5,66.8,56.0,53.2,34.7,Yes,Tier 1,12100,No,Work Visa,Basic,Yes,0,Referral,Referred,4.0,2.0,Rejected
TLB1713,32,Female,Filipino,Bachelor's,505,Engineering,4,62.3,45.0,39.2,48.9,Yes,Tier 3,9400,Yes,Citizen,Native,Yes,2,Referral,Referred,2.4,3.2,Hired
TLB1714,40,Female,Other,Bachelor's,45,Computer Science,0,56.3,85.2,86.3,88.6,Yes,Tier 2,12500,No,UAE Resident,Fluent,No,5,Company Website,Not Referred,2.6,3.6,Hired
TLB1715,30,Male,Filipino,Bachelor's,156,Finance,11,98.8,56.7,55.3,66.2,Yes,Tier 1,14400,Yes,Work Visa,Intermediate,No,4,LinkedIn,Not Referred,2.9,4.3,Hired
TLB1716,28,Female,Indian,High School,19,Business,7,52.4,50.0,63.9,66.2,No,Tier 2,9200,Yes,UAE Resident,Intermediate,Yes,4,LinkedIn,Not Referred,2.7,4.2,Rejected
TLB1717,41,Male,Indian,Bachelor's,152,Engineering,0,30.7,69.6,87.3,53.4,No,None,22400,No,Work Visa,Intermediate,No,5,Company Website,Not Referred,2.8,3.4,Rejected
TLB1718,37,Female,Filipino,Master's,231,Hospitality,3,52.9,50.1,65.2,56.1,Yes,None,5100,No,UAE Resident,Fluent,No,5,LinkedIn,Not Referred,2.5,2.9,Hired
TLB1719,37,Female,Pakistani,Master's,477,Computer Science,0,67.0,69.5,73.7,81.7,No,None,5500,Yes,Work Visa,Fluent,No,3,Company Website,Not Referred,3.5,3.0,Hired
TLB1720,26,Female,Indian,Bachelor's,557,Marketing,7,59.3,64.0,48.5,86.0,No,Tier 2,4800,No,UAE Resident,Fluent,Yes,6,Referral,Referred,2.9,3.4,Hired
TLB1721,26,Male,Pakistani,Bachelor's,688,Computer Science,4,80.3,79.1,85.2,76.2,No,Tier 3,12000,Yes,Work Visa,Fluent,No,7,LinkedIn,Not Referred,3.2,3.1,Hired
TLB1722,20,Male,Pakistani,Master's,320,Business,5,79.7,78.0,65.4,72.7,No,None,14100,Yes,UAE Resident,Intermediate,No,1,Company Website,Not Referred,3.4,3.0,Hired
TLB1723,35,Female,Indian,High School,256,Computer Science,2,60.2,81.2,53.8,73.8,No,Tier 2,10500,No,Work Visa,Fluent,No,5,Referral,Referred,2.2,2.4,Rejected
TLB1724,30,Male,Filipino,Bachelor's,455,Computer Science,3,39.8,70.5,53.8,64.0,Yes,Tier 2,14100,No,Work Visa,Fluent,Yes,2,LinkedIn,Not Referred,3.6,3.6,Rejected
TLB1725,20,Male,Emirati,Master's,129,Other,7,45.8,57.7,89.0,48.1,No,Tier 2,14100,No,Visit Visa,Basic,No,0,Job Portal,Not Referred,3.3,3.3,Rejected
TLB1726,37,Male,Indian,Bachelor's,106,Other,8,64.5,55.6,59.4,45.1,Yes,Tier 3,10400,Yes,Citizen,Fluent,No,2,Referral,Referred,3.3,2.5,Hired
TLB1727,27,Male,British,Bachelor's,226,Finance,7,41.5,61.6,54.0,83.4,No,Startup,13900,Yes,UAE Resident,Fluent,No,7,Walk-in,Not Referred,3.1,4.3,Hired
TLB1728,28,Female,Indian,Bachelor's,293,Finance,0,59.5,91.9,61.4,64.5,No,Tier 2,11100,Yes,Work Visa,Basic,Yes,4,LinkedIn,Not Referred,3.0,3.3,Rejected
TLB1729,20,Male,Filipino,Bachelor's,1,Hospitality,4,86.3,65.0,67.6,71.7,No,Tier 1,10200,Yes,UAE Resident,Fluent,Yes,3,Job Portal,Not Referred,3.2,2.0,Rejected
TLB1730,32,Male,Pakistani,Bachelor's,513,Logistics,5,70.1,69.9,69.0,68.0,No,Startup,9800,No,Citizen,Intermediate,No,2,Job Portal,Not Referred,3.3,3.9,Hired
TLB1731,33,Female,Indian,Master's,348,Marketing,2,65.7,86.2,72.8,68.7,No,Tier 3,13000,Yes,Work Visa,Native,Yes,4,LinkedIn,Not Referred,2.4,2.6,Rejected
TLB1732,29,Male,Other,Bachelor's,459,Computer Science,0,49.4,71.1,70.1,69.8,No,Tier 2,17500,No,UAE Resident,Intermediate,Yes,4,Company Website,Not Referred,4.3,2.8,Rejected
TLB1733,27,Female,Indian,Bachelor's,1,Finance,0,67.7,59.0,75.4,74.8,Yes,Tier 2,6600,Yes,UAE Resident,Fluent,No,3,Company Website,Not Referred,2.7,3.0,Hired
TLB1734,45,Male,Indian,Bachelor's,166,Other,10,61.1,76.8,63.5,54.3,Yes,None,9800,Yes,Visit Visa,Fluent,Yes,3,Referral,Referred,3.2,3.8,Rejected
TLB1735,22,Female,Other,Master's,156,Business,0,68.6,62.9,93.9,81.6,No,Tier 3,12700,Yes,Visit Visa,Basic,No,5,Referral,Referred,4.0,3.1,Hired
TLB1736,25,Female,Egyptian,Bachelor's,259,Engineering,5,75.9,71.5,60.7,54.7,No,Tier 3,19900,No,Visit Visa,Intermediate,Yes,4,Walk-in,Not Referred,3.0,3.6,Rejected
TLB1737,34,Female,Egyptian,Master's,293,Engineering,4,78.5,74.1,84.6,68.4,Yes,Tier 3,13900,Yes,Work Visa,Fluent,Yes,0,Job Portal,Not Referred,3.4,1.8,Rejected
TLB1738,23,Male,Emirati,Bachelor's,473,Engineering,4,66.9,62.1,59.2,48.4,Yes,None,8300,Yes,UAE Resident,Native,No,2,Walk-in,Not Referred,1.7,2.2,Rejected
TLB1739,23,Male,Indian,Bachelor's,319,Finance,3,72.7,70.2,48.4,62.7,Yes,Tier 2,7800,Yes,Citizen,Native,No,0,Job Portal,Not Referred,1.8,3.1,Hired
TLB1740,36,Female,Filipino,Bachelor's,151,Engineering,7,57.3,87.2,45.3,55.8,No,Tier 2,16400,Yes,Work Visa,Fluent,No,7,Job Portal,Not Referred,3.2,2.5,Hired
TLB1741,33,Male,Indian,Bachelor's,737,Other,5,82.0,60.5,71.0,65.3,Yes,Tier 2,10600,Yes,Work Visa,Fluent,Yes,2,Job Portal,Not Referred,3.3,2.9,Rejected
TLB1742,32,Male,Indian,Bachelor's,246,Hospitality,2,51.7,83.8,82.1,75.3,Yes,None,6500,No,Work Visa,Fluent,No,7,Company Website,Not Referred,4.0,3.7,Hired
TLB1743,31,Male,British,Master's,118,Computer Science,5,61.9,60.9,52.0,66.1,No,Tier 1,16600,No,Work Visa,Basic,No,1,Job Portal,Not Referred,3.8,2.5,Hired
TLB1744,25,Female,Indian,Master's,1,Logistics,0,83.5,89.6,55.6,92.5,Yes,Tier 2,13400,No,Work Visa,Intermediate,No,2,Company Website,Not Referred,2.1,2.5,Rejected
TLB1745,28,Female,Emirati,Master's,318,Hospitality,6,57.8,57.7,72.0,76.1,Yes,Tier 2,6600,No,Work Visa,Basic,Yes,3,LinkedIn,Not Referred,4.1,3.2,Hired
TLB1746,29,Female,Emirati,Bachelor's,438,Marketing,2,44.9,63.3,67.0,61.8,Yes,Tier 3,6000,Yes,Citizen,Fluent,No,7,Company Website,Not Referred,2.4,1.4,Hired
TLB1747,35,Female,Pakistani,Bachelor's,72,Engineering,2,58.8,86.1,59.4,63.8,Yes,Tier 3,3000,No,Citizen,Fluent,Yes,0,LinkedIn,Not Referred,3.8,3.9,Hired
TLB1748,32,Male,Filipino,Master's,424,Logistics,6,85.9,86.6,50.4,70.3,No,Tier 2,9200,Yes,UAE Resident,Intermediate,No,6,Walk-in,Not Referred,2.9,3.2,Rejected
TLB1749,24,Male,American,Bachelor's,316,Engineering,3,30.9,77.8,71.0,74.9,Yes,Tier 2,13400,Yes,UAE Resident,Fluent,Yes,5,Company Website,Not Referred,5.0,3.2,Hired
TLB1750,34,Male,Indian,Master's,1,Computer Science,3,66.5,55.0,75.5,47.7,No,Startup,16300,Yes,Work Visa,Fluent,No,1,Company Website,Not Referred,2.8,2.7,Rejected
TLB1751,20,Female,Indian,Master's,425,Business,9,55.5,69.0,73.4,73.9,No,Tier 1,13900,No,Work Visa,Intermediate,No,6,LinkedIn,Not Referred,3.1,3.7,Rejected
TLB1752,28,Male,Pakistani,Bachelor's,246,Business,1,62.5,68.0,67.3,48.1,No,Startup,6100,Yes,Work Visa,Intermediate,Yes,4,Company Website,Not Referred,3.3,3.0,Hired
TLB1753,23,Female,Indian,Master's,74,Finance,6,59.8,57.7,53.3,72.6,Yes,Tier 2,10700,Yes,Citizen,Fluent,Yes,4,Referral,Referred,3.0,4.1,Hired
TLB1754,24,Female,Pakistani,Master's,491,Computer Science,8,79.4,76.4,71.1,80.4,No,None,18400,Yes,UAE Resident,Fluent,No,3,Company Website,Not Referred,2.5,1.7,Hired
TLB1755,41,Male,Other,Bachelor's,487,Finance,9,65.8,58.7,70.1,69.2,Yes,Tier 3,9700,Yes,UAE Resident,Fluent,Yes,3,Company Website,Not Referred,4.7,3.2,Hired
TLB1756,21,Male,Pakistani,Master's,70,Engineering,12,80.2,52.5,49.9,32.4,Yes,Tier 3,15500,Yes,Citizen,Intermediate,Yes,6,Referral,Referred,2.8,3.1,Hired
TLB1757,25,Male,Pakistani,Bachelor's,358,Logistics,2,84.3,48.5,63.1,40.0,Yes,Tier 1,14900,No,Citizen,Fluent,Yes,7,LinkedIn,Not Referred,2.7,3.3,Hired
TLB1758,33,Female,Other,High School,340,Engineering,1,65.4,88.5,71.8,72.9,No,Tier 2,15400,No,UAE Resident,Intermediate,No,7,Company Website,Not Referred,3.1,4.2,Hired
TLB1759,27,Female,Emirati,Bachelor's,286,Other,7,59.6,61.9,66.0,30.6,Yes,Startup,13900,No,UAE Resident,Fluent,No,2,Referral,Referred,3.3,2.0,Rejected
TLB1760,30,Female,Other,Bachelor's,196,Other,8,70.7,62.1,41.5,73.5,No,Tier 3,15400,Yes,UAE Resident,Fluent,No,4,Job Portal,Not Referred,2.7,2.0,Rejected
TLB1761,38,Male,Pakistani,Bachelor's,270,Business,2,73.6,55.6,58.7,78.8,No,Startup,5300,Yes,UAE Resident,Intermediate,No,7,Job Portal,Not Referred,3.9,2.8,Rejected
TLB1762,33,Male,Pakistani,PhD,487,Finance,6,47.7,84.4,57.8,80.9,No,Tier 3,18800,No,Work Visa,Basic,No,5,Job Portal,Not Referred,3.3,1.6,Hired
TLB1763,27,Male,Other,Bachelor's,381,Business,14,68.5,51.4,74.3,61.6,Yes,Tier 3,3900,Yes,UAE Resident,Intermediate,No,0,Referral,Referred,3.2,4.9,Hired
TLB1764,29,Male,Pakistani,Bachelor's,1,Logistics,5,61.2,53.6,100.0,71.1,Yes,None,13400,Yes,UAE Resident,Fluent,No,5,LinkedIn,Not Referred,3.6,3.8,Hired
TLB1765,33,Male,Pakistani,Master's,1,Finance,8,58.7,64.1,68.7,67.9,Yes,Tier 3,11800,No,Work Visa,Fluent,Yes,4,Walk-in,Not Referred,2.6,3.5,Hired
TLB1766,33,Male,Indian,High School,1,Business,10,54.6,67.7,51.4,44.4,Yes,None,9200,No,Work Visa,Intermediate,No,3,Walk-in,Not Referred,2.8,3.7,Hired
TLB1767,30,Female,Egyptian,Master's,28,Business,13,55.6,75.9,64.9,75.4,Yes,Tier 2,7600,No,Work Visa,Intermediate,No,0,LinkedIn,Not Referred,3.2,4.1,Hired
TLB1768,32,Male,Filipino,Bachelor's,148,Engineering,5,83.8,59.9,67.1,84.5,Yes,Tier 2,14500,Yes,UAE Resident,Basic,No,3,Company Website,Not Referred,3.9,2.6,Hired
TLB1769,32,Male,Indian,PhD,209,Logistics,9,59.5,86.5,76.8,74.7,No,Startup,15600,Yes,UAE Resident,Fluent,Yes,6,Referral,Referred,3.0,2.8,Rejected
TLB1770,29,Female,Egyptian,Master's,286,Hospitality,2,82.2,60.0,83.1,58.0,No,Tier 1,11500,No,UAE Resident,Intermediate,No,4,LinkedIn,Not Referred,3.0,3.4,Hired
TLB1771,26,Female,Filipino,High School,293,Computer Science,5,67.0,55.9,85.1,75.4,Yes,Tier 2,10700,No,Citizen,Fluent,No,2,Walk-in,Not Referred,1.7,2.7,Rejected
TLB1772,34,Female,Indian,Bachelor's,290,Business,3,48.0,54.8,74.0,83.2,Yes,Tier 1,17800,Yes,UAE Resident,Native,Yes,6,Walk-in,Not Referred,2.7,2.4,Rejected
TLB1773,31,Female,Emirati,Bachelor's,528,Engineering,0,67.9,58.7,67.0,81.3,No,Tier 3,10100,No,Work Visa,Fluent,No,3,Walk-in,Not Referred,2.0,2.7,Rejected
TLB1774,20,Female,Pakistani,PhD,1,Marketing,0,47.2,54.0,86.3,79.4,No,Tier 3,11800,Yes,Work Visa,Native,No,5,LinkedIn,Not Referred,2.2,3.4,Hired
TLB1775,25,Female,Emirati,Master's,366,Computer Science,6,74.1,77.0,62.5,42.7,No,Tier 1,11100,Yes,Citizen,Fluent,No,0,Referral,Referred,3.5,3.8,Rejected
TLB1776,27,Male,Emirati,Bachelor's,365,Business,6,61.9,56.0,67.7,70.6,No,Tier 2,23100,No,UAE Resident,Fluent,Yes,1,Job Portal,Not Referred,5.0,2.1,Hired
TLB1777,28,Female,Pakistani,Bachelor's,47,Logistics,1,77.8,66.4,63.8,74.0,No,Tier 2,8200,Yes,UAE Resident,Intermediate,Yes,1,Company Website,Not Referred,3.3,2.9,Rejected
TLB1778,37,Male,Emirati,Master's,406,Engineering,10,86.5,55.6,39.3,79.5,No,Tier 2,15700,Yes,Visit Visa,Intermediate,No,1,Referral,Referred,3.4,3.1,Rejected
TLB1779,49,Male,Indian,Bachelor's,374,Hospitality,1,39.0,53.9,83.5,72.2,No,Tier 1,4400,No,UAE Resident,Fluent,No,3,Company Website,Not Referred,2.7,2.0,Hired
TLB1780,20,Male,Egyptian,Master's,291,Engineering,5,58.1,81.3,75.8,86.7,No,Tier 2,7700,No,Work Visa,Intermediate,No,3,LinkedIn,Not Referred,2.5,3.5,Hired
TLB1781,31,Male,Indian,Master's,1,Engineering,3,46.9,87.2,36.2,39.4,No,None,10600,No,UAE Resident,Fluent,No,0,Company Website,Not Referred,4.6,3.0,Rejected
TLB1782,30,Female,Other,Bachelor's,492,Finance,5,97.4,83.2,80.0,72.8,Yes,Startup,11400,Yes,Citizen,Native,Yes,5,Job Portal,Not Referred,2.6,2.3,Hired
TLB1783,28,Male,Other,Bachelor's,345,Business,8,58.4,50.3,63.1,71.7,No,Tier 2,10800,Yes,Work Visa,Basic,Yes,3,LinkedIn,Not Referred,1.8,2.7,Rejected
TLB1784,33,Male,Filipino,Bachelor's,380,Business,7,45.3,52.0,79.9,77.6,No,Tier 2,11600,Yes,UAE Resident,Native,No,3,LinkedIn,Not Referred,3.4,3.5,Hired
TLB1785,30,Male,Other,Bachelor's,1,Other,7,98.6,91.7,68.0,86.6,No,Tier 1,8900,Yes,Visit Visa,Fluent,No,1,Company Website,Not Referred,2.9,3.9,Rejected
TLB1786,27,Female,American,PhD,193,Logistics,7,54.1,64.9,49.4,52.6,Yes,Tier 2,17800,Yes,Work Visa,Intermediate,No,3,Company Website,Not Referred,3.6,3.4,Rejected
TLB1787,30,Male,Indian,Master's,13,Hospitality,0,40.7,51.5,67.3,86.1,Yes,Tier 2,7500,No,Work Visa,Fluent,Yes,1,Referral,Referred,4.3,4.6,Rejected
TLB1788,33,Female,Egyptian,Master's,558,Computer Science,8,47.6,81.0,55.3,76.4,Yes,None,15400,Yes,UAE Resident,Fluent,Yes,7,LinkedIn,Not Referred,3.5,4.0,Rejected
TLB1789,32,Female,Indian,Bachelor's,78,Computer Science,1,67.1,68.8,51.1,62.4,No,Startup,15000,No,UAE Resident,Intermediate,Yes,4,Job Portal,Not Referred,3.4,3.5,Hired
TLB1790,31,Male,Egyptian,Bachelor's,595,Computer Science,4,65.7,74.8,78.3,52.3,No,Tier 3,7700,No,Work Visa,Intermediate,No,6,LinkedIn,Not Referred,3.7,2.5,Rejected
TLB1791,26,Female,Pakistani,Master's,490,Other,3,52.5,41.1,72.1,67.7,No,Tier 1,10300,Yes,UAE Resident,Fluent,Yes,6,Company Website,Not Referred,5.0,4.0,Hired
TLB1792,46,Male,Emirati,Bachelor's,344,Logistics,6,57.7,64.1,86.5,69.0,Yes,Startup,12000,Yes,Citizen,Intermediate,No,3,Company Website,Not Referred,4.8,2.5,Rejected
TLB1793,32,Male,Indian,Bachelor's,527,Marketing,3,65.8,79.4,61.9,69.8,Yes,None,19500,No,UAE Resident,Native,Yes,3,Referral,Referred,3.0,3.7,Rejected
TLB1794,34,Female,Other,Bachelor's,111,Other,4,84.9,60.3,54.5,56.2,No,Tier 1,10300,Yes,Work Visa,Fluent,Yes,5,Company Website,Not Referred,3.9,1.1,Hired
TLB1795,26,Female,Indian,Master's,146,Computer Science,10,70.0,82.8,75.3,73.5,Yes,None,28300,Yes,UAE Resident,Fluent,Yes,3,Company Website,Not Referred,4.5,2.7,Hired
TLB1796,31,Male,Indian,Master's,484,Marketing,0,56.6,52.2,56.2,59.3,Yes,Tier 2,15500,No,Work Visa,Native,No,3,Company Website,Not Referred,3.7,2.0,Rejected
TLB1797,31,Male,Indian,Bachelor's,112,Business,4,61.6,66.6,63.0,82.0,No,Startup,13500,Yes,UAE Resident,Basic,Yes,3,Company Website,Not Referred,3.2,2.9,Hired
TLB1798,20,Male,Pakistani,Master's,34,Business,1,76.5,87.7,73.8,88.9,Yes,Tier 2,16000,Yes,UAE Resident,Intermediate,Yes,4,Referral,Referred,2.9,1.9,Hired
TLB1799,25,Male,American,Bachelor's,235,Other,7,90.2,54.2,65.4,53.6,Yes,Tier 3,4300,No,UAE Resident,Fluent,No,0,Referral,Referred,3.3,3.1,Hired
TLB1800,25,Female,Egyptian,Bachelor's,123,Logistics,2,48.4,71.3,60.6,65.8,Yes,Tier 2,17300,Yes,Work Visa,Fluent,No,2,Referral,Referred,2.4,3.5,Rejected
TLB1801,26,Female,Pakistani,Bachelor's,673,Computer Science,5,81.7,75.0,48.8,78.6,Yes,Tier 3,6000,Yes,UAE Resident,Fluent,No,5,Referral,Referred,3.8,2.6,Hired
TLB1802,23,Female,Indian,Master's,455,Business,0,60.3,69.1,79.2,68.9,No,Tier 3,15900,Yes,Visit Visa,Intermediate,No,3,Referral,Referred,4.2,2.8,Hired
TLB1803,30,Male,Emirati,Bachelor's,184,Marketing,9,40.6,65.0,62.2,46.1,No,Tier 3,9300,No,UAE Resident,Fluent,Yes,5,LinkedIn,Not Referred,2.9,3.3,Hired
TLB1804,38,Female,Pakistani,Bachelor's,99,Computer Science,5,37.7,57.5,75.0,77.1,Yes,Startup,8400,No,Work Visa,Basic,No,5,Job Portal,Not Referred,2.9,3.1,Hired
TLB1805,30,Female,British,Bachelor's,367,Marketing,5,85.0,70.4,73.3,56.5,Yes,Tier 1,20000,No,Work Visa,Fluent,No,2,LinkedIn,Not Referred,2.5,4.2,Hired
TLB1806,22,Female,Egyptian,Master's,537,Marketing,7,86.8,66.8,81.2,67.8,Yes,Startup,11600,No,UAE Resident,Fluent,No,3,Walk-in,Not Referred,3.5,2.6,Hired
TLB1807,23,Male,Pakistani,Master's,358,Business,0,56.5,50.8,63.9,51.1,Yes,Tier 2,5100,No,UAE Resident,Basic,No,0,Company Website,Not Referred,3.2,3.5,Hired
TLB1808,27,Male,Filipino,Bachelor's,109,Business,2,61.8,81.2,62.5,76.1,No,Startup,16400,No,UAE Resident,Intermediate,Yes,6,LinkedIn,Not Referred,2.2,3.3,Rejected
TLB1809,21,Male,Pakistani,PhD,12,Business,5,38.3,57.1,52.6,59.1,Yes,Tier 1,6500,Yes,Work Visa,Fluent,Yes,3,Company Website,Not Referred,5.0,1.8,Hired
TLB1810,31,Male,Filipino,High School,224,Other,0,76.4,51.1,59.9,77.6,Yes,Tier 3,18100,Yes,Citizen,Fluent,Yes,2,Referral,Referred,2.0,3.2,Rejected
TLB1811,38,Male,Pakistani,Bachelor's,363,Engineering,0,64.6,60.9,71.4,62.0,Yes,Tier 2,11900,No,UAE Resident,Intermediate,No,4,Walk-in,Not Referred,2.2,3.0,Rejected
TLB1812,26,Male,Egyptian,Bachelor's,205,Marketing,2,41.7,57.3,56.4,58.3,Yes,None,6300,Yes,Work Visa,Intermediate,No,0,Walk-in,Not Referred,3.9,2.7,Rejected
TLB1813,30,Female,Pakistani,Master's,501,Business,1,68.1,64.9,71.1,70.8,Yes,Tier 3,15700,No,Work Visa,Intermediate,No,3,Job Portal,Not Referred,3.7,4.5,Hired
TLB1814,27,Male,Other,Bachelor's,405,Finance,3,44.2,53.1,86.1,50.0,Yes,Tier 1,14300,No,Work Visa,Intermediate,No,7,Company Website,Not Referred,2.7,4.1,Hired
TLB1815,26,Female,Pakistani,Bachelor's,347,Computer Science,6,73.4,73.4,61.2,90.2,No,Startup,3000,Yes,Work Visa,Basic,No,3,Walk-in,Not Referred,2.7,2.5,Rejected
TLB1816,31,Male,Emirati,Bachelor's,401,Computer Science,7,48.8,84.6,49.9,67.6,No,Tier 2,11700,Yes,Citizen,Fluent,Yes,2,Company Website,Not Referred,3.5,3.6,Hired
TLB1817,26,Female,Indian,Bachelor's,22,Hospitality,11,70.1,69.3,61.6,57.1,Yes,Tier 2,13300,Yes,Work Visa,Fluent,Yes,3,Job Portal,Not Referred,3.5,3.7,Rejected
TLB1818,25,Male,Pakistani,Master's,200,Finance,4,55.2,50.7,48.5,59.4,Yes,Tier 2,13100,No,Visit Visa,Fluent,No,2,LinkedIn,Not Referred,2.7,3.2,Hired
TLB1819,20,Male,Pakistani,PhD,91,Business,5,29.5,57.0,84.3,65.2,No,Startup,11200,Yes,UAE Resident,Intermediate,Yes,1,Walk-in,Not Referred,3.9,2.2,Hired
TLB1820,30,Female,Filipino,Bachelor's,376,Business,4,79.9,70.7,68.1,78.9,Yes,None,15400,No,Visit Visa,Fluent,No,3,Company Website,Not Referred,3.6,2.3,Hired
TLB1821,36,Female,Egyptian,Master's,94,Other,6,80.8,44.4,57.5,52.5,Yes,None,14600,Yes,Citizen,Fluent,No,5,Referral,Referred,4.1,3.5,Hired
TLB1822,34,Male,Indian,Bachelor's,316,Computer Science,6,57.2,53.2,59.7,59.8,No,Tier 2,12100,No,Citizen,Intermediate,No,1,Walk-in,Not Referred,3.2,3.5,Hired
TLB1823,38,Male,Egyptian,Bachelor's,267,Business,8,69.1,48.2,51.6,64.3,No,Tier 1,10900,Yes,UAE Resident,Fluent,Yes,1,Company Website,Not Referred,3.8,2.9,Rejected
TLB1824,25,Female,Egyptian,Bachelor's,419,Engineering,8,71.6,69.4,80.1,86.6,Yes,None,12700,No,Visit Visa,Basic,No,5,Walk-in,Not Referred,3.0,4.2,Hired
TLB1825,35,Female,Pakistani,PhD,60,Business,6,72.1,93.9,90.9,79.0,Yes,Tier 2,9300,No,UAE Resident,Fluent,No,4,LinkedIn,Not Referred,3.6,4.3,Hired
TLB1826,23,Male,Pakistani,Bachelor's,390,Finance,10,90.9,52.9,47.6,87.3,Yes,Tier 3,7400,Yes,Work Visa,Intermediate,Yes,2,Company Website,Not Referred,3.5,4.3,Hired
TLB1827,34,Male,Indian,Master's,86,Finance,5,71.3,77.8,80.6,65.4,No,None,6900,No,UAE Resident,Intermediate,Yes,6,Job Portal,Not Referred,3.8,4.3,Rejected
TLB1828,39,Male,Pakistani,Bachelor's,107,Marketing,2,59.6,61.2,63.8,85.1,Yes,Tier 2,11500,Yes,Work Visa,Native,No,7,LinkedIn,Not Referred,3.6,3.1,Rejected
TLB1829,32,Female,British,Master's,271,Finance,3,71.4,52.2,83.5,82.7,Yes,Tier 2,8100,Yes,UAE Resident,Fluent,No,6,Job Portal,Not Referred,1.9,2.0,Hired
TLB1830,39,Male,Other,Bachelor's,538,Engineering,4,58.6,86.8,43.2,74.8,Yes,None,11300,Yes,UAE Resident,Native,No,2,Company Website,Not Referred,2.8,2.8,Hired
TLB1831,26,Male,Filipino,PhD,131,Hospitality,1,49.0,93.9,69.9,75.9,Yes,Tier 3,18000,Yes,UAE Resident,Intermediate,No,7,LinkedIn,Not Referred,3.3,3.0,Rejected
TLB1832,29,Female,Indian,Master's,1,Computer Science,2,83.3,72.9,61.7,56.7,No,None,11100,Yes,UAE Resident,Intermediate,No,2,Company Website,Not Referred,3.5,2.6,Hired
TLB1833,24,Male,Egyptian,Bachelor's,110,Business,1,73.0,72.4,75.6,90.6,No,Tier 3,12600,No,UAE Resident,Native,No,0,LinkedIn,Not Referred,3.8,2.8,Hired
TLB1834,30,Male,Egyptian,Master's,222,Finance,6,37.1,68.7,67.8,61.6,No,Tier 2,11000,No,Visit Visa,Fluent,No,4,Job Portal,Not Referred,3.6,2.2,Hired
TLB1835,31,Male,Indian,Bachelor's,673,Business,6,54.7,66.2,67.3,72.8,No,None,17900,Yes,Work Visa,Basic,Yes,7,Job Portal,Not Referred,2.7,3.7,Hired
TLB1836,30,Male,British,Bachelor's,377,Computer Science,0,76.4,72.1,65.6,74.5,Yes,Startup,19500,No,Visit Visa,Fluent,Yes,0,Referral,Referred,3.8,4.4,Rejected
TLB1837,27,Male,Emirati,Bachelor's,149,Business,2,41.5,76.1,87.3,45.8,No,None,9900,Yes,Visit Visa,Basic,No,0,Company Website,Not Referred,2.6,5.0,Hired
TLB1838,27,Male,Emirati,Master's,271,Finance,11,53.7,88.0,64.7,64.3,No,Tier 3,15300,Yes,UAE Resident,Fluent,No,0,Referral,Referred,4.1,3.3,Hired
TLB1839,32,Female,Indian,Master's,614,Computer Science,7,100.0,61.7,78.2,67.8,Yes,Tier 3,21400,Yes,Work Visa,Native,No,6,Referral,Referred,4.1,3.0,Rejected
TLB1840,29,Female,Indian,Bachelor's,251,Finance,6,60.0,69.5,75.2,63.4,No,Tier 2,6800,No,Work Visa,Fluent,Yes,1,Job Portal,Not Referred,3.2,3.1,Rejected
TLB1841,23,Male,American,Master's,254,Hospitality,2,81.2,66.9,78.6,64.5,Yes,Tier 2,16400,Yes,UAE Resident,Fluent,Yes,3,Referral,Referred,2.7,4.2,Hired
TLB1842,20,Male,Pakistani,Bachelor's,218,Finance,6,87.5,80.3,53.8,85.9,Yes,None,4200,Yes,Work Visa,Intermediate,No,0,Referral,Referred,2.7,4.2,Hired
TLB1843,26,Male,Indian,High School,439,Business,4,51.4,96.8,76.2,53.4,No,None,12100,No,Work Visa,Intermediate,Yes,7,LinkedIn,Not Referred,2.4,2.9,Hired
TLB1844,21,Female,Pakistani,Bachelor's,194,Logistics,2,69.0,80.7,71.4,47.2,Yes,Tier 3,11400,Yes,Work Visa,Intermediate,No,6,Company Website,Not Referred,2.6,4.1,Hired
TLB1845,24,Male,Indian,Bachelor's,474,Business,3,95.9,77.6,51.5,56.8,No,None,4300,Yes,Work Visa,Intermediate,Yes,4,Job Portal,Not Referred,3.1,3.2,Hired
TLB1846,27,Female,Indian,Bachelor's,512,Other,3,71.9,78.9,64.2,75.4,No,Tier 2,16900,Yes,UAE Resident,Intermediate,No,6,LinkedIn,Not Referred,2.8,2.5,Hired
TLB1847,29,Male,Indian,Bachelor's,422,Finance,0,100.0,83.2,96.8,76.8,Yes,None,12700,Yes,Visit Visa,Intermediate,Yes,1,LinkedIn,Not Referred,2.1,3.0,Hired
TLB1848,26,Female,Egyptian,Bachelor's,255,Computer Science,0,55.4,97.0,61.9,73.5,No,Tier 3,7800,Yes,UAE Resident,Intermediate,No,3,LinkedIn,Not Referred,2.9,4.5,Rejected
TLB1849,43,Male,Indian,Bachelor's,20,Hospitality,4,92.0,47.8,62.2,77.8,Yes,Startup,13500,Yes,Citizen,Intermediate,No,7,LinkedIn,Not Referred,3.3,3.7,Hired
TLB1850,22,Female,British,Master's,255,Engineering,2,65.3,75.2,72.9,68.6,Yes,Startup,16100,No,UAE Resident,Intermediate,No,4,Referral,Referred,3.0,2.7,Hired
TLB1851,37,Male,Indian,Bachelor's,166,Engineering,3,60.1,37.0,60.0,57.7,Yes,Tier 3,4000,No,UAE Resident,Fluent,Yes,2,Job Portal,Not Referred,2.6,3.8,Rejected
TLB1852,29,Female,Egyptian,Master's,144,Engineering,0,74.6,79.4,68.8,51.8,Yes,None,3000,Yes,UAE Resident,Fluent,Yes,4,Company Website,Not Referred,1.5,3.7,Rejected
TLB1853,26,Male,British,Bachelor's,252,Marketing,7,63.3,74.6,61.2,47.3,Yes,Tier 2,11800,Yes,UAE Resident,Fluent,Yes,7,LinkedIn,Not Referred,4.0,2.9,Hired
TLB1854,33,Female,Indian,Bachelor's,395,Finance,12,63.7,61.4,72.2,61.8,Yes,None,8500,No,UAE Resident,Fluent,No,0,Company Website,Not Referred,3.2,2.5,Hired
TLB1855,27,Female,Emirati,Bachelor's,175,Logistics,8,72.3,36.0,66.2,76.0,No,Tier 2,18000,No,UAE Resident,Fluent,Yes,7,Job Portal,Not Referred,3.4,2.2,Hired
TLB1856,25,Female,Other,Master's,25,Business,8,37.9,67.8,92.4,68.3,No,Tier 2,10300,No,Work Visa,Fluent,No,3,Referral,Referred,3.3,1.8,Hired
TLB1857,40,Male,Pakistani,Bachelor's,108,Finance,7,53.0,70.7,67.6,65.3,Yes,Startup,13400,No,Citizen,Native,Yes,0,LinkedIn,Not Referred,3.5,2.6,Hired
TLB1858,20,Male,Filipino,Bachelor's,638,Finance,5,75.8,67.2,64.1,50.2,Yes,Startup,11200,Yes,UAE Resident,Intermediate,No,7,Job Portal,Not Referred,3.4,3.0,Hired
TLB1859,28,Male,Emirati,Master's,409,Finance,5,79.9,60.5,80.4,100.0,No,None,5000,Yes,Work Visa,Intermediate,Yes,4,LinkedIn,Not Referred,3.3,4.1,Hired
TLB1860,31,Male,Indian,Master's,108,Engineering,1,70.4,57.2,48.9,53.4,Yes,Tier 2,12100,Yes,Citizen,Fluent,No,1,Job Portal,Not Referred,3.7,3.8,Rejected
TLB1861,38,Female,Pakistani,Bachelor's,557,Engineering,7,69.1,67.4,89.0,66.7,No,Tier 1,6000,Yes,UAE Resident,Basic,Yes,1,Job Portal,Not Referred,3.9,3.3,Hired
TLB1862,27,Female,Other,High School,252,Hospitality,7,71.0,58.4,54.1,79.0,No,Tier 3,5800,No,Visit Visa,Basic,No,0,Job Portal,Not Referred,4.2,1.6,Rejected
TLB1863,45,Female,Indian,Bachelor's,755,Business,3,79.4,77.7,82.5,65.6,No,None,7100,Yes,UAE Resident,Intermediate,No,4,LinkedIn,Not Referred,2.6,3.3,Hired
TLB1864,34,Male,British,Bachelor's,352,Business,6,43.6,67.1,85.9,53.7,Yes,None,6700,Yes,UAE Resident,Native,Yes,2,LinkedIn,Not Referred,3.4,1.8,Rejected
TLB1865,20,Female,Egyptian,Master's,413,Marketing,2,57.4,47.3,60.2,76.3,Yes,None,11100,No,UAE Resident,Fluent,No,2,Job Portal,Not Referred,2.1,3.8,Rejected
TLB1866,21,Female,Indian,Bachelor's,467,Business,2,63.9,70.1,61.4,46.2,No,Tier 3,10200,No,UAE Resident,Fluent,Yes,4,Referral,Referred,2.9,3.8,Hired
TLB1867,31,Female,Indian,High School,597,Computer Science,7,67.9,73.0,65.6,89.4,Yes,None,13300,Yes,Work Visa,Intermediate,No,7,Referral,Referred,3.1,3.1,Hired
TLB1868,23,Male,Indian,Bachelor's,212,Computer Science,6,33.4,87.4,75.1,69.0,No,Tier 2,4900,Yes,Visit Visa,Intermediate,No,6,Company Website,Not Referred,3.7,3.8,Rejected
TLB1869,33,Male,Pakistani,Bachelor's,579,Finance,4,46.1,79.1,54.0,61.5,Yes,None,10900,No,UAE Resident,Intermediate,No,0,LinkedIn,Not Referred,3.1,3.9,Hired
TLB1870,27,Female,Filipino,Master's,175,Other,3,64.8,57.2,65.6,45.2,No,Tier 3,9800,Yes,Citizen,Intermediate,Yes,2,Company Website,Not Referred,3.7,3.2,Hired
TLB1871,22,Male,Pakistani,High School,227,Engineering,5,80.2,85.1,62.9,48.9,No,Tier 2,12900,No,UAE Resident,Basic,Yes,1,Walk-in,Not Referred,3.0,3.0,Hired
TLB1872,24,Male,Indian,High School,301,Computer Science,0,58.7,51.4,52.0,64.3,Yes,Tier 3,13100,Yes,UAE Resident,Intermediate,No,2,Company Website,Not Referred,2.8,2.0,Rejected
TLB1873,35,Female,Egyptian,Bachelor's,484,Logistics,2,55.0,68.3,53.4,91.5,No,Startup,12700,Yes,Citizen,Basic,Yes,7,Referral,Referred,2.6,2.8,Hired
TLB1874,20,Female,Filipino,Bachelor's,233,Business,0,72.9,77.0,68.7,68.3,No,Tier 2,7500,Yes,Citizen,Intermediate,No,2,Walk-in,Not Referred,3.7,2.3,Hired
TLB1875,36,Female,Pakistani,Bachelor's,630,Other,5,60.1,85.5,68.4,69.9,No,Tier 1,12100,No,Work Visa,Fluent,No,5,Company Website,Not Referred,2.9,2.3,Hired
TLB1876,36,Female,Filipino,Bachelor's,565,Marketing,8,78.2,90.7,57.1,70.4,Yes,Startup,9700,No,UAE Resident,Intermediate,Yes,6,LinkedIn,Not Referred,1.5,2.5,Hired
TLB1877,28,Male,Indian,Master's,307,Business,6,61.7,83.3,68.0,98.1,No,None,17900,No,UAE Resident,Native,Yes,2,Company Website,Not Referred,3.6,1.5,Hired
TLB1878,21,Male,Egyptian,Master's,106,Engineering,3,48.3,66.4,58.6,58.8,No,Tier 3,12500,Yes,UAE Resident,Fluent,Yes,3,LinkedIn,Not Referred,2.5,3.9,Hired
TLB1879,33,Male,Indian,PhD,500,Business,2,86.3,75.0,84.0,86.9,No,Tier 1,12400,No,Visit Visa,Basic,No,6,Referral,Referred,3.3,3.3,Hired
TLB1880,27,Male,Indian,PhD,1,Hospitality,2,83.6,70.7,65.7,59.4,No,Tier 3,6200,Yes,UAE Resident,Fluent,No,2,Company Website,Not Referred,2.4,4.0,Hired
TLB1881,20,Male,Indian,Bachelor's,448,Computer Science,11,50.7,59.5,81.3,55.1,Yes,Tier 1,9300,Yes,Work Visa,Fluent,No,5,LinkedIn,Not Referred,3.2,3.7,Rejected
TLB1882,41,Female,Filipino,High School,135,Logistics,5,70.9,66.6,45.0,63.9,No,Tier 2,13200,Yes,UAE Resident,Basic,Yes,1,LinkedIn,Not Referred,1.2,3.5,Hired
TLB1883,24,Male,Filipino,Bachelor's,551,Hospitality,5,60.1,89.6,71.2,63.8,Yes,Tier 1,11600,Yes,UAE Resident,Fluent,No,7,Company Website,Not Referred,3.2,3.7,Hired
TLB1884,21,Female,Indian,Master's,22,Logistics,0,74.3,75.8,74.7,72.9,No,Tier 3,11600,Yes,UAE Resident,Fluent,No,1,LinkedIn,Not Referred,2.6,3.2,Hired
TLB1885,31,Male,American,High School,167,Logistics,0,51.9,92.7,65.2,32.5,Yes,Tier 2,4100,No,Work Visa,Native,No,5,Company Website,Not Referred,2.3,4.1,Rejected
TLB1886,29,Male,American,Bachelor's,387,Business,4,78.1,55.0,60.0,67.1,Yes,Tier 1,8300,Yes,Work Visa,Fluent,Yes,7,LinkedIn,Not Referred,3.7,2.7,Hired
TLB1887,38,Male,Indian,Bachelor's,420,Marketing,3,82.9,63.4,65.0,56.6,No,Tier 2,10800,Yes,Citizen,Fluent,Yes,1,Company Website,Not Referred,3.1,3.1,Hired
TLB1888,27,Male,Egyptian,Bachelor's,174,Logistics,5,50.8,73.0,76.7,54.9,Yes,Tier 3,17400,Yes,Citizen,Native,No,3,Job Portal,Not Referred,3.0,2.9,Rejected
TLB1889,27,Female,Indian,Master's,233,Engineering,5,66.0,76.9,51.3,46.9,Yes,Tier 2,3500,No,Work Visa,Intermediate,No,7,LinkedIn,Not Referred,2.7,4.7,Hired
TLB1890,32,Male,Other,Master's,490,Computer Science,7,83.2,66.6,76.1,59.9,Yes,Tier 1,7300,Yes,UAE Resident,Fluent,Yes,0,Job Portal,Not Referred,3.8,2.6,Rejected
TLB1891,31,Male,Indian,Bachelor's,501,Business,0,50.0,77.6,71.1,57.8,Yes,Tier 3,3500,Yes,Citizen,Intermediate,Yes,2,LinkedIn,Not Referred,2.9,4.1,Hired
TLB1892,31,Female,Indian,Master's,229,Business,1,55.0,77.5,63.6,59.0,No,Startup,13500,No,Citizen,Native,No,7,Referral,Referred,4.2,2.0,Hired
TLB1893,31,Male,Pakistani,Bachelor's,178,Logistics,4,74.9,51.3,64.2,42.1,Yes,None,17300,Yes,Citizen,Fluent,Yes,1,Referral,Referred,4.1,3.2,Rejected
TLB1894,30,Male,Indian,Bachelor's,26,Engineering,2,62.6,77.0,67.8,66.4,Yes,Tier 3,13600,No,UAE Resident,Intermediate,Yes,7,LinkedIn,Not Referred,4.2,3.0,Hired
TLB1895,27,Male,Egyptian,Bachelor's,350,Finance,3,41.4,80.9,88.6,53.9,Yes,Startup,14600,No,UAE Resident,Fluent,No,5,LinkedIn,Not Referred,3.9,2.3,Hired
TLB1896,34,Male,Pakistani,Master's,462,Other,5,60.2,71.6,71.5,42.1,Yes,None,7400,Yes,Visit Visa,Fluent,No,1,Job Portal,Not Referred,2.8,2.6,Rejected
TLB1897,27,Female,Indian,Bachelor's,330,Business,2,91.2,45.9,54.7,57.3,Yes,Startup,13700,No,UAE Resident,Fluent,No,1,Job Portal,Not Referred,3.2,3.5,Rejected
TLB1898,34,Male,Pakistani,High School,115,Hospitality,5,95.9,64.7,61.3,54.2,Yes,Tier 3,8500,No,UAE Resident,Native,No,2,Walk-in,Not Referred,3.1,2.8,Hired
TLB1899,38,Male,Other,PhD,657,Computer Science,6,55.4,73.3,52.1,65.6,Yes,Tier 1,12300,Yes,UAE Resident,Native,No,4,Walk-in,Not Referred,3.8,2.3,Rejected
TLB1900,25,Male,British,Bachelor's,1,Computer Science,5,51.3,57.6,42.4,57.1,No,Tier 2,14300,No,Work Visa,Fluent,Yes,7,Referral,Referred,3.2,3.8,Hired
TLB1901,44,Female,Pakistani,Bachelor's,475,Computer Science,7,58.1,79.0,51.9,44.7,No,Tier 2,10700,Yes,UAE Resident,Native,Yes,6,LinkedIn,Not Referred,3.0,3.1,Hired
TLB1902,25,Male,Indian,Bachelor's,343,Business,0,92.0,76.8,68.6,52.6,Yes,Tier 2,15700,Yes,Work Visa,Fluent,Yes,0,LinkedIn,Not Referred,4.4,3.4,Hired
TLB1903,25,Female,Indian,PhD,393,Engineering,2,77.6,69.6,83.6,40.8,Yes,None,11300,Yes,Work Visa,Fluent,No,4,Company Website,Not Referred,3.0,4.0,Rejected
TLB1904,33,Male,American,Master's,142,Engineering,8,87.0,68.2,79.9,80.9,No,Tier 2,13200,No,Work Visa,Intermediate,No,2,Job Portal,Not Referred,2.8,4.3,Hired
TLB1905,32,Female,Egyptian,PhD,269,Business,1,80.0,70.3,52.0,83.2,No,Tier 3,20500,No,UAE Resident,Fluent,No,4,LinkedIn,Not Referred,2.9,1.3,Rejected
TLB1906,30,Male,Filipino,Bachelor's,358,Computer Science,1,45.2,68.0,56.6,84.9,No,None,14200,Yes,Citizen,Intermediate,No,3,LinkedIn,Not Referred,3.9,3.0,Hired
TLB1907,34,Male,American,Bachelor's,282,Finance,4,50.8,52.6,54.8,56.7,Yes,Tier 3,8600,No,UAE Resident,Intermediate,Yes,4,Referral,Referred,3.3,1.8,Hired
TLB1908,31,Male,Indian,Master's,1,Computer Science,4,54.6,62.8,33.4,83.2,No,Tier 2,9800,Yes,UAE Resident,Fluent,Yes,6,Job Portal,Not Referred,3.5,5.0,Hired
TLB1909,42,Female,Egyptian,Bachelor's,642,Logistics,3,57.2,68.9,64.8,70.7,Yes,None,15900,No,UAE Resident,Fluent,No,1,Referral,Referred,3.4,3.2,Hired
TLB1910,29,Female,Indian,Bachelor's,430,Other,11,54.8,85.0,77.4,53.5,Yes,Tier 2,16700,Yes,UAE Resident,Fluent,Yes,2,Job Portal,Not Referred,1.7,3.9,Hired
TLB1911,24,Male,Indian,PhD,306,Finance,6,56.6,76.3,63.7,56.2,Yes,Tier 1,11800,Yes,Work Visa,Fluent,Yes,0,Referral,Referred,2.5,2.6,Hired
TLB1912,26,Male,Pakistani,Bachelor's,319,Marketing,1,74.6,85.7,50.5,62.6,Yes,Tier 3,5100,No,UAE Resident,Fluent,No,2,Referral,Referred,3.0,2.8,Hired
TLB1913,32,Female,Indian,Bachelor's,636,Finance,0,67.0,51.1,56.0,66.4,No,Tier 2,7700,No,Citizen,Native,No,7,Referral,Referred,3.4,4.0,Hired
TLB1914,32,Male,Other,Master's,151,Finance,6,83.3,63.7,62.7,70.1,Yes,None,12800,Yes,UAE Resident,Basic,No,5,Job Portal,Not Referred,2.5,3.5,Hired
TLB1915,31,Male,Indian,Master's,106,Other,1,68.8,92.9,77.0,65.0,No,Tier 2,14600,No,Citizen,Intermediate,Yes,5,Job Portal,Not Referred,2.5,4.4,Hired
TLB1916,24,Male,British,PhD,470,Other,12,54.9,59.1,64.6,60.1,Yes,None,16500,No,Work Visa,Native,No,6,Referral,Referred,3.0,2.4,Rejected
TLB1917,36,Female,Egyptian,Master's,392,Engineering,6,67.8,58.8,75.3,83.9,Yes,Tier 1,3000,Yes,UAE Resident,Basic,No,4,LinkedIn,Not Referred,4.1,2.9,Hired
TLB1918,41,Female,Egyptian,High School,98,Finance,6,42.3,64.7,65.9,63.4,No,None,15900,Yes,Work Visa,Fluent,Yes,0,LinkedIn,Not Referred,1.7,3.5,Rejected
TLB1919,30,Female,Other,Master's,517,Logistics,5,30.3,92.2,70.1,62.6,Yes,Tier 1,18400,Yes,UAE Resident,Native,Yes,5,LinkedIn,Not Referred,1.3,3.6,Hired
TLB1920,40,Female,Pakistani,Bachelor's,358,Computer Science,8,74.6,59.9,54.8,62.0,No,None,3000,No,Citizen,Fluent,No,1,LinkedIn,Not Referred,4.4,3.4,Hired
TLB1921,35,Male,Indian,Master's,120,Marketing,0,80.3,74.7,58.1,63.4,Yes,Tier 1,12000,No,Visit Visa,Basic,No,1,LinkedIn,Not Referred,2.1,2.0,Hired
TLB1922,43,Male,Indian,Bachelor's,398,Finance,0,66.1,72.7,50.7,45.9,Yes,None,15400,Yes,Work Visa,Fluent,No,5,Company Website,Not Referred,2.9,2.3,Hired
TLB1923,32,Male,Indian,Master's,368,Finance,8,59.1,44.9,74.8,51.0,No,None,5600,No,UAE Resident,Intermediate,No,7,Job Portal,Not Referred,2.1,3.4,Hired
TLB1924,30,Male,American,Bachelor's,282,Engineering,10,44.9,67.8,63.2,99.2,Yes,Tier 3,9800,Yes,Citizen,Intermediate,No,2,Job Portal,Not Referred,3.0,1.9,Hired
TLB1925,35,Male,Pakistani,Master's,376,Business,0,82.5,61.4,20.2,41.9,No,Tier 1,14500,Yes,Work Visa,Fluent,No,2,Job Portal,Not Referred,3.1,2.4,Rejected
TLB1926,27,Male,Indian,Bachelor's,425,Business,0,72.4,76.1,73.3,68.8,Yes,Tier 3,9600,No,Work Visa,Fluent,Yes,5,Walk-in,Not Referred,4.3,3.1,Hired
TLB1927,32,Male,Indian,Bachelor's,482,Marketing,5,69.4,88.9,79.7,69.8,Yes,Tier 3,10400,Yes,UAE Resident,Native,No,2,Walk-in,Not Referred,3.7,2.5,Rejected
TLB1928,37,Female,Pakistani,Bachelor's,321,Other,6,64.9,63.9,56.4,79.2,No,Tier 3,13000,No,UAE Resident,Intermediate,Yes,1,LinkedIn,Not Referred,2.3,3.3,Rejected
TLB1929,34,Male,Egyptian,High School,245,Logistics,5,58.0,63.9,73.2,70.1,Yes,Tier 3,6700,No,Work Visa,Fluent,No,1,LinkedIn,Not Referred,1.9,3.0,Hired
TLB1930,29,Male,Indian,Master's,347,Business,4,48.3,98.2,64.3,91.5,Yes,None,7200,Yes,Work Visa,Fluent,Yes,6,LinkedIn,Not Referred,3.5,2.5,Hired
TLB1931,31,Female,Egyptian,Bachelor's,538,Business,0,68.8,59.5,39.5,68.4,Yes,None,14100,Yes,Visit Visa,Native,No,4,Job Portal,Not Referred,2.8,2.5,Rejected
TLB1932,34,Female,Filipino,Bachelor's,425,Hospitality,3,56.9,51.9,92.4,83.9,No,Tier 3,16300,Yes,Work Visa,Intermediate,No,2,LinkedIn,Not Referred,2.7,4.1,Hired
TLB1933,34,Female,British,High School,234,Finance,4,58.6,84.5,64.4,79.6,Yes,Tier 1,13800,Yes,Work Visa,Intermediate,Yes,7,Referral,Referred,4.0,3.4,Hired
TLB1934,34,Female,Indian,Bachelor's,311,Engineering,3,90.8,67.4,69.6,86.6,No,Tier 1,18100,No,UAE Resident,Fluent,Yes,2,Company Website,Not Referred,2.0,3.3,Hired
TLB1935,32,Female,Filipino,Bachelor's,633,Engineering,0,64.3,71.4,58.9,65.3,No,Startup,13900,Yes,Visit Visa,Fluent,No,5,Company Website,Not Referred,2.9,3.1,Rejected
TLB1936,25,Male,Indian,Bachelor's,449,Computer Science,7,28.2,94.8,63.2,70.6,Yes,None,20300,Yes,UAE Resident,Fluent,Yes,1,Company Website,Not Referred,3.6,2.4,Hired
TLB1937,26,Male,Indian,Bachelor's,330,Hospitality,8,57.0,51.2,69.1,59.8,Yes,Tier 3,12300,No,Citizen,Fluent,Yes,7,Job Portal,Not Referred,2.4,2.6,Hired
TLB1938,32,Female,Egyptian,Bachelor's,528,Finance,2,50.0,65.7,53.4,67.2,Yes,Tier 1,13100,No,UAE Resident,Native,No,1,Company Website,Not Referred,4.1,1.2,Rejected
TLB1939,34,Male,Filipino,Bachelor's,191,Engineering,4,62.9,53.2,89.0,68.0,No,Tier 2,13800,No,Work Visa,Intermediate,No,3,Job Portal,Not Referred,2.5,2.6,Rejected
TLB1940,34,Male,Indian,Bachelor's,365,Other,3,43.6,72.0,77.9,35.9,No,Tier 2,9200,No,Citizen,Native,No,4,LinkedIn,Not Referred,3.2,2.6,Hired
TLB1941,25,Male,American,Bachelor's,675,Finance,3,71.5,61.4,73.7,63.0,No,None,8500,No,Visit Visa,Native,No,4,Job Portal,Not Referred,2.7,3.5,Rejected
TLB1942,29,Male,Emirati,Bachelor's,430,Other,6,60.6,53.9,65.2,77.5,No,Startup,7900,Yes,UAE Resident,Native,No,4,Company Website,Not Referred,1.3,2.6,Rejected
TLB1943,22,Male,Filipino,Master's,624,Engineering,6,57.9,76.8,57.1,46.1,Yes,Tier 1,9500,Yes,Work Visa,Fluent,Yes,6,LinkedIn,Not Referred,2.9,3.7,Hired
TLB1944,21,Male,Other,Bachelor's,283,Engineering,8,67.2,68.1,80.4,51.2,Yes,Tier 2,21300,No,UAE Resident,Intermediate,Yes,6,Walk-in,Not Referred,3.8,2.9,Hired
TLB1945,30,Female,Pakistani,Bachelor's,204,Other,8,63.9,53.0,74.9,81.2,Yes,Tier 1,20200,No,UAE Resident,Intermediate,No,2,Walk-in,Not Referred,2.5,3.2,Rejected
TLB1946,38,Female,British,Bachelor's,532,Other,4,63.0,53.7,61.8,83.8,No,Startup,10500,Yes,Visit Visa,Fluent,No,5,Job Portal,Not Referred,2.8,3.1,Rejected
TLB1947,30,Male,Filipino,PhD,1,Other,14,61.6,70.5,52.9,56.3,Yes,Startup,10100,No,Visit Visa,Fluent,No,4,Walk-in,Not Referred,2.8,3.7,Hired
TLB1948,41,Female,British,Bachelor's,336,Logistics,10,64.7,48.0,46.5,67.4,No,Tier 1,3000,No,UAE Resident,Intermediate,No,3,Referral,Referred,3.6,4.1,Hired
TLB1949,29,Male,Egyptian,Bachelor's,506,Engineering,2,70.1,70.7,67.4,63.9,Yes,Tier 2,7500,Yes,Citizen,Intermediate,Yes,4,LinkedIn,Not Referred,2.9,2.3,Hired
TLB1950,30,Female,Egyptian,Master's,412,Business,5,68.3,84.1,63.8,81.5,Yes,None,8400,No,UAE Resident,Intermediate,No,6,LinkedIn,Not Referred,3.2,4.5,Rejected
TLB1951,24,Female,Indian,Master's,1,Engineering,0,81.9,76.0,82.4,57.5,No,None,10000,No,Citizen,Intermediate,Yes,5,Job Portal,Not Referred,3.2,2.4,Rejected
TLB1952,27,Male,Egyptian,Bachelor's,30,Other,5,56.8,60.5,79.9,59.7,Yes,Tier 3,9400,No,Visit Visa,Intermediate,No,0,Job Portal,Not Referred,2.8,3.0,Hired
TLB1953,22,Female,Indian,Master's,277,Engineering,10,68.6,71.3,67.5,83.8,No,Tier 3,13000,No,Citizen,Intermediate,No,0,Walk-in,Not Referred,4.4,2.7,Rejected
TLB1954,20,Female,Other,High School,394,Hospitality,14,100.0,53.0,65.9,51.0,No,None,15500,No,Visit Visa,Intermediate,No,5,Job Portal,Not Referred,2.5,4.3,Hired
TLB1955,22,Female,Indian,Master's,402,Other,4,64.4,69.6,52.0,58.0,No,Startup,8700,Yes,Citizen,Intermediate,No,4,Company Website,Not Referred,3.7,2.3,Hired
TLB1956,30,Female,Indian,Master's,298,Other,6,65.0,64.1,80.8,66.9,Yes,None,18500,Yes,Work Visa,Intermediate,No,4,LinkedIn,Not Referred,4.1,3.7,Hired
TLB1957,25,Male,American,Bachelor's,446,Other,7,46.0,55.5,66.3,86.3,Yes,Tier 1,13600,No,UAE Resident,Intermediate,No,6,LinkedIn,Not Referred,3.1,1.3,Rejected
TLB1958,27,Male,Indian,Bachelor's,387,Marketing,11,54.3,75.5,74.9,48.3,No,Tier 2,16000,No,UAE Resident,Fluent,Yes,1,Referral,Referred,3.2,3.8,Hired
TLB1959,32,Female,Indian,Bachelor's,274,Engineering,1,63.4,44.3,82.3,55.1,No,Tier 1,10000,No,Visit Visa,Fluent,No,2,Job Portal,Not Referred,3.6,2.9,Rejected
TLB1960,20,Female,Egyptian,PhD,407,Other,14,73.0,53.8,59.6,73.3,No,None,14500,Yes,UAE Resident,Basic,Yes,5,LinkedIn,Not Referred,2.9,2.8,Rejected
TLB1961,30,Female,Indian,Bachelor's,170,Business,3,74.7,55.2,56.2,75.5,No,Startup,14000,No,Citizen,Fluent,No,6,Walk-in,Not Referred,1.9,2.5,Rejected
TLB1962,35,Male,Indian,Bachelor's,427,Business,0,69.9,61.9,99.1,68.0,No,Tier 2,18600,Yes,UAE Resident,Native,Yes,7,Company Website,Not Referred,3.0,3.0,Hired
TLB1963,35,Male,Pakistani,Master's,130,Other,3,77.1,83.6,74.7,63.4,Yes,None,14900,No,Citizen,Fluent,Yes,7,Referral,Referred,4.4,2.8,Hired
TLB1964,33,Male,Indian,Master's,397,Finance,2,50.0,77.1,63.4,66.8,Yes,None,15800,Yes,UAE Resident,Fluent,No,2,Job Portal,Not Referred,3.6,1.9,Hired
TLB1965,29,Female,Indian,Bachelor's,392,Marketing,6,72.3,69.3,83.1,43.9,Yes,Tier 2,9600,No,Visit Visa,Fluent,Yes,1,Company Website,Not Referred,3.3,2.5,Hired
TLB1966,26,Male,Emirati,Master's,240,Computer Science,0,65.2,68.7,63.0,66.4,Yes,Tier 3,17400,Yes,Citizen,Fluent,No,5,Job Portal,Not Referred,3.7,3.7,Rejected
TLB1967,29,Female,Indian,Bachelor's,426,Marketing,5,66.9,67.9,71.2,85.7,Yes,Startup,6300,No,UAE Resident,Fluent,Yes,1,Referral,Referred,3.1,2.8,Hired
TLB1968,39,Female,Indian,Master's,608,Other,7,59.6,84.5,59.6,46.5,Yes,Tier 1,9400,No,Work Visa,Fluent,Yes,3,Referral,Referred,3.2,2.5,Hired
TLB1969,31,Male,Emirati,Bachelor's,95,Marketing,10,50.7,46.2,66.8,54.0,No,Startup,13300,Yes,UAE Resident,Native,No,2,LinkedIn,Not Referred,2.9,3.1,Hired
TLB1970,29,Male,Filipino,High School,490,Engineering,7,46.8,77.3,63.4,59.4,Yes,Tier 2,6800,No,Visit Visa,Fluent,No,3,Company Website,Not Referred,3.5,3.5,Hired
TLB1971,33,Male,Filipino,Master's,517,Marketing,9,69.8,61.9,57.2,60.3,Yes,None,7800,No,Visit Visa,Native,No,7,Job Portal,Not Referred,2.8,3.6,Hired
TLB1972,30,Female,Emirati,Bachelor's,258,Logistics,2,72.5,74.0,70.2,90.8,Yes,None,7800,Yes,UAE Resident,Fluent,Yes,2,Walk-in,Not Referred,3.0,3.4,Hired
TLB1973,31,Female,Indian,Bachelor's,460,Other,6,63.1,74.1,58.7,52.0,No,None,13700,Yes,UAE Resident,Intermediate,Yes,6,Job Portal,Not Referred,3.8,4.1,Hired
TLB1974,28,Male,American,High School,249,Engineering,0,64.8,76.8,74.5,49.2,Yes,Startup,11300,No,UAE Resident,Native,No,1,LinkedIn,Not Referred,3.1,3.1,Hired
TLB1975,27,Male,Filipino,Master's,551,Marketing,4,54.2,87.0,63.0,75.8,Yes,Tier 2,16300,Yes,UAE Resident,Basic,Yes,2,Walk-in,Not Referred,3.6,2.9,Rejected
TLB1976,35,Male,Pakistani,Master's,1,Business,6,72.5,51.5,44.6,55.9,No,Tier 2,20500,Yes,Visit Visa,Intermediate,Yes,1,LinkedIn,Not Referred,3.7,3.8,Hired
TLB1977,20,Male,Pakistani,Master's,588,Engineering,6,65.9,80.1,75.1,76.0,Yes,Startup,13200,No,UAE Resident,Fluent,No,5,LinkedIn,Not Referred,3.1,2.5,Rejected
TLB1978,32,Female,Indian,PhD,77,Business,0,59.5,67.2,75.3,62.2,Yes,Tier 2,9700,Yes,Citizen,Fluent,Yes,6,Job Portal,Not Referred,3.0,2.8,Rejected
TLB1979,27,Female,British,Master's,317,Marketing,3,78.0,62.5,96.3,71.4,No,Startup,13700,Yes,Citizen,Native,No,0,Walk-in,Not Referred,2.3,1.8,Hired
TLB1980,20,Male,Other,Bachelor's,137,Marketing,4,74.7,92.4,67.2,43.0,No,Tier 2,8000,Yes,Citizen,Native,No,2,Walk-in,Not Referred,2.4,4.6,Hired
TLB1981,24,Female,Other,Bachelor's,599,Business,3,42.0,76.4,69.4,71.4,No,Tier 2,11700,Yes,Work Visa,Basic,Yes,7,Job Portal,Not Referred,3.6,4.8,Hired
TLB1982,29,Male,Indian,Master's,254,Business,7,65.7,63.0,73.2,68.0,Yes,Tier 3,23100,Yes,UAE Resident,Intermediate,No,4,LinkedIn,Not Referred,3.6,3.0,Hired
TLB1983,30,Female,Indian,Master's,191,Computer Science,4,50.6,79.5,80.3,61.4,No,Startup,11100,No,Visit Visa,Intermediate,No,1,LinkedIn,Not Referred,2.5,3.7,Rejected
TLB1984,34,Male,Indian,PhD,524,Computer Science,5,67.1,67.4,79.4,47.7,No,Tier 3,13400,Yes,Work Visa,Intermediate,Yes,1,LinkedIn,Not Referred,3.5,3.7,Hired
TLB1985,34,Female,Indian,Master's,446,Finance,3,20.0,62.8,71.1,68.0,No,Tier 3,11300,Yes,Citizen,Basic,No,3,Company Website,Not Referred,3.4,3.3,Rejected
TLB1986,20,Female,Indian,Bachelor's,233,Business,8,68.0,60.7,66.6,75.1,Yes,Tier 3,10200,No,UAE Resident,Intermediate,No,1,Referral,Referred,3.9,4.1,Rejected
TLB1987,32,Male,Filipino,PhD,101,Computer Science,8,75.7,71.7,78.0,57.6,No,Startup,14200,No,UAE Resident,Native,Yes,3,LinkedIn,Not Referred,4.7,2.1,Hired
TLB1988,34,Female,Indian,PhD,74,Other,3,63.3,60.6,66.0,57.8,No,Tier 3,6300,Yes,Citizen,Fluent,No,4,Referral,Referred,3.6,3.0,Rejected
TLB1989,31,Female,Other,Master's,555,Business,14,47.5,69.9,50.2,76.1,No,Tier 3,11300,Yes,Visit Visa,Fluent,No,3,Company Website,Not Referred,2.7,1.4,Hired
TLB1990,33,Male,Indian,Master's,383,Logistics,2,94.3,78.6,47.5,88.9,No,Tier 3,5900,Yes,UAE Resident,Fluent,Yes,4,Job Portal,Not Referred,3.7,2.3,Hired
TLB1991,20,Male,Emirati,Bachelor's,334,Marketing,8,82.3,69.3,63.2,78.2,Yes,Tier 3,19000,Yes,Work Visa,Fluent,No,0,Referral,Referred,2.5,1.8,Hired
TLB1992,24,Female,American,PhD,398,Finance,1,57.0,91.7,68.6,68.2,Yes,Tier 1,16400,Yes,UAE Resident,Fluent,Yes,4,Referral,Referred,4.8,1.6,Hired
TLB1993,38,Male,Egyptian,Bachelor's,1,Marketing,7,61.1,68.2,99.1,61.6,Yes,Startup,8500,No,Work Visa,Intermediate,Yes,0,Company Website,Not Referred,2.3,2.7,Rejected
TLB1994,28,Male,Indian,Master's,235,Business,7,35.3,84.2,65.4,64.6,Yes,Tier 2,3600,No,UAE Resident,Native,No,5,Company Website,Not Referred,3.5,3.4,Rejected
TLB1995,43,Male,Filipino,High School,240,Logistics,1,72.1,79.7,67.6,46.4,Yes,None,14200,Yes,UAE Resident,Intermediate,Yes,4,LinkedIn,Not Referred,3.2,2.6,Hired
TLB1996,22,Female,Indian,Bachelor's,496,Logistics,4,44.5,86.3,61.7,62.8,No,None,11800,Yes,UAE Resident,Fluent,Yes,5,LinkedIn,Not Referred,2.9,2.7,Rejected
TLB1997,39,Male,Indian,Bachelor's,6,Business,11,75.0,91.7,75.0,80.7,Yes,Tier 3,22100,No,UAE Resident,Native,Yes,2,Walk-in,Not Referred,2.9,2.5,Rejected
TLB1998,26,Male,Pakistani,Bachelor's,510,Hospitality,2,80.4,46.9,70.6,65.6,No,None,18300,Yes,UAE Resident,Intermediate,No,1,Job Portal,Not Referred,4.2,3.2,Rejected
TLB1999,35,Female,Indian,Bachelor's,658,Marketing,6,63.9,71.2,58.7,56.2,Yes,Startup,14900,No,UAE Resident,Fluent,Yes,5,LinkedIn,Not Referred,3.6,2.6,Rejected
TLB2000,28,Male,Filipino,PhD,1,Other,6,49.0,66.7,53.9,54.9,No,Tier 1,9600,No,UAE Resident,Intermediate,No,0,Company Website,Not Referred,3.1,2.3,Hired
TLB2001,30,Female,Indian,Bachelor's,303,Logistics,4,83.7,69.3,61.8,64.6,Yes,Startup,10800,No,Work Visa,Intermediate,No,3,Company Website,Not Referred,4.4,3.8,Rejected
TLB2002,33,Male,Egyptian,Master's,399,Computer Science,0,65.0,63.2,56.0,47.7,Yes,None,13400,No,Work Visa,Native,No,2,LinkedIn,Not Referred,3.1,2.4,Hired
TLB2003,26,Female,Egyptian,Bachelor's,474,Logistics,7,66.4,61.5,64.0,52.3,Yes,Tier 1,13600,Yes,Work Visa,Fluent,No,2,LinkedIn,Not Referred,3.7,2.1,Hired
TLB2004,34,Female,Indian,High School,1,Other,5,51.0,54.8,68.8,86.5,No,Tier 2,8800,No,UAE Resident,Native,No,3,Walk-in,Not Referred,2.3,3.7,Hired
TLB2005,28,Male,Emirati,Master's,367,Hospitality,8,67.9,69.2,60.5,50.5,Yes,Tier 3,5900,Yes,UAE Resident,Native,Yes,3,Company Website,Not Referred,2.3,1.8,Rejected
TLB2006,31,Female,Pakistani,Master's,256,Computer Science,5,62.0,79.2,85.9,53.8,No,Tier 3,20700,No,Visit Visa,Basic,No,1,LinkedIn,Not Referred,3.7,4.1,Hired
TLB2007,20,Male,British,Bachelor's,243,Logistics,5,45.1,62.1,82.1,69.1,Yes,Tier 3,12200,Yes,Citizen,Intermediate,Yes,1,Job Portal,Not Referred,3.4,2.3,Hired
TLB2008,27,Male,Egyptian,Master's,713,Finance,6,85.1,64.1,64.0,58.8,Yes,Tier 3,13900,No,Citizen,Fluent,No,3,Referral,Referred,4.7,3.2,Hired
TLB2009,37,Male,Egyptian,Master's,256,Business,1,91.4,59.6,54.5,66.2,No,Startup,8100,Yes,Citizen,Intermediate,No,2,Company Website,Not Referred,2.7,2.3,Hired
TLB2010,34,Female,Pakistani,Bachelor's,389,Logistics,10,80.3,56.1,66.6,77.1,No,Tier 1,18100,Yes,Work Visa,Basic,Yes,0,LinkedIn,Not Referred,3.7,3.1,Rejected
TLB2011,35,Male,Indian,PhD,275,Marketing,3,78.0,65.2,65.3,43.3,Yes,Tier 3,16700,Yes,Citizen,Fluent,No,6,LinkedIn,Not Referred,3.0,2.7,Hired
TLB2012,30,Male,Pakistani,Master's,348,Logistics,3,91.5,72.1,66.2,75.6,No,None,12300,Yes,UAE Resident,Native,No,3,LinkedIn,Not Referred,3.8,2.3,Hired
TLB2013,40,Male,Indian,Master's,410,Finance,9,49.3,83.1,61.8,56.8,Yes,Tier 2,12900,Yes,Visit Visa,Intermediate,No,0,Walk-in,Not Referred,3.7,1.8,Rejected
TLB2014,31,Male,Egyptian,Bachelor's,478,Business,5,49.1,53.7,53.4,61.0,No,Tier 3,13300,Yes,Citizen,Intermediate,No,2,Company Website,Not Referred,3.2,2.7,Rejected
TLB2015,26,Male,Indian,High School,144,Other,4,58.8,67.6,67.5,91.9,Yes,Tier 1,12400,No,Visit Visa,Fluent,No,0,Job Portal,Not Referred,2.7,3.5,Rejected
TLB2016,35,Male,Indian,Bachelor's,330,Marketing,6,69.5,82.1,62.4,45.4,No,Tier 2,14500,No,UAE Resident,Fluent,No,7,LinkedIn,Not Referred,3.0,3.6,Rejected
TLB2017,35,Male,Pakistani,Master's,337,Marketing,7,60.6,53.9,63.6,73.3,No,Tier 3,13700,No,UAE Resident,Fluent,No,3,Job Portal,Not Referred,2.4,2.5,Hired
TLB2018,33,Male,Pakistani,Master's,1,Engineering,4,49.7,83.2,68.2,80.8,Yes,Tier 2,11200,No,UAE Resident,Intermediate,Yes,7,Referral,Referred,3.5,2.5,Rejected
TLB2019,27,Female,Filipino,Bachelor's,109,Computer Science,8,65.1,62.7,66.1,55.4,No,Startup,6700,Yes,UAE Resident,Intermediate,Yes,2,Company Website,Not Referred,1.2,3.0,Hired
TLB2020,31,Male,Pakistani,Bachelor's,478,Finance,0,63.6,76.5,67.9,55.7,No,Tier 3,11900,No,Visit Visa,Fluent,No,7,Referral,Referred,2.8,3.1,Hired
TLB2021,38,Female,Other,Bachelor's,207,Engineering,5,77.6,65.4,61.8,59.8,No,None,15400,Yes,Work Visa,Intermediate,No,7,Company Website,Not Referred,3.8,3.1,Hired
TLB2022,32,Male,American,Bachelor's,822,Other,7,65.7,73.5,71.7,55.3,No,None,15000,Yes,UAE Resident,Fluent,No,5,LinkedIn,Not Referred,3.8,2.8,Rejected
TLB2023,21,Male,American,PhD,492,Other,7,36.4,87.3,57.7,65.9,No,Tier 2,17900,No,Work Visa,Intermediate,No,3,LinkedIn,Not Referred,2.1,2.8,Hired
TLB2024,26,Male,Filipino,Bachelor's,390,Hospitality,0,70.8,66.5,52.9,77.5,Yes,Tier 1,18400,No,UAE Resident,Intermediate,No,7,Job Portal,Not Referred,3.6,2.9,Rejected
TLB2025,25,Male,Filipino,Bachelor's,602,Business,4,88.7,80.0,55.4,59.9,Yes,None,15200,Yes,Work Visa,Fluent,No,4,LinkedIn,Not Referred,2.4,1.2,Rejected
TLB2026,25,Male,Filipino,Bachelor's,454,Finance,0,65.4,71.3,58.2,78.0,Yes,Tier 2,12800,Yes,UAE Resident,Fluent,No,1,LinkedIn,Not Referred,2.9,2.8,Hired
TLB2027,20,Female,Pakistani,Bachelor's,336,Computer Science,9,79.8,58.6,50.3,84.6,Yes,Tier 2,13500,No,Work Visa,Fluent,No,0,Walk-in,Not Referred,3.7,3.7,Hired
TLB2028,41,Male,Indian,Master's,17,Logistics,3,57.4,66.3,45.0,71.0,Yes,Tier 2,9400,Yes,Work Visa,Intermediate,No,4,LinkedIn,Not Referred,2.5,4.2,Hired
TLB2029,24,Male,Filipino,PhD,433,Engineering,9,73.5,65.5,73.5,72.4,Yes,Startup,15600,Yes,Work Visa,Intermediate,No,1,Company Website,Not Referred,4.2,4.0,Hired
TLB2030,25,Female,Emirati,Bachelor's,579,Other,0,53.8,51.1,83.6,56.7,Yes,Tier 2,18000,Yes,Visit Visa,Fluent,No,5,Job Portal,Not Referred,3.4,3.2,Hired
TLB2031,20,Male,Emirati,Bachelor's,181,Engineering,6,61.3,73.5,74.3,28.3,Yes,Tier 2,16700,Yes,UAE Resident,Basic,Yes,4,Job Portal,Not Referred,3.5,2.1,Hired
TLB2032,35,Male,American,Bachelor's,1,Business,5,61.4,75.9,60.7,73.2,Yes,Tier 3,14500,No,Work Visa,Intermediate,Yes,3,LinkedIn,Not Referred,4.0,2.7,Hired
TLB2033,29,Male,Emirati,Bachelor's,86,Other,14,72.2,77.7,44.7,76.2,Yes,Startup,10900,No,UAE Resident,Native,Yes,2,Company Website,Not Referred,3.8,2.5,Hired
TLB2034,27,Male,Pakistani,Bachelor's,651,Marketing,9,52.6,85.2,69.5,68.4,No,Tier 2,10400,No,UAE Resident,Fluent,No,1,Company Website,Not Referred,3.8,2.0,Hired
TLB2035,28,Male,Filipino,High School,316,Logistics,8,43.0,79.4,46.1,77.7,No,Startup,11300,No,Work Visa,Fluent,No,1,Referral,Referred,2.7,2.3,Rejected
TLB2036,33,Female,Indian,Master's,591,Other,12,72.1,60.8,65.9,57.3,No,Tier 3,8700,Yes,Work Visa,Native,No,5,Job Portal,Not Referred,2.4,2.5,Hired
TLB2037,27,Female,Other,Bachelor's,303,Marketing,5,71.5,63.3,56.6,72.3,No,Tier 3,13200,Yes,Citizen,Basic,No,6,Walk-in,Not Referred,3.0,2.0,Rejected
TLB2038,20,Male,Indian,Bachelor's,200,Engineering,4,66.7,78.1,37.4,85.6,No,Tier 2,3000,Yes,UAE Resident,Intermediate,No,7,LinkedIn,Not Referred,3.5,3.8,Rejected
TLB2039,22,Female,Other,Bachelor's,726,Marketing,4,79.0,72.7,86.2,74.3,No,Tier 1,9600,Yes,Visit Visa,Native,No,5,LinkedIn,Not Referred,2.3,3.6,Hired
TLB2040,21,Female,Egyptian,Master's,225,Logistics,6,62.0,67.8,50.7,83.8,No,Tier 2,12300,No,UAE Resident,Fluent,Yes,4,Job Portal,Not Referred,3.6,3.1,Rejected
TLB2041,31,Male,Indian,Bachelor's,250,Other,0,69.2,57.5,62.4,83.9,No,None,23300,No,Work Visa,Fluent,No,5,Referral,Referred,3.5,3.4,Hired
TLB2042,35,Female,Indian,Bachelor's,392,Business,5,59.8,61.6,65.3,47.9,Yes,Tier 1,12000,Yes,Visit Visa,Fluent,No,1,Job Portal,Not Referred,3.1,3.3,Hired
TLB2043,38,Female,Indian,Master's,241,Hospitality,5,61.1,75.0,60.9,75.1,Yes,None,12200,No,Work Visa,Fluent,No,7,LinkedIn,Not Referred,3.2,2.5,Hired
TLB2044,20,Female,Indian,Bachelor's,455,Business,4,70.1,44.6,73.0,56.2,Yes,Tier 1,8200,Yes,Citizen,Intermediate,No,0,LinkedIn,Not Referred,3.2,4.5,Hired
TLB2045,33,Female,Indian,PhD,389,Finance,0,99.0,39.9,57.4,49.5,Yes,Tier 2,19700,Yes,Visit Visa,Intermediate,No,7,Company Website,Not Referred,3.5,2.5,Hired
TLB2046,26,Male,Other,Bachelor's,397,Logistics,4,76.1,76.3,72.0,61.0,Yes,Tier 3,8300,Yes,UAE Resident,Basic,Yes,0,Walk-in,Not Referred,3.7,1.8,Hired
TLB2047,47,Male,Indian,Master's,176,Logistics,0,73.2,61.6,71.1,89.6,Yes,None,21100,Yes,Citizen,Fluent,No,7,LinkedIn,Not Referred,5.0,3.2,Rejected
TLB2048,38,Male,American,PhD,1,Engineering,11,76.6,73.6,49.1,57.4,No,Tier 1,8700,No,Citizen,Fluent,No,6,Job Portal,Not Referred,3.3,3.6,Hired
TLB2049,40,Male,Indian,Bachelor's,133,Engineering,4,29.8,86.9,70.1,40.4,Yes,Tier 1,16200,No,UAE Resident,Intermediate,No,3,Referral,Referred,2.7,2.9,Hired
TLB2050,34,Male,Other,Master's,151,Business,0,69.8,55.8,53.3,44.8,No,Tier 3,11700,No,UAE Resident,Fluent,Yes,3,LinkedIn,Not Referred,1.9,4.1,Hired
TLB2051,32,Female,Indian,Bachelor's,358,Computer Science,4,78.7,48.0,51.8,71.7,Yes,Tier 2,9500,No,UAE Resident,Fluent,No,2,Company Website,Not Referred,2.2,3.2,Hired
TLB2052,27,Male,Pakistani,Master's,136,Engineering,8,66.3,64.7,70.8,54.4,Yes,Tier 3,16500,No,Visit Visa,Basic,No,1,LinkedIn,Not Referred,2.7,2.4,Hired
TLB2053,26,Male,Filipino,Master's,6,Logistics,5,64.4,59.8,61.7,36.4,Yes,None,18000,Yes,Citizen,Intermediate,No,2,Company Website,Not Referred,3.7,2.6,Hired
TLB2054,25,Female,Indian,Master's,70,Engineering,1,50.9,67.7,71.8,45.3,No,Tier 1,11200,No,Visit Visa,Intermediate,No,6,LinkedIn,Not Referred,2.9,3.2,Hired
TLB2055,33,Male,British,PhD,377,Business,2,58.5,74.5,72.0,67.3,Yes,None,11900,Yes,UAE Resident,Fluent,No,2,Referral,Referred,3.5,3.2,Hired
TLB2056,39,Male,Indian,Bachelor's,437,Hospitality,3,52.5,71.9,48.4,75.9,No,Tier 1,10100,No,UAE Resident,Intermediate,No,3,LinkedIn,Not Referred,2.7,4.1,Rejected
TLB2057,27,Female,Pakistani,Bachelor's,198,Business,3,80.0,68.6,76.6,58.8,No,None,13000,No,Work Visa,Fluent,Yes,5,Job Portal,Not Referred,3.5,3.8,Hired
TLB2058,25,Male,Pakistani,Bachelor's,219,Business,0,87.5,80.7,70.7,74.1,No,None,7100,Yes,UAE Resident,Fluent,Yes,6,Walk-in,Not Referred,3.8,1.8,Rejected
TLB2059,21,Male,Filipino,Master's,422,Other,4,94.0,76.0,59.4,77.8,Yes,Startup,3000,Yes,UAE Resident,Native,No,2,Referral,Referred,2.9,3.0,Hired
TLB2060,31,Male,Emirati,Master's,333,Computer Science,0,52.3,65.8,65.2,54.0,No,None,3600,Yes,UAE Resident,Intermediate,No,6,Referral,Referred,3.5,2.1,Hired
TLB2061,37,Female,Indian,Master's,537,Engineering,8,55.0,75.6,77.0,63.3,Yes,None,11000,Yes,UAE Resident,Fluent,Yes,1,Walk-in,Not Referred,2.9,4.3,Hired
TLB2062,37,Male,Indian,Bachelor's,268,Marketing,8,53.8,49.5,62.8,56.6,No,Tier 1,7200,No,UAE Resident,Intermediate,No,5,LinkedIn,Not Referred,2.3,2.3,Rejected
TLB2063,38,Male,Indian,Bachelor's,133,Business,1,49.7,80.8,94.5,72.5,Yes,Tier 1,11500,No,Visit Visa,Intermediate,No,0,Job Portal,Not Referred,3.6,3.3,Rejected
TLB2064,32,Male,Indian,Master's,517,Business,2,50.0,68.3,86.4,56.4,No,Tier 1,9700,Yes,UAE Resident,Intermediate,Yes,7,Company Website,Not Referred,3.5,2.5,Hired
TLB2065,30,Male,Other,PhD,237,Business,3,57.3,53.6,68.5,48.0,No,Tier 3,8800,No,UAE Resident,Fluent,Yes,0,Job Portal,Not Referred,3.6,1.5,Hired
TLB2066,37,Female,Pakistani,Bachelor's,142,Business,4,78.1,63.0,64.0,65.7,Yes,Tier 3,9100,Yes,Work Visa,Intermediate,No,7,LinkedIn,Not Referred,3.9,2.1,Rejected
TLB2067,23,Male,Filipino,Bachelor's,478,Logistics,5,54.2,80.5,64.6,80.5,Yes,Tier 3,16400,No,Citizen,Fluent,No,6,LinkedIn,Not Referred,3.0,2.9,Hired
TLB2068,27,Female,Indian,Bachelor's,589,Engineering,6,80.8,58.8,59.2,72.1,No,Startup,13100,No,Visit Visa,Fluent,Yes,1,Referral,Referred,3.1,3.6,Hired
TLB2069,40,Male,Indian,Bachelor's,336,Engineering,6,85.5,72.9,68.6,79.1,No,Tier 3,19000,No,Work Visa,Native,No,6,LinkedIn,Not Referred,3.0,3.5,Hired
TLB2070,23,Male,Pakistani,PhD,99,Engineering,10,69.3,78.5,75.9,77.9,Yes,Tier 1,12500,Yes,Work Visa,Intermediate,Yes,2,LinkedIn,Not Referred,3.4,2.0,Hired
TLB2071,29,Female,Indian,Bachelor's,606,Other,5,83.4,68.3,49.5,65.6,Yes,Tier 2,3400,No,Work Visa,Intermediate,No,7,Walk-in,Not Referred,3.1,3.4,Hired
TLB2072,33,Male,Indian,Bachelor's,375,Computer Science,0,44.6,57.6,75.4,56.6,No,None,7300,No,Work Visa,Basic,No,7,LinkedIn,Not Referred,3.3,3.9,Hired
TLB2073,30,Male,Pakistani,Bachelor's,343,Logistics,0,56.6,67.2,79.1,52.8,No,Tier 2,12500,No,UAE Resident,Fluent,Yes,7,LinkedIn,Not Referred,2.7,3.5,Rejected
TLB2074,36,Female,Pakistani,Bachelor's,219,Business,10,67.8,51.1,74.4,42.8,Yes,Tier 2,13100,Yes,Work Visa,Fluent,No,5,LinkedIn,Not Referred,2.5,2.8,Rejected
TLB2075,39,Male,Other,PhD,525,Other,6,68.3,62.1,65.3,81.7,No,Tier 2,9400,No,UAE Resident,Fluent,No,7,Referral,Referred,2.6,3.1,Hired
TLB2076,32,Male,Indian,Bachelor's,78,Business,5,86.4,54.7,73.9,60.4,Yes,None,8400,Yes,UAE Resident,Basic,No,3,Company Website,Not Referred,3.5,3.2,Hired
TLB2077,38,Female,Pakistani,High School,59,Computer Science,6,50.0,67.4,83.9,41.1,Yes,Tier 2,9300,No,UAE Resident,Intermediate,Yes,0,LinkedIn,Not Referred,3.2,4.2,Hired
TLB2078,24,Male,Indian,Bachelor's,678,Marketing,5,56.9,52.8,66.2,82.3,Yes,Tier 3,11300,No,UAE Resident,Basic,No,6,Job Portal,Not Referred,2.9,4.5,Rejected
TLB2079,29,Male,Indian,PhD,127,Business,6,63.7,69.0,67.3,66.3,Yes,Tier 1,11800,Yes,UAE Resident,Fluent,No,0,Job Portal,Not Referred,3.7,3.6,Hired
TLB2080,44,Male,Egyptian,PhD,491,Hospitality,3,57.2,81.6,94.7,78.5,Yes,Tier 1,7100,Yes,Work Visa,Fluent,No,5,LinkedIn,Not Referred,4.2,3.1,Rejected
TLB2081,41,Male,Indian,Bachelor's,575,Finance,8,49.4,82.3,71.0,61.3,No,Startup,13100,No,UAE Resident,Intermediate,Yes,4,Job Portal,Not Referred,2.9,3.1,Hired
TLB2082,22,Male,Filipino,Bachelor's,342,Finance,3,57.9,53.1,53.9,53.9,Yes,Tier 3,13100,No,UAE Resident,Fluent,No,2,Referral,Referred,2.4,3.2,Rejected
TLB2083,29,Female,Pakistani,High School,123,Business,1,61.3,60.0,78.3,71.2,No,Startup,11500,No,UAE Resident,Fluent,Yes,5,Referral,Referred,3.9,3.3,Rejected
TLB2084,30,Male,Emirati,Bachelor's,425,Finance,0,86.7,78.2,72.2,72.4,No,Tier 2,8900,No,UAE Resident,Native,Yes,2,Walk-in,Not Referred,3.2,2.7,Hired
TLB2085,32,Female,Other,Bachelor's,578,Business,4,49.7,76.4,58.5,61.1,Yes,None,15000,No,Work Visa,Native,No,7,Job Portal,Not Referred,3.1,4.7,Rejected
TLB2086,37,Male,Pakistani,Master's,368,Other,9,77.2,60.6,52.6,83.4,Yes,Tier 3,18000,Yes,UAE Resident,Fluent,No,6,Referral,Referred,3.9,2.5,Hired
TLB2087,41,Male,British,PhD,150,Hospitality,3,84.1,62.2,70.1,78.2,Yes,None,10000,Yes,UAE Resident,Basic,Yes,7,Referral,Referred,3.0,4.1,Rejected
TLB2088,30,Male,Pakistani,Bachelor's,361,Marketing,0,57.3,69.0,66.2,72.9,No,Tier 2,9200,No,UAE Resident,Intermediate,Yes,6,LinkedIn,Not Referred,3.5,1.3,Hired
TLB2089,36,Female,Other,Bachelor's,23,Logistics,5,68.9,46.0,50.8,49.5,Yes,Tier 3,14100,Yes,UAE Resident,Intermediate,Yes,6,Company Website,Not Referred,3.3,2.9,Hired
TLB2090,33,Male,Indian,Bachelor's,105,Marketing,2,73.6,74.3,65.8,47.5,No,Tier 2,6700,No,UAE Resident,Fluent,No,7,Company Website,Not Referred,5.0,2.8,Hired
TLB2091,29,Male,Pakistani,Bachelor's,248,Marketing,10,71.2,81.0,65.0,81.8,No,Startup,6300,Yes,UAE Resident,Intermediate,No,7,LinkedIn,Not Referred,3.1,3.3,Hired
TLB2092,20,Female,Egyptian,High School,312,Business,8,66.2,63.3,66.2,34.4,No,Startup,9100,Yes,Work Visa,Fluent,No,6,Walk-in,Not Referred,3.9,2.8,Hired
TLB2093,36,Male,Indian,Bachelor's,59,Finance,0,54.8,51.0,73.4,63.7,Yes,Tier 3,13400,No,Citizen,Native,Yes,6,Job Portal,Not Referred,3.0,4.2,Hired
TLB2094,33,Male,Indian,PhD,349,Engineering,4,74.9,85.0,44.1,67.1,No,Tier 1,8000,No,Work Visa,Fluent,Yes,1,LinkedIn,Not Referred,3.5,2.9,Hired
TLB2095,32,Female,Other,High School,404,Computer Science,2,59.4,70.6,52.5,58.1,Yes,Tier 2,11900,Yes,UAE Resident,Native,No,1,Job Portal,Not Referred,3.1,2.3,Hired
TLB2096,24,Male,Filipino,Master's,257,Logistics,0,65.4,76.5,60.7,64.5,Yes,Tier 1,3000,Yes,UAE Resident,Intermediate,Yes,3,Job Portal,Not Referred,3.8,2.3,Hired
TLB2097,41,Male,Egyptian,High School,1,Computer Science,4,67.6,52.1,84.2,70.9,No,None,14800,No,Visit Visa,Intermediate,Yes,2,Referral,Referred,3.1,2.7,Hired
TLB2098,30,Male,Filipino,Bachelor's,320,Finance,7,77.8,52.2,97.8,56.8,No,Tier 2,18500,No,UAE Resident,Fluent,Yes,2,Company Website,Not Referred,3.6,3.7,Hired
TLB2099,23,Male,British,Bachelor's,662,Computer Science,4,93.9,73.0,67.1,77.3,No,Tier 1,7900,Yes,Citizen,Intermediate,No,2,Job Portal,Not Referred,2.7,3.8,Hired
TLB2100,22,Male,American,PhD,391,Engineering,3,53.9,80.3,67.6,73.2,No,Tier 2,14000,Yes,Work Visa,Fluent,No,2,Walk-in,Not Referred,2.6,2.1,Hired
TLB2101,34,Female,Filipino,Bachelor's,303,Logistics,0,65.8,54.4,35.2,62.5,No,Tier 1,11100,No,UAE Resident,Fluent,Yes,4,LinkedIn,Not Referred,1.9,2.5,Hired
TLB2102,34,Male,Indian,Bachelor's,225,Computer Science,2,42.7,66.8,78.8,53.4,No,None,12500,No,UAE Resident,Intermediate,Yes,6,Company Website,Not Referred,3.5,2.2,Hired
TLB2103,27,Female,Emirati,Master's,415,Finance,6,87.2,49.0,72.8,63.7,Yes,Tier 2,10900,No,Citizen,Intermediate,No,6,Job Portal,Not Referred,2.7,2.9,Hired
TLB2104,32,Female,Filipino,Master's,341,Finance,0,65.7,59.6,70.7,94.5,Yes,None,10600,No,Citizen,Intermediate,No,0,Walk-in,Not Referred,4.7,3.9,Rejected
TLB2105,34,Female,British,Master's,441,Logistics,9,60.5,64.9,50.8,54.4,Yes,Startup,8300,No,Citizen,Native,No,4,LinkedIn,Not Referred,2.9,3.2,Hired
TLB2106,30,Female,Pakistani,High School,80,Computer Science,2,65.8,73.9,92.7,86.4,No,Tier 3,7100,No,UAE Resident,Fluent,Yes,3,Company Website,Not Referred,4.1,3.5,Hired
TLB2107,25,Female,Indian,Bachelor's,324,Hospitality,5,66.5,42.7,86.8,40.4,Yes,Tier 3,16900,Yes,Visit Visa,Native,No,6,Job Portal,Not Referred,4.0,3.7,Hired
TLB2108,35,Female,Indian,Master's,207,Engineering,3,54.0,83.8,70.8,52.9,Yes,Startup,4400,No,UAE Resident,Native,No,6,LinkedIn,Not Referred,3.0,2.6,Rejected
TLB2109,35,Male,Pakistani,Bachelor's,374,Engineering,0,82.8,66.0,79.9,57.4,Yes,Startup,11900,No,UAE Resident,Native,No,2,Referral,Referred,2.7,2.1,Rejected
TLB2110,33,Male,American,Bachelor's,1,Engineering,6,74.7,83.5,67.7,78.3,No,Tier 1,11700,Yes,Work Visa,Native,No,6,Company Website,Not Referred,3.1,2.6,Hired
TLB2111,24,Male,Indian,Bachelor's,221,Engineering,2,76.8,76.4,77.7,65.8,No,None,11800,Yes,Citizen,Fluent,No,4,Company Website,Not Referred,4.0,3.8,Hired
TLB2112,22,Male,Filipino,Bachelor's,408,Marketing,2,54.8,78.2,50.0,83.3,No,Tier 2,15000,Yes,UAE Resident,Fluent,Yes,2,Job Portal,Not Referred,4.8,3.6,Rejected
TLB2113,30,Male,Egyptian,PhD,440,Computer Science,0,54.0,92.2,37.4,60.3,Yes,Tier 2,10300,No,UAE Resident,Intermediate,Yes,4,LinkedIn,Not Referred,2.3,3.2,Rejected
TLB2114,35,Female,Other,Master's,293,Engineering,9,63.3,58.6,50.5,64.2,Yes,Tier 3,14900,No,UAE Resident,Fluent,No,0,Job Portal,Not Referred,3.2,3.9,Hired
TLB2115,36,Male,Indian,Bachelor's,1,Finance,5,77.0,69.6,56.5,60.4,No,Startup,20900,Yes,UAE Resident,Native,No,0,LinkedIn,Not Referred,2.8,3.2,Hired
TLB2116,33,Female,Other,PhD,428,Engineering,8,72.5,56.1,58.6,93.4,Yes,Tier 2,11300,No,UAE Resident,Basic,Yes,3,Job Portal,Not Referred,2.9,2.8,Hired
TLB2117,27,Male,Filipino,Bachelor's,616,Computer Science,7,53.3,66.8,72.8,49.3,Yes,Tier 2,3000,No,Citizen,Intermediate,No,7,Referral,Referred,4.4,1.8,Rejected
TLB2118,25,Male,Egyptian,Bachelor's,132,Engineering,8,75.0,76.6,63.7,57.9,No,Tier 1,11400,No,UAE Resident,Native,No,4,LinkedIn,Not Referred,2.7,4.1,Hired
TLB2119,29,Male,Emirati,Bachelor's,214,Engineering,3,50.4,81.5,66.6,51.3,Yes,Tier 3,10900,No,Work Visa,Fluent,No,5,Walk-in,Not Referred,2.1,3.0,Hired
TLB2120,29,Male,Pakistani,Master's,461,Finance,0,55.1,63.4,51.6,73.0,Yes,Tier 1,13800,No,UAE Resident,Fluent,Yes,6,Job Portal,Not Referred,3.3,2.7,Rejected
TLB2121,36,Male,Filipino,Bachelor's,466,Other,7,67.4,53.5,50.5,49.0,Yes,None,3000,Yes,UAE Resident,Basic,No,3,Referral,Referred,3.5,3.0,Hired
TLB2122,27,Male,Indian,Bachelor's,519,Marketing,5,47.4,68.9,67.5,90.5,Yes,Tier 2,13500,No,UAE Resident,Fluent,No,4,LinkedIn,Not Referred,2.9,4.3,Hired
TLB2123,27,Male,Pakistani,Master's,502,Finance,3,50.5,57.8,60.0,66.1,Yes,None,10100,No,UAE Resident,Native,No,2,Company Website,Not Referred,2.7,3.9,Rejected
TLB2124,42,Male,Filipino,Bachelor's,1,Computer Science,7,88.3,61.1,67.1,70.8,Yes,Startup,15600,No,Work Visa,Intermediate,No,2,Walk-in,Not Referred,3.3,2.8,Rejected
TLB2125,39,Male,Filipino,PhD,204,Other,6,85.5,76.1,74.1,71.5,Yes,Startup,9700,No,Work Visa,Intermediate,No,7,LinkedIn,Not Referred,2.3,3.5,Rejected
TLB2126,24,Male,Emirati,Bachelor's,425,Business,7,99.3,73.8,88.3,64.7,No,None,15900,No,Citizen,Fluent,Yes,5,Walk-in,Not Referred,3.5,4.1,Hired
TLB2127,38,Male,Pakistani,Bachelor's,282,Business,1,71.8,78.0,66.7,66.7,No,Tier 2,5200,No,UAE Resident,Fluent,No,1,Referral,Referred,3.0,3.4,Rejected
TLB2128,23,Male,Indian,Master's,373,Business,8,74.7,64.0,90.6,66.2,Yes,Tier 3,12100,Yes,Work Visa,Fluent,No,3,Job Portal,Not Referred,4.2,3.2,Hired
TLB2129,27,Male,Other,Bachelor's,273,Computer Science,4,62.7,80.1,72.3,72.3,No,Tier 1,7600,Yes,Citizen,Fluent,Yes,6,Referral,Referred,3.4,1.4,Hired
TLB2130,28,Male,Other,Bachelor's,212,Hospitality,8,59.7,68.2,76.0,53.5,No,Tier 1,9800,Yes,UAE Resident,Fluent,Yes,6,LinkedIn,Not Referred,3.1,4.1,Hired
TLB2131,29,Male,Indian,Master's,251,Business,8,78.1,64.6,80.7,51.1,Yes,Tier 2,24200,Yes,Citizen,Intermediate,No,5,Walk-in,Not Referred,3.0,2.3,Hired
TLB2132,33,Female,Indian,Master's,75,Business,7,85.4,54.8,76.4,76.5,Yes,Startup,7700,Yes,Citizen,Intermediate,Yes,0,LinkedIn,Not Referred,1.8,1.6,Hired
TLB2133,30,Female,Indian,Master's,155,Business,4,76.8,42.9,56.6,65.0,Yes,None,10300,No,Visit Visa,Intermediate,No,2,Walk-in,Not Referred,3.1,1.7,Hired
TLB2134,33,Female,Pakistani,Master's,286,Other,7,52.4,49.2,81.1,36.9,No,Tier 2,6900,No,Work Visa,Intermediate,Yes,3,LinkedIn,Not Referred,3.1,2.4,Hired
TLB2135,27,Male,American,Bachelor's,290,Hospitality,8,70.9,70.6,62.1,58.3,No,Startup,10600,No,Work Visa,Fluent,Yes,1,LinkedIn,Not Referred,3.2,3.5,Hired
TLB2136,32,Male,Pakistani,Bachelor's,413,Other,7,53.4,57.1,70.9,86.4,No,Tier 2,11300,No,UAE Resident,Fluent,Yes,3,Walk-in,Not Referred,3.1,4.0,Rejected
TLB2137,30,Male,Emirati,Bachelor's,242,Logistics,5,60.1,48.3,68.7,62.8,Yes,Tier 1,8700,Yes,Work Visa,Intermediate,No,2,Company Website,Not Referred,4.2,3.4,Rejected
TLB2138,21,Female,Emirati,High School,635,Other,7,89.5,63.0,81.9,57.6,Yes,Tier 1,19100,No,Citizen,Native,Yes,4,LinkedIn,Not Referred,3.0,4.5,Hired
TLB2139,32,Female,Indian,Master's,545,Engineering,3,47.0,71.4,72.1,44.1,Yes,Tier 3,17200,No,UAE Resident,Native,No,2,Company Website,Not Referred,2.6,2.8,Rejected
TLB2140,30,Female,American,Bachelor's,199,Computer Science,10,97.5,73.0,49.0,57.1,No,Tier 3,7700,No,Visit Visa,Native,No,2,LinkedIn,Not Referred,2.0,2.9,Hired
TLB2141,25,Female,Filipino,Bachelor's,339,Business,0,73.2,67.7,94.2,48.7,Yes,Tier 2,15700,Yes,Work Visa,Intermediate,Yes,6,Job Portal,Not Referred,2.9,1.6,Hired
TLB2142,27,Male,Filipino,Bachelor's,542,Business,5,58.0,67.3,77.9,71.0,Yes,Tier 1,9800,No,UAE Resident,Intermediate,No,3,LinkedIn,Not Referred,2.5,2.6,Rejected
TLB2143,27,Female,Indian,Bachelor's,171,Finance,3,66.0,61.5,59.8,65.7,Yes,Tier 3,6500,Yes,Work Visa,Fluent,No,1,Company Website,Not Referred,2.3,1.5,Hired
TLB2144,28,Female,Other,Bachelor's,150,Computer Science,2,54.7,75.6,52.2,59.9,No,None,8800,No,Visit Visa,Fluent,Yes,5,LinkedIn,Not Referred,3.0,2.0,Rejected
TLB2145,40,Male,Indian,Bachelor's,559,Computer Science,6,56.8,65.9,79.3,54.3,No,Tier 1,6300,Yes,Work Visa,Intermediate,No,2,Company Website,Not Referred,4.0,3.6,Rejected
TLB2146,42,Female,American,Bachelor's,438,Finance,1,66.1,67.1,53.8,86.4,Yes,Startup,16200,No,Visit Visa,Native,No,1,Walk-in,Not Referred,3.9,1.8,Rejected
TLB2147,20,Male,Other,Bachelor's,514,Computer Science,12,60.1,80.5,77.4,55.1,Yes,Tier 3,8100,No,UAE Resident,Fluent,Yes,6,Job Portal,Not Referred,2.3,1.8,Rejected
TLB2148,32,Female,Pakistani,Bachelor's,363,Computer Science,0,51.0,77.5,80.9,55.2,No,Tier 3,17800,No,Citizen,Intermediate,No,1,Referral,Referred,3.2,1.7,Rejected
TLB2149,35,Female,Other,Master's,249,Computer Science,1,61.7,65.8,58.6,61.6,No,Tier 1,12600,Yes,Work Visa,Intermediate,No,0,LinkedIn,Not Referred,3.5,3.7,Hired
TLB2150,28,Male,Indian,Bachelor's,31,Finance,1,45.3,64.1,57.4,63.6,Yes,None,10200,Yes,Visit Visa,Fluent,No,0,LinkedIn,Not Referred,3.6,4.4,Hired
TLB2151,35,Female,Egyptian,Bachelor's,327,Computer Science,5,45.9,64.0,60.9,71.7,No,Tier 3,9700,No,UAE Resident,Fluent,No,5,Job Portal,Not Referred,4.3,3.0,Hired
TLB2152,39,Male,Emirati,Bachelor's,546,Computer Science,8,45.8,43.7,54.1,78.0,No,Tier 2,19900,No,UAE Resident,Basic,No,2,LinkedIn,Not Referred,2.4,3.9,Rejected
TLB2153,21,Female,Pakistani,Bachelor's,548,Business,6,90.1,81.2,70.0,77.0,Yes,None,12000,No,Citizen,Fluent,No,3,Company Website,Not Referred,2.6,2.2,Hired
TLB2154,30,Female,Indian,Master's,514,Hospitality,10,71.1,59.8,71.8,99.0,No,None,9700,No,UAE Resident,Intermediate,No,4,Referral,Referred,2.7,4.1,Hired
TLB2155,41,Female,Emirati,Bachelor's,457,Business,2,73.9,78.3,76.5,41.3,Yes,Startup,15800,Yes,UAE Resident,Intermediate,Yes,2,Walk-in,Not Referred,3.5,2.5,Hired
TLB2156,22,Female,Emirati,PhD,742,Computer Science,7,65.2,68.5,56.2,68.2,No,None,14600,Yes,Visit Visa,Intermediate,No,1,Company Website,Not Referred,1.3,3.6,Rejected
TLB2157,29,Male,Indian,Master's,1,Other,3,72.6,84.7,77.9,57.7,No,Tier 1,7600,Yes,Work Visa,Native,No,0,Company Website,Not Referred,3.0,3.1,Rejected
TLB2158,27,Male,Filipino,Bachelor's,346,Logistics,5,82.6,74.4,54.2,93.1,Yes,Startup,12000,Yes,Citizen,Fluent,No,0,Walk-in,Not Referred,2.0,1.6,Hired
TLB2159,36,Male,Pakistani,Bachelor's,112,Business,8,71.1,78.9,77.9,67.5,Yes,Tier 2,3900,Yes,Work Visa,Fluent,No,7,Walk-in,Not Referred,3.2,2.4,Hired
TLB2160,37,Male,Indian,Bachelor's,610,Business,0,89.6,60.9,47.7,36.6,No,None,11800,Yes,Citizen,Fluent,Yes,7,Company Website,Not Referred,4.6,3.2,Rejected
TLB2161,30,Male,Other,Bachelor's,189,Business,11,64.4,52.6,87.4,71.1,No,Tier 2,13400,No,UAE Resident,Fluent,No,5,Job Portal,Not Referred,3.8,1.6,Hired
TLB2162,30,Male,Other,Bachelor's,501,Finance,4,74.0,69.8,60.2,68.7,Yes,Tier 1,14000,No,Work Visa,Fluent,Yes,3,Company Website,Not Referred,2.3,3.3,Hired
TLB2163,20,Male,Indian,Bachelor's,210,Business,0,75.6,45.0,74.8,75.6,Yes,Tier 3,7500,Yes,Visit Visa,Fluent,No,6,Referral,Referred,2.9,2.0,Rejected
TLB2164,38,Male,Pakistani,Bachelor's,384,Other,2,51.0,62.4,75.8,54.9,Yes,Startup,8700,No,Work Visa,Intermediate,No,6,LinkedIn,Not Referred,2.6,3.5,Hired
TLB2165,27,Female,Filipino,Bachelor's,278,Logistics,5,65.6,53.7,50.5,69.6,Yes,Tier 3,13100,Yes,UAE Resident,Fluent,No,3,Job Portal,Not Referred,4.1,2.0,Rejected
TLB2166,29,Male,Egyptian,Master's,297,Marketing,2,37.4,57.9,77.9,61.2,No,Startup,17600,No,UAE Resident,Fluent,No,5,Job Portal,Not Referred,1.7,3.5,Hired
TLB2167,35,Female,Indian,Master's,366,Computer Science,0,63.1,75.1,59.8,55.6,No,Tier 1,12400,Yes,Work Visa,Fluent,No,0,LinkedIn,Not Referred,2.9,3.8,Rejected
TLB2168,31,Male,Egyptian,PhD,483,Logistics,5,60.8,74.4,63.0,69.8,Yes,Tier 2,9500,Yes,Visit Visa,Intermediate,No,1,LinkedIn,Not Referred,2.7,3.0,Rejected
TLB2169,36,Male,Indian,Bachelor's,278,Finance,2,59.9,66.1,58.3,67.1,No,Tier 3,16400,No,Work Visa,Native,Yes,6,Job Portal,Not Referred,2.4,3.0,Rejected
TLB2170,33,Male,Indian,Bachelor's,478,Hospitality,7,58.9,71.8,88.0,79.7,Yes,Tier 2,12600,Yes,Visit Visa,Intermediate,No,4,LinkedIn,Not Referred,4.4,4.3,Hired
TLB2171,31,Male,Egyptian,PhD,507,Computer Science,1,72.7,61.5,51.8,65.4,No,Startup,12800,No,Visit Visa,Fluent,No,6,Company Website,Not Referred,2.1,2.5,Hired
TLB2172,31,Male,Filipino,Master's,216,Finance,12,51.7,97.1,72.6,73.5,No,None,15600,No,UAE Resident,Intermediate,Yes,4,Job Portal,Not Referred,2.4,2.7,Hired
TLB2173,23,Male,American,Bachelor's,677,Logistics,6,92.9,71.6,58.9,48.1,Yes,Startup,11600,Yes,Work Visa,Intermediate,Yes,0,Referral,Referred,4.3,3.6,Hired
TLB2174,29,Male,Emirati,Bachelor's,449,Other,5,73.5,60.9,81.2,84.5,No,Tier 3,7800,No,Work Visa,Fluent,No,1,LinkedIn,Not Referred,3.1,3.4,Rejected
TLB2175,36,Male,Indian,High School,213,Marketing,7,53.0,78.5,97.2,54.1,No,Tier 3,11300,No,UAE Resident,Intermediate,No,4,Referral,Referred,3.1,2.9,Hired
TLB2176,24,Male,Emirati,Master's,422,Engineering,0,74.7,82.9,58.8,77.6,Yes,None,17000,Yes,UAE Resident,Basic,Yes,0,Referral,Referred,2.8,2.1,Hired
TLB2177,25,Male,Indian,Bachelor's,507,Engineering,3,79.9,58.7,68.8,68.7,Yes,Startup,20500,No,Work Visa,Native,No,6,Company Website,Not Referred,3.2,3.9,Rejected
TLB2178,24,Female,Emirati,Bachelor's,417,Finance,11,70.5,51.0,62.0,66.9,Yes,None,6500,No,Visit Visa,Fluent,Yes,2,Job Portal,Not Referred,2.9,2.1,Hired
TLB2179,30,Male,Pakistani,Bachelor's,340,Other,3,49.9,53.4,80.5,75.6,No,Tier 2,19400,Yes,UAE Resident,Basic,No,5,Job Portal,Not Referred,2.7,4.9,Hired
TLB2180,38,Female,Pakistani,Bachelor's,1,Marketing,4,98.6,60.0,63.8,35.0,Yes,Startup,10300,Yes,UAE Resident,Intermediate,No,2,LinkedIn,Not Referred,2.2,2.1,Rejected
TLB2181,33,Female,Egyptian,Bachelor's,106,Business,3,74.6,67.3,78.8,57.0,Yes,Tier 1,12100,Yes,UAE Resident,Intermediate,Yes,6,Job Portal,Not Referred,3.2,2.2,Hired
TLB2182,20,Female,Indian,Master's,435,Computer Science,10,46.3,48.5,61.8,75.4,Yes,Startup,19600,No,Visit Visa,Fluent,No,2,Referral,Referred,2.8,3.4,Hired
TLB2183,33,Female,Emirati,Bachelor's,102,Finance,4,68.1,63.0,96.2,91.9,Yes,None,10200,No,Work Visa,Fluent,No,4,Job Portal,Not Referred,2.9,3.5,Rejected
TLB2184,27,Male,Egyptian,High School,402,Logistics,0,61.7,65.5,38.5,64.7,Yes,None,10800,No,UAE Resident,Intermediate,No,2,LinkedIn,Not Referred,3.7,2.3,Hired
TLB2185,33,Male,Emirati,Bachelor's,476,Computer Science,14,65.1,71.9,71.9,30.9,Yes,Tier 1,9100,No,Citizen,Intermediate,No,7,Company Website,Not Referred,2.8,4.5,Hired
TLB2186,29,Male,American,Master's,277,Engineering,0,47.1,75.3,66.9,60.6,No,None,12200,Yes,UAE Resident,Fluent,No,4,Company Website,Not Referred,3.1,3.4,Rejected
TLB2187,24,Female,Emirati,Bachelor's,1,Other,4,65.8,72.8,66.4,64.2,Yes,Tier 1,13400,No,UAE Resident,Native,Yes,4,Referral,Referred,4.4,2.9,Hired
TLB2188,29,Female,Pakistani,Bachelor's,152,Engineering,2,52.5,89.5,70.7,80.5,No,Tier 3,8900,Yes,UAE Resident,Intermediate,No,2,Walk-in,Not Referred,3.5,3.4,Hired
TLB2189,27,Male,Other,Bachelor's,436,Business,2,59.8,81.1,67.8,65.7,Yes,Startup,18500,Yes,Work Visa,Intermediate,No,1,LinkedIn,Not Referred,2.8,4.1,Hired
TLB2190,31,Female,Filipino,Master's,551,Business,1,70.8,70.7,69.8,47.1,Yes,Tier 3,8600,Yes,Visit Visa,Basic,No,6,LinkedIn,Not Referred,2.4,4.4,Hired
TLB2191,24,Male,Filipino,Master's,1,Engineering,3,57.9,56.4,72.3,78.5,No,Tier 2,14200,Yes,UAE Resident,Fluent,No,0,Company Website,Not Referred,3.1,3.3,Hired
TLB2192,23,Male,Egyptian,Master's,316,Computer Science,8,60.6,59.9,89.7,73.0,Yes,Startup,12100,No,Visit Visa,Fluent,No,0,Company Website,Not Referred,3.8,2.1,Rejected
TLB2193,34,Female,Indian,Bachelor's,6,Finance,0,77.3,50.9,31.0,55.2,Yes,Startup,17600,No,Work Visa,Fluent,No,5,LinkedIn,Not Referred,2.8,2.1,Rejected
TLB2194,36,Male,Egyptian,Master's,318,Marketing,9,51.7,69.8,91.0,75.1,Yes,Tier 3,8400,Yes,Citizen,Fluent,No,4,Referral,Referred,3.2,2.0,Hired
TLB2195,33,Female,Other,Master's,268,Finance,8,55.3,72.0,100.0,57.3,Yes,Tier 3,14600,Yes,Citizen,Fluent,No,2,LinkedIn,Not Referred,2.8,2.6,Rejected
TLB2196,26,Female,Other,Bachelor's,772,Finance,6,46.2,78.7,44.2,60.8,Yes,Startup,22900,No,Visit Visa,Native,No,6,Job Portal,Not Referred,2.9,3.1,Rejected
TLB2197,25,Male,Pakistani,Bachelor's,192,Computer Science,5,52.7,71.2,67.6,57.6,No,Tier 3,5500,Yes,UAE Resident,Fluent,No,0,Company Website,Not Referred,2.3,3.3,Hired
TLB2198,25,Male,Indian,Bachelor's,509,Computer Science,5,66.9,80.6,84.8,60.7,Yes,Tier 1,7900,Yes,UAE Resident,Fluent,Yes,3,LinkedIn,Not Referred,3.3,4.0,Hired
TLB2199,35,Male,Egyptian,Bachelor's,501,Computer Science,9,74.6,80.9,78.9,77.7,No,Tier 3,21400,No,Citizen,Intermediate,No,7,Referral,Referred,3.3,1.4,Hired
TLB2200,25,Female,Pakistani,Bachelor's,261,Computer Science,0,52.9,55.7,88.8,40.0,Yes,Startup,11400,No,Work Visa,Fluent,Yes,2,Walk-in,Not Referred,4.2,3.1,Hired
TLB2201,35,Male,Indian,High School,323,Hospitality,7,74.1,61.8,71.8,80.5,Yes,Tier 2,12500,No,Work Visa,Fluent,Yes,6,Job Portal,Not Referred,3.2,3.5,Hired
TLB2202,33,Female,Indian,PhD,300,Computer Science,2,66.6,67.9,40.6,67.5,No,Tier 1,10500,No,Citizen,Intermediate,No,2,LinkedIn,Not Referred,2.7,1.0,Rejected
TLB2203,37,Female,Indian,Bachelor's,151,Finance,7,44.3,59.5,84.0,59.5,No,None,19400,No,Citizen,Native,No,1,Company Website,Not Referred,4.2,3.5,Hired
TLB2204,36,Male,Pakistani,Bachelor's,133,Computer Science,2,67.6,65.1,75.3,65.3,Yes,None,4700,Yes,Work Visa,Fluent,Yes,2,LinkedIn,Not Referred,3.4,5.0,Hired
TLB2205,33,Male,Indian,Bachelor's,218,Computer Science,7,82.9,71.6,86.1,52.3,Yes,Tier 3,17600,Yes,Citizen,Intermediate,No,2,LinkedIn,Not Referred,3.3,3.7,Hired
TLB2206,21,Female,Emirati,Bachelor's,72,Computer Science,0,36.6,66.5,47.1,42.2,Yes,Startup,5400,Yes,UAE Resident,Intermediate,No,0,Job Portal,Not Referred,3.1,3.3,Hired
TLB2207,33,Female,Emirati,Bachelor's,199,Engineering,0,95.1,68.0,51.2,52.7,No,None,4900,Yes,Visit Visa,Fluent,No,7,Job Portal,Not Referred,3.3,2.9,Rejected
TLB2208,30,Male,Other,Bachelor's,260,Finance,4,55.8,56.7,67.2,38.5,No,Tier 3,7100,No,Citizen,Intermediate,Yes,4,LinkedIn,Not Referred,2.5,3.3,Rejected
TLB2209,27,Male,Emirati,Master's,332,Logistics,10,40.3,74.1,84.3,46.1,No,Tier 2,11400,Yes,UAE Resident,Basic,No,7,Job Portal,Not Referred,3.1,4.3,Hired
TLB2210,38,Male,Emirati,PhD,388,Computer Science,6,67.1,73.2,88.0,42.3,Yes,Tier 3,8800,Yes,UAE Resident,Intermediate,Yes,4,Job Portal,Not Referred,3.0,2.8,Rejected
TLB2211,29,Female,Pakistani,Bachelor's,260,Finance,6,77.5,58.8,57.6,82.1,Yes,None,8500,Yes,Visit Visa,Fluent,Yes,7,Job Portal,Not Referred,3.4,4.1,Hired
TLB2212,26,Male,Indian,PhD,146,Hospitality,8,60.8,52.5,61.7,47.0,No,Startup,7800,No,Work Visa,Intermediate,Yes,3,Job Portal,Not Referred,3.9,3.5,Rejected
TLB2213,36,Female,Other,Master's,385,Business,3,69.7,82.8,100.0,64.4,No,Tier 1,7900,Yes,UAE Resident,Fluent,Yes,1,Company Website,Not Referred,3.8,4.4,Hired
TLB2214,27,Male,Other,Bachelor's,458,Computer Science,7,96.8,89.0,59.8,80.6,No,None,7800,Yes,UAE Resident,Fluent,No,7,Walk-in,Not Referred,3.5,4.0,Hired
TLB2215,26,Female,Pakistani,Bachelor's,202,Computer Science,2,68.1,70.8,75.8,76.9,Yes,Startup,13100,No,UAE Resident,Fluent,Yes,6,LinkedIn,Not Referred,1.9,3.3,Hired
TLB2216,23,Male,Pakistani,High School,103,Computer Science,3,100.0,63.7,61.1,60.9,Yes,Tier 3,9100,Yes,UAE Resident,Intermediate,No,7,Company Website,Not Referred,2.8,3.2,Rejected
TLB2217,25,Male,Indian,Master's,210,Logistics,4,84.0,80.6,73.2,60.9,No,None,3000,Yes,Citizen,Fluent,No,7,Referral,Referred,1.9,2.8,Rejected
TLB2218,25,Female,Emirati,Bachelor's,263,Engineering,3,65.8,73.6,55.7,67.5,No,Startup,11800,Yes,Work Visa,Intermediate,Yes,2,Job Portal,Not Referred,3.9,3.9,Hired
TLB2219,33,Female,Indian,Bachelor's,529,Marketing,4,69.4,65.5,56.1,94.6,No,None,15400,No,Work Visa,Basic,No,4,LinkedIn,Not Referred,3.1,2.6,Hired
TLB2220,23,Male,Indian,Master's,438,Hospitality,4,60.2,79.6,62.2,70.8,No,None,10700,Yes,UAE Resident,Fluent,No,5,Referral,Referred,3.0,3.2,Hired
TLB2221,20,Male,Indian,Bachelor's,299,Engineering,2,68.7,58.3,59.9,74.4,Yes,Tier 1,6300,Yes,UAE Resident,Native,No,7,Job Portal,Not Referred,2.7,2.9,Rejected
TLB2222,31,Male,Filipino,Master's,680,Finance,4,73.4,59.7,63.0,96.7,Yes,Startup,15400,Yes,UAE Resident,Basic,Yes,0,Referral,Referred,4.0,2.0,Rejected
TLB2223,26,Male,Emirati,Bachelor's,293,Computer Science,5,58.9,72.4,73.8,68.9,Yes,Tier 2,5800,No,Citizen,Fluent,Yes,7,LinkedIn,Not Referred,3.2,3.3,Hired
TLB2224,29,Male,Indian,Master's,582,Engineering,1,44.3,69.4,91.6,81.1,Yes,None,10600,Yes,Citizen,Intermediate,No,6,LinkedIn,Not Referred,3.1,1.9,Hired
TLB2225,37,Female,Pakistani,Bachelor's,544,Computer Science,6,84.8,75.6,59.3,71.7,No,None,11900,No,UAE Resident,Native,Yes,3,Job Portal,Not Referred,3.2,2.7,Rejected
TLB2226,30,Male,Pakistani,Bachelor's,530,Business,3,79.6,82.3,54.1,71.5,Yes,None,16900,Yes,Citizen,Fluent,Yes,5,LinkedIn,Not Referred,3.3,3.6,Rejected
TLB2227,39,Female,Indian,Master's,364,Business,5,43.7,49.4,67.1,51.5,Yes,Startup,14600,No,UAE Resident,Fluent,Yes,2,Referral,Referred,3.1,3.2,Hired
TLB2228,29,Male,Emirati,Bachelor's,323,Finance,2,67.6,68.5,55.9,49.2,Yes,Startup,13100,Yes,UAE Resident,Fluent,Yes,2,Company Website,Not Referred,4.0,3.2,Hired
TLB2229,36,Male,Indian,PhD,301,Finance,8,80.4,90.8,45.7,57.8,No,Tier 2,16200,Yes,Visit Visa,Basic,No,1,Walk-in,Not Referred,4.0,2.4,Hired
TLB2230,26,Female,Indian,Master's,470,Hospitality,8,78.9,60.8,80.8,77.3,No,Tier 3,6800,Yes,UAE Resident,Fluent,Yes,3,Job Portal,Not Referred,3.2,3.9,Hired
TLB2231,30,Male,British,Bachelor's,142,Computer Science,1,54.6,59.4,68.0,76.7,Yes,Tier 1,19100,No,Citizen,Fluent,Yes,2,LinkedIn,Not Referred,2.6,2.4,Rejected
TLB2232,24,Female,Other,Bachelor's,247,Other,6,79.7,41.1,69.3,83.7,No,None,3000,Yes,UAE Resident,Intermediate,No,4,Job Portal,Not Referred,3.4,3.7,Hired
TLB2233,25,Male,Pakistani,Master's,633,Computer Science,10,65.2,69.2,41.9,64.8,No,Tier 3,18400,Yes,Visit Visa,Basic,No,3,Job Portal,Not Referred,2.7,4.1,Hired
TLB2234,28,Female,Pakistani,Bachelor's,424,Logistics,1,70.8,75.0,59.4,72.5,No,Tier 3,8200,Yes,UAE Resident,Fluent,No,2,Job Portal,Not Referred,4.1,1.9,Rejected
TLB2235,22,Female,Egyptian,Master's,490,Hospitality,1,51.2,74.9,48.6,72.6,Yes,Tier 2,13700,No,UAE Resident,Intermediate,No,3,Company Website,Not Referred,4.3,2.8,Rejected
TLB2236,30,Female,Filipino,Bachelor's,55,Marketing,7,20.0,55.6,66.7,63.5,Yes,Tier 3,18500,No,UAE Resident,Native,Yes,4,LinkedIn,Not Referred,3.7,2.7,Rejected
TLB2237,28,Male,Indian,Master's,213,Engineering,0,53.3,67.9,68.7,60.5,No,Tier 3,14500,No,Citizen,Intermediate,No,6,Job Portal,Not Referred,2.3,3.3,Hired
TLB2238,31,Male,Indian,Bachelor's,366,Hospitality,2,73.0,70.7,68.7,44.2,Yes,None,13700,Yes,Work Visa,Intermediate,Yes,7,Company Website,Not Referred,2.8,2.3,Hired
TLB2239,22,Male,Pakistani,Master's,291,Hospitality,1,61.9,68.6,58.3,62.9,Yes,None,15900,No,Work Visa,Intermediate,No,2,Referral,Referred,3.0,2.2,Hired
TLB2240,34,Male,Filipino,Bachelor's,54,Computer Science,7,74.8,54.9,55.9,63.5,Yes,Tier 3,5300,No,UAE Resident,Intermediate,No,3,LinkedIn,Not Referred,2.6,3.1,Hired
TLB2241,40,Male,Indian,High School,451,Hospitality,2,81.6,68.9,64.5,80.9,Yes,None,6000,Yes,UAE Resident,Basic,No,5,LinkedIn,Not Referred,2.9,2.7,Hired
TLB2242,38,Male,Indian,PhD,515,Computer Science,4,60.0,58.2,71.6,82.3,Yes,Tier 2,13200,Yes,UAE Resident,Fluent,Yes,1,Company Website,Not Referred,3.3,3.0,Rejected
TLB2243,41,Male,Indian,PhD,242,Engineering,2,58.6,45.5,59.5,67.0,Yes,Tier 1,11100,Yes,Visit Visa,Intermediate,No,5,LinkedIn,Not Referred,3.5,3.8,Rejected
TLB2244,30,Male,Indian,Bachelor's,459,Finance,9,32.2,76.2,54.8,93.9,Yes,Tier 3,10600,No,UAE Resident,Intermediate,No,4,Company Website,Not Referred,4.1,1.8,Hired
TLB2245,27,Male,Pakistani,PhD,705,Logistics,1,41.8,69.7,55.4,67.7,No,Startup,17600,No,UAE Resident,Fluent,No,1,Job Portal,Not Referred,3.1,3.0,Hired
TLB2246,32,Male,Egyptian,Bachelor's,605,Engineering,0,44.9,75.1,58.4,79.5,No,Tier 1,17200,Yes,Work Visa,Basic,No,5,Referral,Referred,2.9,2.6,Rejected
TLB2247,28,Male,Pakistani,Bachelor's,251,Business,0,73.3,61.6,61.1,63.6,Yes,Tier 2,7900,No,Work Visa,Intermediate,No,1,LinkedIn,Not Referred,2.2,3.1,Rejected
TLB2248,20,Female,Indian,High School,79,Engineering,7,60.2,75.5,52.7,49.0,No,Tier 3,14000,No,UAE Resident,Intermediate,Yes,4,LinkedIn,Not Referred,3.4,2.6,Hired
TLB2249,34,Male,Indian,Bachelor's,346,Business,7,57.0,80.3,61.2,59.0,Yes,Tier 1,5000,Yes,UAE Resident,Fluent,No,2,Referral,Referred,2.8,2.2,Rejected
TLB2250,28,Male,British,High School,769,Marketing,9,55.3,89.0,83.1,85.6,No,Tier 3,4900,Yes,UAE Resident,Intermediate,Yes,0,Job Portal,Not Referred,3.0,3.4,Hired
TLB2251,21,Male,Pakistani,Bachelor's,567,Engineering,0,53.3,77.8,63.2,61.3,Yes,Tier 3,8000,No,Work Visa,Fluent,No,5,Company Website,Not Referred,2.8,5.0,Hired
TLB2252,26,Female,Emirati,Bachelor's,298,Hospitality,4,78.9,72.6,50.9,58.5,No,None,11800,Yes,UAE Resident,Basic,No,5,Job Portal,Not Referred,2.8,3.0,Hired
TLB2253,28,Male,Indian,Master's,612,Business,13,66.4,51.4,37.6,64.9,Yes,Tier 2,9100,Yes,Work Visa,Native,Yes,2,Walk-in,Not Referred,3.7,2.5,Hired
TLB2254,30,Female,British,Master's,533,Business,3,79.9,66.7,90.9,59.5,Yes,Tier 2,14000,Yes,UAE Resident,Intermediate,Yes,0,LinkedIn,Not Referred,3.1,2.5,Hired
TLB2255,30,Female,Egyptian,Master's,1,Engineering,3,32.1,50.9,81.8,81.7,No,Tier 1,11900,Yes,Citizen,Native,Yes,7,Company Website,Not Referred,4.2,3.8,Rejected
TLB2256,38,Male,American,Bachelor's,512,Computer Science,4,73.0,58.2,70.7,91.4,No,Tier 1,17000,No,Citizen,Intermediate,No,3,Referral,Referred,2.4,2.4,Hired
TLB2257,22,Female,Filipino,Master's,323,Business,6,57.7,91.5,82.1,65.1,Yes,Startup,14500,Yes,UAE Resident,Fluent,No,6,Referral,Referred,4.0,4.1,Hired
TLB2258,29,Female,Pakistani,Bachelor's,126,Business,6,60.8,55.7,73.9,72.6,Yes,Tier 3,7300,No,UAE Resident,Intermediate,No,3,Referral,Referred,2.8,1.8,Hired
TLB2259,24,Male,Pakistani,Master's,318,Engineering,2,85.3,39.9,66.0,78.6,No,Tier 2,16100,Yes,UAE Resident,Intermediate,No,5,Referral,Referred,3.1,3.3,Rejected
TLB2260,37,Male,Indian,Bachelor's,382,Business,2,59.2,77.8,50.9,66.5,No,None,8100,Yes,Visit Visa,Fluent,No,6,Company Website,Not Referred,3.5,3.6,Rejected
TLB2261,26,Female,Egyptian,Bachelor's,141,Marketing,3,72.4,59.9,91.8,52.7,No,Startup,13900,Yes,Work Visa,Intermediate,No,5,Company Website,Not Referred,3.9,3.7,Hired
TLB2262,27,Female,Filipino,Bachelor's,276,Logistics,2,49.7,77.2,61.3,59.3,Yes,Tier 1,9800,Yes,Work Visa,Intermediate,Yes,6,Referral,Referred,3.9,3.7,Hired
TLB2263,36,Male,Indian,Master's,233,Marketing,0,65.5,54.0,62.0,70.8,No,Tier 2,18000,Yes,UAE Resident,Fluent,No,0,LinkedIn,Not Referred,3.9,3.3,Rejected
TLB2264,37,Male,Other,PhD,459,Business,11,41.1,62.9,67.5,70.5,No,None,15300,Yes,UAE Resident,Fluent,No,6,Company Website,Not Referred,3.0,4.0,Hired
TLB2265,38,Male,Indian,Master's,239,Computer Science,3,64.1,82.4,67.7,39.9,No,Startup,8900,Yes,Work Visa,Fluent,Yes,5,Job Portal,Not Referred,4.4,2.3,Hired
TLB2266,20,Male,Emirati,PhD,1,Computer Science,3,70.8,52.1,74.5,58.9,Yes,None,10300,Yes,Work Visa,Native,No,6,Company Website,Not Referred,3.6,2.6,Hired
TLB2267,32,Female,Indian,PhD,210,Marketing,3,81.6,66.0,73.0,54.7,Yes,Tier 1,26700,No,Visit Visa,Fluent,No,5,LinkedIn,Not Referred,1.1,2.8,Hired
TLB2268,31,Male,American,Bachelor's,110,Finance,4,52.7,71.5,59.5,77.4,Yes,Startup,6300,No,Visit Visa,Fluent,Yes,1,LinkedIn,Not Referred,3.2,4.3,Hired
TLB2269,29,Female,Other,Master's,41,Computer Science,6,57.1,59.4,67.3,55.2,No,Tier 1,8800,Yes,Work Visa,Fluent,Yes,4,Job Portal,Not Referred,2.9,3.5,Hired
TLB2270,30,Female,Pakistani,Bachelor's,536,Business,3,55.3,70.9,74.1,58.5,Yes,Tier 2,9000,Yes,Work Visa,Basic,No,5,Job Portal,Not Referred,3.0,3.6,Hired
TLB2271,37,Female,Other,Bachelor's,460,Business,8,61.2,68.2,58.4,58.1,No,Startup,6800,No,Citizen,Native,Yes,7,LinkedIn,Not Referred,3.6,3.0,Hired
TLB2272,36,Female,American,Bachelor's,106,Business,7,50.5,74.4,85.8,76.1,Yes,Startup,7300,Yes,Visit Visa,Intermediate,No,5,Referral,Referred,3.4,3.8,Hired
TLB2273,35,Female,British,PhD,46,Other,4,32.6,90.1,66.7,78.6,No,Tier 1,11500,Yes,Citizen,Intermediate,Yes,6,Referral,Referred,2.7,1.9,Hired
TLB2274,31,Female,American,Master's,279,Business,2,49.4,100.0,87.8,71.9,Yes,Tier 2,14100,Yes,Citizen,Intermediate,No,6,Company Website,Not Referred,4.2,2.8,Rejected
TLB2275,43,Female,Indian,Bachelor's,35,Computer Science,8,64.3,73.6,48.9,80.5,No,Startup,4800,Yes,UAE Resident,Fluent,No,0,LinkedIn,Not Referred,2.3,2.9,Hired
TLB2276,27,Male,Egyptian,Bachelor's,251,Business,4,62.8,66.7,75.5,82.3,No,Tier 1,9700,No,Work Visa,Fluent,Yes,6,Company Website,Not Referred,2.2,2.7,Rejected
TLB2277,20,Male,Filipino,Bachelor's,314,Computer Science,0,73.3,73.3,55.4,39.7,No,Tier 2,8400,Yes,Work Visa,Intermediate,No,5,Walk-in,Not Referred,2.4,2.8,Rejected
TLB2278,28,Male,Egyptian,Master's,360,Computer Science,8,77.6,65.2,58.8,73.3,Yes,Tier 2,6700,Yes,UAE Resident,Intermediate,Yes,1,Referral,Referred,3.5,3.5,Hired
TLB2279,30,Female,Indian,Master's,368,Engineering,2,58.3,49.0,78.8,59.8,Yes,Tier 1,16500,Yes,Work Visa,Intermediate,No,1,Referral,Referred,3.4,3.3,Rejected
TLB2280,37,Female,Egyptian,Bachelor's,143,Business,8,41.2,67.4,64.0,47.4,No,None,8600,Yes,UAE Resident,Fluent,No,2,LinkedIn,Not Referred,2.6,4.1,Hired
TLB2281,26,Male,Other,Bachelor's,314,Computer Science,0,71.0,81.0,100.0,60.5,No,Tier 1,5800,No,UAE Resident,Intermediate,No,4,LinkedIn,Not Referred,2.8,1.4,Rejected
TLB2282,32,Male,Indian,Bachelor's,556,Marketing,3,64.9,50.4,73.7,75.2,No,Tier 3,16000,Yes,UAE Resident,Fluent,No,6,Walk-in,Not Referred,3.2,4.3,Rejected
TLB2283,21,Male,Other,Bachelor's,1,Engineering,9,61.1,56.2,58.0,85.4,Yes,Startup,17600,Yes,Work Visa,Intermediate,No,7,Walk-in,Not Referred,2.4,2.6,Hired
TLB2284,36,Female,Indian,Bachelor's,365,Computer Science,5,83.3,61.0,73.8,46.2,No,Tier 1,13100,No,Work Visa,Intermediate,No,1,LinkedIn,Not Referred,3.7,4.2,Hired
TLB2285,30,Male,Indian,Bachelor's,64,Logistics,7,71.8,72.5,63.9,73.7,No,Tier 3,7800,No,Work Visa,Fluent,Yes,7,Walk-in,Not Referred,4.3,2.8,Rejected
TLB2286,28,Male,Indian,Bachelor's,580,Business,1,66.8,96.5,77.8,92.5,No,Tier 2,10800,No,UAE Resident,Fluent,Yes,0,LinkedIn,Not Referred,3.0,3.4,Hired
TLB2287,42,Female,British,Bachelor's,463,Other,6,67.5,58.3,63.1,90.6,Yes,None,9100,Yes,Work Visa,Native,Yes,4,Company Website,Not Referred,3.4,2.2,Rejected
TLB2288,36,Female,Filipino,Master's,457,Other,5,77.7,69.1,72.3,20.0,No,Startup,11800,No,UAE Resident,Fluent,No,7,Company Website,Not Referred,3.2,2.1,Rejected
TLB2289,23,Male,Indian,Bachelor's,129,Engineering,5,54.7,68.1,69.6,95.5,No,Startup,15200,Yes,UAE Resident,Fluent,Yes,3,Referral,Referred,4.1,3.6,Hired
TLB2290,29,Male,Filipino,Bachelor's,352,Business,12,51.8,64.4,68.0,78.5,No,Tier 2,11900,Yes,UAE Resident,Native,No,7,Company Website,Not Referred,4.5,1.0,Hired
TLB2291,46,Female,Indian,Master's,375,Logistics,9,61.5,67.4,80.5,32.7,No,None,12000,No,Citizen,Fluent,Yes,5,Company Website,Not Referred,2.9,2.1,Rejected
TLB2292,41,Female,Pakistani,PhD,1,Engineering,7,47.3,62.4,43.6,54.3,Yes,Tier 3,9700,Yes,UAE Resident,Intermediate,No,2,LinkedIn,Not Referred,3.2,3.7,Hired
TLB2293,35,Female,American,Bachelor's,329,Computer Science,7,64.3,100.0,68.3,82.6,No,Tier 2,15000,Yes,Work Visa,Intermediate,Yes,7,Walk-in,Not Referred,3.8,2.8,Hired
TLB2294,20,Male,Egyptian,High School,422,Marketing,1,66.5,77.0,57.9,70.0,No,Tier 1,13700,Yes,Citizen,Fluent,No,0,LinkedIn,Not Referred,3.4,2.4,Rejected
TLB2295,37,Male,Egyptian,Master's,17,Engineering,3,64.0,62.5,49.5,57.0,No,Tier 1,3700,Yes,UAE Resident,Native,Yes,6,LinkedIn,Not Referred,2.5,4.3,Hired
TLB2296,26,Male,Filipino,Bachelor's,420,Logistics,0,59.6,82.2,56.1,65.9,Yes,Tier 2,4000,No,Citizen,Intermediate,No,3,Walk-in,Not Referred,1.9,4.6,Hired
TLB2297,37,Female,Other,Master's,319,Finance,0,89.8,71.1,58.9,72.6,No,Tier 2,10500,Yes,UAE Resident,Fluent,Yes,5,Referral,Referred,2.8,3.1,Rejected
TLB2298,25,Male,Indian,Bachelor's,576,Logistics,1,79.1,68.7,63.9,56.9,Yes,None,16400,Yes,UAE Resident,Fluent,No,0,Referral,Referred,3.4,4.1,Rejected
TLB2299,32,Male,Indian,High School,217,Hospitality,4,63.5,65.8,71.4,63.2,Yes,None,17200,No,UAE Resident,Fluent,Yes,7,LinkedIn,Not Referred,2.9,4.3,Hired
TLB2300,26,Female,Emirati,Bachelor's,335,Finance,0,66.4,65.0,74.0,77.6,Yes,Tier 1,15400,Yes,Work Visa,Basic,No,1,LinkedIn,Not Referred,2.4,3.1,Hired
TLB2301,27,Female,Filipino,Master's,368,Engineering,4,85.6,53.4,61.7,55.2,No,None,11300,Yes,Citizen,Fluent,No,4,LinkedIn,Not Referred,2.8,2.7,Hired
TLB2302,33,Female,Filipino,Bachelor's,1,Other,4,56.2,47.9,87.6,46.0,Yes,Startup,18600,Yes,Work Visa,Basic,No,1,Referral,Referred,4.5,3.2,Hired
TLB2303,22,Male,Egyptian,Bachelor's,229,Other,1,50.5,72.4,62.2,56.1,No,Tier 3,8700,Yes,Work Visa,Fluent,Yes,7,Company Website,Not Referred,2.4,1.9,Rejected
TLB2304,44,Male,Indian,Bachelor's,317,Logistics,10,68.4,65.7,41.7,52.6,No,None,10500,No,UAE Resident,Native,Yes,6,Referral,Referred,3.0,3.6,Rejected
TLB2305,23,Male,Emirati,Master's,1,Hospitality,0,71.2,78.5,62.5,56.5,No,Startup,5600,No,Citizen,Fluent,No,6,Job Portal,Not Referred,2.8,2.8,Hired
TLB2306,23,Male,Filipino,Bachelor's,434,Marketing,8,72.3,57.3,67.6,40.8,No,Tier 3,10400,Yes,UAE Resident,Intermediate,No,3,Walk-in,Not Referred,4.5,3.1,Hired
TLB2307,33,Male,Other,Master's,317,Business,0,77.4,54.8,24.5,68.3,Yes,Tier 2,8100,Yes,UAE Resident,Fluent,No,1,Referral,Referred,2.1,3.1,Hired
TLB2308,37,Male,Indian,Master's,316,Logistics,4,54.0,77.3,82.7,77.1,Yes,Tier 2,18900,No,Citizen,Intermediate,Yes,0,Walk-in,Not Referred,2.6,2.4,Hired
TLB2309,28,Female,Indian,Bachelor's,444,Computer Science,0,43.9,64.5,65.7,53.6,Yes,None,18000,No,UAE Resident,Basic,No,1,Job Portal,Not Referred,3.2,3.1,Rejected
TLB2310,23,Female,Indian,PhD,217,Business,2,56.2,78.3,52.0,55.9,No,Tier 2,12300,No,UAE Resident,Fluent,No,5,Walk-in,Not Referred,3.3,2.0,Rejected
TLB2311,24,Female,Pakistani,Master's,308,Engineering,11,73.7,68.4,54.5,62.4,No,Tier 1,14100,No,UAE Resident,Native,No,2,Job Portal,Not Referred,4.0,2.7,Rejected
TLB2312,23,Male,Indian,Bachelor's,473,Marketing,3,51.2,90.5,76.9,52.2,Yes,Tier 2,9300,Yes,UAE Resident,Intermediate,No,0,LinkedIn,Not Referred,3.9,2.2,Rejected
TLB2313,31,Male,Indian,High School,311,Marketing,1,36.0,77.1,78.5,78.8,No,Tier 3,3000,No,Visit Visa,Fluent,No,7,LinkedIn,Not Referred,2.7,2.4,Rejected
TLB2314,29,Male,Filipino,Bachelor's,1,Computer Science,6,67.2,72.9,58.6,52.6,No,Tier 2,8600,Yes,UAE Resident,Intermediate,Yes,7,Walk-in,Not Referred,3.4,1.3,Hired
TLB2315,32,Male,Indian,Bachelor's,310,Computer Science,3,56.5,77.6,49.4,57.6,No,None,15400,Yes,Citizen,Intermediate,Yes,3,Company Website,Not Referred,3.1,2.8,Rejected
TLB2316,32,Male,Indian,Bachelor's,312,Business,5,39.1,64.7,68.7,54.3,Yes,Tier 3,14000,Yes,UAE Resident,Fluent,Yes,1,Job Portal,Not Referred,2.9,3.5,Hired
TLB2317,34,Male,Emirati,Master's,480,Business,1,66.1,48.3,71.1,79.1,No,None,10200,Yes,Work Visa,Fluent,No,3,Job Portal,Not Referred,3.9,3.2,Rejected
TLB2318,27,Female,Other,Master's,231,Computer Science,1,59.2,72.3,74.3,61.8,Yes,Tier 3,15300,Yes,Work Visa,Intermediate,No,1,LinkedIn,Not Referred,3.4,4.0,Hired
TLB2319,25,Male,Pakistani,Bachelor's,104,Finance,2,90.1,91.3,59.7,92.9,Yes,Tier 3,9900,No,Work Visa,Native,No,0,Referral,Referred,4.3,2.3,Hired
TLB2320,30,Female,Indian,Bachelor's,105,Business,7,66.3,40.5,65.4,70.0,Yes,Tier 2,6900,No,Work Visa,Fluent,No,3,Walk-in,Not Referred,3.5,2.7,Hired
TLB2321,29,Male,Emirati,High School,588,Business,4,73.8,73.6,67.3,81.2,No,Tier 2,15300,Yes,Work Visa,Fluent,Yes,1,LinkedIn,Not Referred,3.8,3.8,Rejected
TLB2322,31,Male,Filipino,Bachelor's,357,Business,1,64.7,49.6,79.6,60.5,No,None,9200,Yes,Work Visa,Fluent,No,0,Job Portal,Not Referred,1.3,3.0,Rejected
TLB2323,25,Male,American,High School,578,Marketing,5,56.0,67.7,84.3,51.8,Yes,Startup,16600,Yes,Citizen,Native,No,7,Walk-in,Not Referred,3.2,3.2,Hired
TLB2324,33,Male,Emirati,PhD,607,Logistics,5,57.7,69.0,87.8,64.5,Yes,Tier 3,3000,No,UAE Resident,Intermediate,No,0,LinkedIn,Not Referred,3.5,4.8,Hired
TLB2325,22,Male,Indian,Master's,151,Computer Science,7,81.2,77.0,83.9,55.5,Yes,None,9400,No,UAE Resident,Fluent,No,6,LinkedIn,Not Referred,3.5,2.9,Hired
TLB2326,27,Female,Indian,Bachelor's,136,Business,3,76.2,70.5,90.6,37.0,Yes,None,14700,Yes,Work Visa,Fluent,No,7,Company Website,Not Referred,4.3,2.7,Rejected
TLB2327,36,Male,Filipino,Master's,274,Finance,4,42.7,84.5,80.2,79.2,No,Tier 1,14200,Yes,UAE Resident,Basic,No,3,Job Portal,Not Referred,3.6,2.3,Hired
TLB2328,23,Male,Other,Bachelor's,422,Computer Science,6,46.3,82.0,59.3,65.5,No,Tier 3,11000,Yes,UAE Resident,Native,Yes,6,Company Website,Not Referred,2.3,2.9,Hired
TLB2329,36,Male,Pakistani,Master's,19,Logistics,1,47.1,65.6,86.9,55.2,Yes,Startup,13300,Yes,Citizen,Fluent,No,4,LinkedIn,Not Referred,3.6,3.9,Hired
TLB2330,21,Male,Indian,Bachelor's,390,Other,8,80.9,81.1,49.1,70.3,No,None,12600,No,UAE Resident,Intermediate,No,7,LinkedIn,Not Referred,3.8,3.6,Hired
TLB2331,20,Female,Egyptian,Bachelor's,380,Marketing,5,39.0,64.2,97.7,65.7,No,Tier 1,5300,Yes,UAE Resident,Native,Yes,6,Referral,Referred,2.8,4.2,Hired
TLB2332,21,Male,Egyptian,Master's,74,Other,1,76.8,62.2,54.3,84.7,Yes,Tier 2,10400,No,Work Visa,Basic,Yes,5,Referral,Referred,2.9,3.4,Rejected
TLB2333,30,Female,Indian,Bachelor's,81,Engineering,1,71.0,53.5,78.5,71.1,No,Tier 3,13000,No,UAE Resident,Intermediate,No,4,LinkedIn,Not Referred,3.7,1.3,Hired
TLB2334,34,Male,Indian,Bachelor's,388,Engineering,4,67.2,83.7,85.8,62.8,Yes,Tier 2,14300,Yes,UAE Resident,Fluent,No,0,Job Portal,Not Referred,3.2,3.6,Hired
TLB2335,37,Male,Indian,Bachelor's,714,Computer Science,3,57.9,64.4,73.0,74.7,Yes,Tier 1,11700,Yes,UAE Resident,Fluent,No,2,LinkedIn,Not Referred,3.9,3.2,Hired
TLB2336,37,Female,British,Master's,241,Computer Science,7,82.8,38.9,40.3,64.5,No,Tier 3,9500,No,UAE Resident,Fluent,No,7,Job Portal,Not Referred,3.3,3.1,Hired
TLB2337,35,Female,Egyptian,Master's,365,Business,3,66.7,74.5,54.7,67.6,No,Tier 3,6000,No,UAE Resident,Intermediate,No,7,Walk-in,Not Referred,1.7,4.1,Hired
TLB2338,25,Male,Egyptian,Bachelor's,178,Engineering,6,43.3,62.8,71.6,82.2,Yes,Tier 2,15400,Yes,Visit Visa,Native,Yes,5,Company Website,Not Referred,3.2,2.9,Hired
TLB2339,24,Male,British,Bachelor's,347,Engineering,2,46.8,64.4,75.3,48.6,No,Tier 3,14900,No,UAE Resident,Intermediate,Yes,3,Company Website,Not Referred,2.9,3.6,Hired
TLB2340,34,Male,Indian,Master's,174,Business,4,40.3,65.2,64.7,52.9,No,Tier 1,16400,Yes,UAE Resident,Intermediate,No,3,LinkedIn,Not Referred,3.6,2.2,Hired
TLB2341,38,Male,Indian,Bachelor's,248,Finance,9,83.0,64.0,68.0,59.1,No,Tier 2,7100,Yes,Work Visa,Intermediate,Yes,3,Company Website,Not Referred,3.5,1.9,Hired
TLB2342,23,Male,Emirati,Bachelor's,789,Business,4,86.4,100.0,47.9,61.2,Yes,Startup,12500,Yes,UAE Resident,Native,No,5,Referral,Referred,2.5,2.6,Rejected
TLB2343,37,Female,American,Master's,321,Business,3,81.3,88.0,90.1,81.2,Yes,None,8900,Yes,UAE Resident,Intermediate,No,2,LinkedIn,Not Referred,3.3,2.8,Hired
TLB2344,20,Male,Filipino,Bachelor's,1,Business,1,62.9,76.4,62.1,45.2,Yes,Tier 2,12200,No,UAE Resident,Intermediate,Yes,4,Company Website,Not Referred,3.6,3.5,Rejected
TLB2345,32,Female,Indian,Master's,428,Finance,4,43.6,70.9,77.3,64.6,Yes,None,25100,No,UAE Resident,Native,Yes,5,LinkedIn,Not Referred,3.5,2.2,Hired
TLB2346,29,Male,Emirati,Bachelor's,525,Marketing,9,49.2,81.5,85.2,57.3,No,None,16100,Yes,UAE Resident,Intermediate,No,5,LinkedIn,Not Referred,3.9,4.3,Hired
TLB2347,28,Female,Egyptian,Bachelor's,435,Hospitality,0,50.2,70.9,52.0,88.8,Yes,Tier 3,8600,Yes,UAE Resident,Native,Yes,1,Company Website,Not Referred,2.5,2.3,Rejected
TLB2348,30,Female,Egyptian,Bachelor's,264,Computer Science,4,64.3,77.8,68.7,77.4,No,None,10900,No,Citizen,Basic,Yes,6,Referral,Referred,3.1,3.0,Rejected
TLB2349,24,Male,Egyptian,High School,116,Engineering,0,85.8,74.7,70.6,68.3,Yes,Tier 2,10400,No,Citizen,Native,Yes,3,LinkedIn,Not Referred,1.6,3.1,Hired
TLB2350,32,Male,Indian,High School,121,Other,3,85.8,69.5,63.6,78.6,Yes,Tier 1,12600,Yes,Citizen,Fluent,No,7,LinkedIn,Not Referred,4.0,3.3,Hired
TLB2351,30,Male,Other,Master's,262,Computer Science,5,57.7,79.3,79.1,46.5,Yes,None,5100,No,UAE Resident,Intermediate,No,3,LinkedIn,Not Referred,3.3,3.5,Hired
TLB2352,35,Female,Egyptian,Master's,226,Engineering,0,31.5,63.0,58.3,93.4,No,Tier 3,13500,Yes,Visit Visa,Native,Yes,6,Company Website,Not Referred,3.1,4.9,Rejected
TLB2353,39,Male,Egyptian,Master's,188,Computer Science,3,47.5,68.7,67.7,53.2,Yes,Tier 2,3000,Yes,Work Visa,Fluent,No,0,Company Website,Not Referred,3.1,2.6,Rejected
TLB2354,30,Male,Egyptian,Bachelor's,543,Computer Science,6,82.8,56.2,62.2,82.6,No,Tier 1,4500,No,UAE Resident,Native,No,7,LinkedIn,Not Referred,3.5,3.4,Rejected
TLB2355,25,Male,Other,Bachelor's,484,Engineering,5,68.5,57.6,97.2,72.7,Yes,Tier 1,21000,No,Citizen,Intermediate,No,0,Company Website,Not Referred,3.9,3.0,Hired
TLB2356,23,Female,Other,Master's,553,Computer Science,6,59.7,37.7,58.4,68.7,No,Tier 1,10400,No,Visit Visa,Native,Yes,4,Walk-in,Not Referred,3.0,3.9,Rejected
TLB2357,40,Male,Filipino,Master's,142,Marketing,1,58.6,73.5,76.7,82.0,Yes,Tier 2,18400,No,UAE Resident,Intermediate,Yes,5,Company Website,Not Referred,3.5,3.5,Hired
TLB2358,39,Male,Pakistani,Bachelor's,115,Other,6,53.7,76.8,90.4,79.0,No,None,8400,No,Citizen,Intermediate,No,2,Company Website,Not Referred,3.5,3.3,Rejected
TLB2359,35,Female,Indian,Master's,315,Business,2,46.9,81.0,55.1,66.5,Yes,Tier 2,3000,Yes,UAE Resident,Fluent,No,7,Company Website,Not Referred,1.7,1.9,Hired
TLB2360,30,Male,British,Bachelor's,382,Computer Science,7,96.1,54.8,68.2,59.1,No,None,7300,Yes,UAE Resident,Fluent,No,5,Job Portal,Not Referred,2.7,2.7,Hired
TLB2361,34,Female,Filipino,Bachelor's,314,Logistics,0,90.8,73.3,54.2,66.7,No,Tier 1,24100,No,UAE Resident,Fluent,No,7,Walk-in,Not Referred,3.5,2.3,Hired
TLB2362,37,Male,Emirati,Master's,369,Engineering,3,52.7,68.0,40.8,63.6,Yes,Tier 2,5700,Yes,UAE Resident,Basic,Yes,4,LinkedIn,Not Referred,4.1,2.7,Hired
TLB2363,26,Male,Indian,Bachelor's,617,Logistics,5,38.7,76.9,56.8,70.0,Yes,None,20000,No,Citizen,Intermediate,No,5,LinkedIn,Not Referred,4.2,2.4,Rejected
TLB2364,30,Female,Other,Bachelor's,256,Business,9,67.5,60.2,59.6,79.3,Yes,Tier 2,13600,Yes,Work Visa,Basic,Yes,0,LinkedIn,Not Referred,2.3,2.7,Hired
TLB2365,23,Female,Other,Bachelor's,461,Finance,5,62.8,64.0,60.4,71.6,No,Tier 2,12500,No,UAE Resident,Intermediate,No,0,Job Portal,Not Referred,3.9,2.8,Rejected
TLB2366,29,Female,Other,PhD,403,Other,5,74.4,49.4,63.1,67.6,No,None,8600,Yes,Visit Visa,Intermediate,Yes,4,LinkedIn,Not Referred,3.9,2.8,Hired
TLB2367,39,Male,Pakistani,Bachelor's,319,Computer Science,6,77.8,59.4,67.1,55.8,Yes,Tier 1,7900,No,Citizen,Basic,No,2,Walk-in,Not Referred,3.5,2.9,Hired
TLB2368,36,Male,British,Master's,452,Logistics,9,47.4,68.0,51.4,69.5,Yes,Tier 1,14500,No,Citizen,Fluent,No,3,LinkedIn,Not Referred,1.8,2.4,Rejected
TLB2369,30,Male,British,Bachelor's,146,Finance,3,84.2,70.1,71.6,41.3,Yes,None,17900,Yes,Citizen,Basic,No,4,Company Website,Not Referred,2.8,3.1,Hired
TLB2370,20,Male,Indian,Bachelor's,106,Logistics,0,59.7,47.8,82.8,53.8,No,Tier 3,12900,Yes,Citizen,Native,No,2,LinkedIn,Not Referred,3.3,2.4,Rejected
TLB2371,26,Male,Indian,Bachelor's,386,Computer Science,0,74.1,61.9,84.3,73.5,Yes,Startup,15300,Yes,Work Visa,Native,No,7,Referral,Referred,3.0,2.6,Hired
TLB2372,30,Male,Other,Bachelor's,1,Engineering,7,61.1,69.9,63.6,77.4,Yes,Tier 1,10100,Yes,UAE Resident,Fluent,No,5,Referral,Referred,1.7,3.1,Hired
TLB2373,28,Male,Emirati,Bachelor's,402,Computer Science,5,78.8,84.9,78.6,64.7,No,Tier 2,21800,Yes,Citizen,Fluent,No,4,Job Portal,Not Referred,3.0,1.0,Rejected
TLB2374,30,Male,Filipino,Bachelor's,74,Other,4,29.6,57.9,58.1,67.8,Yes,Tier 3,13100,Yes,UAE Resident,Fluent,No,7,Referral,Referred,2.5,5.0,Hired
TLB2375,31,Male,Egyptian,Master's,603,Computer Science,2,76.1,73.9,62.5,70.2,Yes,Startup,21100,No,UAE Resident,Fluent,Yes,0,Referral,Referred,3.6,3.5,Rejected
TLB2376,26,Male,Egyptian,Bachelor's,220,Computer Science,5,52.5,61.3,72.2,74.5,Yes,Tier 2,7700,Yes,UAE Resident,Fluent,Yes,1,Job Portal,Not Referred,3.5,3.4,Rejected
TLB2377,29,Female,Indian,Master's,590,Logistics,5,66.1,62.7,62.6,62.2,No,None,11800,Yes,UAE Resident,Intermediate,Yes,6,Walk-in,Not Referred,3.6,2.7,Hired
TLB2378,29,Female,Egyptian,Master's,257,Business,6,83.7,57.5,50.6,51.2,Yes,Startup,16800,Yes,Work Visa,Fluent,No,6,Job Portal,Not Referred,2.9,3.2,Rejected
TLB2379,25,Male,Indian,Bachelor's,249,Marketing,1,53.0,55.5,77.8,70.4,No,Tier 3,12600,No,Citizen,Fluent,No,4,Job Portal,Not Referred,3.2,2.1,Hired
TLB2380,41,Female,British,Bachelor's,473,Business,0,50.6,62.3,56.2,92.4,No,Tier 3,14300,Yes,UAE Resident,Intermediate,Yes,1,Referral,Referred,3.1,3.5,Hired
TLB2381,27,Female,Indian,Bachelor's,358,Finance,1,59.4,80.6,60.2,52.1,No,Tier 3,7600,Yes,Work Visa,Intermediate,Yes,2,Walk-in,Not Referred,3.8,1.8,Rejected
TLB2382,20,Male,Egyptian,Bachelor's,286,Business,0,58.5,58.9,80.8,63.2,No,Startup,10200,Yes,UAE Resident,Intermediate,No,4,Referral,Referred,2.8,2.1,Rejected
TLB2383,40,Male,British,Bachelor's,219,Engineering,0,49.2,57.1,74.0,59.6,No,Tier 1,8100,Yes,Work Visa,Fluent,No,0,Walk-in,Not Referred,2.7,2.5,Rejected
TLB2384,24,Male,Indian,Bachelor's,221,Marketing,10,66.6,70.5,69.3,98.8,Yes,None,11600,No,UAE Resident,Native,No,6,Job Portal,Not Referred,3.9,4.3,Hired
TLB2385,35,Male,Indian,Bachelor's,771,Business,0,67.4,68.1,47.9,51.5,No,Tier 3,11200,No,UAE Resident,Basic,No,2,LinkedIn,Not Referred,3.8,2.2,Rejected
TLB2386,25,Female,British,Bachelor's,1,Business,6,71.9,67.2,51.9,62.8,Yes,None,9600,No,Work Visa,Native,No,7,LinkedIn,Not Referred,3.5,3.4,Hired
TLB2387,33,Female,Emirati,PhD,59,Computer Science,8,52.7,71.0,72.2,59.9,Yes,None,14800,Yes,Work Visa,Intermediate,No,4,Job Portal,Not Referred,4.3,1.4,Hired
TLB2388,29,Male,Indian,Bachelor's,535,Finance,8,50.8,55.9,75.2,47.4,No,Tier 1,7200,Yes,UAE Resident,Fluent,No,2,Company Website,Not Referred,4.7,3.1,Hired
TLB2389,36,Female,Pakistani,Bachelor's,520,Computer Science,5,63.2,57.2,70.3,46.7,No,Tier 2,3000,Yes,UAE Resident,Fluent,No,0,Company Website,Not Referred,4.1,4.5,Hired
TLB2390,28,Male,Other,Bachelor's,115,Business,9,61.3,79.8,60.8,73.0,No,Tier 3,9400,No,UAE Resident,Intermediate,No,6,Walk-in,Not Referred,2.7,3.5,Hired
TLB2391,26,Female,Filipino,Master's,1,Business,11,61.6,66.2,60.4,74.9,Yes,Tier 3,21700,No,Work Visa,Fluent,No,5,Company Website,Not Referred,3.8,1.4,Hired
TLB2392,31,Female,Indian,Bachelor's,554,Engineering,3,54.4,75.2,69.8,57.2,No,None,14300,No,UAE Resident,Native,No,7,Referral,Referred,3.3,3.1,Rejected
TLB2393,27,Male,Other,Bachelor's,90,Finance,6,70.0,82.7,50.7,84.7,No,Tier 1,8200,No,UAE Resident,Intermediate,No,1,Company Website,Not Referred,2.8,2.7,Hired
TLB2394,20,Male,Pakistani,Master's,201,Engineering,9,50.9,78.1,68.2,33.5,No,Tier 3,14000,No,Citizen,Native,No,1,LinkedIn,Not Referred,2.7,4.1,Rejected
TLB2395,26,Female,Pakistani,High School,319,Logistics,1,63.2,51.6,48.9,47.4,No,None,11400,Yes,Work Visa,Fluent,Yes,1,Company Website,Not Referred,3.4,3.0,Hired
TLB2396,47,Female,Pakistani,Bachelor's,85,Finance,4,60.4,66.6,53.3,53.5,Yes,None,13700,No,UAE Resident,Fluent,No,3,Walk-in,Not Referred,3.8,1.9,Hired
TLB2397,20,Male,Indian,Bachelor's,484,Logistics,2,64.5,80.5,69.3,64.9,Yes,Tier 1,16000,Yes,Work Visa,Fluent,No,3,LinkedIn,Not Referred,4.2,3.0,Rejected
TLB2398,31,Male,Indian,Master's,304,Finance,6,82.8,74.3,74.6,58.7,Yes,None,12900,Yes,UAE Resident,Intermediate,Yes,6,Job Portal,Not Referred,3.7,2.5,Rejected
TLB2399,28,Male,Egyptian,PhD,123,Computer Science,0,45.3,70.2,71.4,62.2,Yes,Tier 1,12500,No,UAE Resident,Fluent,No,7,Job Portal,Not Referred,3.6,1.4,Hired
TLB2400,41,Male,Emirati,Master's,141,Other,10,29.1,48.3,52.5,71.8,Yes,Tier 3,18700,Yes,Work Visa,Fluent,No,0,LinkedIn,Not Referred,3.1,3.0,Rejected
TLB2401,23,Female,Egyptian,Bachelor's,559,Hospitality,6,56.1,60.6,42.7,85.4,Yes,Tier 2,14400,Yes,UAE Resident,Fluent,No,4,Job Portal,Not Referred,3.4,3.1,Rejected
TLB2402,30,Female,Indian,Bachelor's,244,Marketing,7,47.7,68.8,66.9,76.2,No,Tier 3,12900,Yes,UAE Resident,Intermediate,Yes,5,Job Portal,Not Referred,2.2,3.4,Hired
TLB2403,34,Female,Indian,Bachelor's,422,Computer Science,0,20.0,50.9,42.3,65.8,No,Tier 1,12200,No,Citizen,Native,No,1,Referral,Referred,3.6,3.9,Hired
TLB2404,28,Female,Indian,Master's,298,Computer Science,1,91.2,77.5,79.3,63.9,No,Tier 2,9500,Yes,Work Visa,Basic,No,3,LinkedIn,Not Referred,3.5,2.9,Hired
TLB2405,25,Female,Filipino,PhD,1,Finance,10,73.4,66.6,52.9,80.4,Yes,Tier 2,6400,Yes,Citizen,Fluent,Yes,5,LinkedIn,Not Referred,4.5,1.9,Hired
TLB2406,29,Male,Egyptian,Master's,449,Engineering,4,75.0,44.2,96.0,91.4,Yes,None,15000,Yes,Citizen,Fluent,No,4,Company Website,Not Referred,3.2,2.4,Hired
TLB2407,28,Male,Indian,Bachelor's,514,Finance,0,60.7,61.2,54.5,73.9,No,Tier 3,17700,Yes,UAE Resident,Intermediate,No,0,LinkedIn,Not Referred,4.0,3.1,Rejected
TLB2408,28,Male,Indian,Master's,668,Engineering,5,71.3,64.6,73.0,58.1,No,Startup,13900,Yes,Work Visa,Fluent,Yes,3,Referral,Referred,2.9,4.1,Hired
TLB2409,35,Male,Indian,Master's,1,Marketing,7,58.7,66.4,57.4,68.6,No,Startup,14500,No,UAE Resident,Intermediate,Yes,2,Walk-in,Not Referred,4.4,3.1,Hired
TLB2410,32,Female,British,Master's,1,Business,6,77.2,85.0,64.8,73.1,No,Tier 2,8000,Yes,Work Visa,Basic,Yes,1,Job Portal,Not Referred,4.2,3.0,Hired
TLB2411,33,Female,Indian,Master's,427,Computer Science,4,67.8,74.9,69.4,57.2,Yes,Tier 1,9300,Yes,UAE Resident,Intermediate,No,0,Job Portal,Not Referred,4.0,2.9,Hired
TLB2412,31,Female,British,Bachelor's,180,Computer Science,8,64.5,51.6,78.2,77.1,No,Tier 1,6200,No,UAE Resident,Fluent,No,2,Walk-in,Not Referred,3.2,3.1,Rejected
TLB2413,35,Male,Indian,Master's,13,Logistics,2,65.6,50.1,80.3,68.7,Yes,Tier 3,10900,Yes,UAE Resident,Intermediate,No,6,LinkedIn,Not Referred,3.0,4.6,Hired
TLB2414,37,Male,Indian,Bachelor's,321,Marketing,6,87.0,64.8,76.5,81.3,Yes,None,16400,No,Visit Visa,Fluent,Yes,6,LinkedIn,Not Referred,2.9,3.0,Hired
TLB2415,28,Male,Egyptian,Bachelor's,210,Other,5,67.5,69.5,80.5,51.3,Yes,Tier 2,8900,Yes,UAE Resident,Intermediate,Yes,1,Company Website,Not Referred,2.5,2.9,Hired
TLB2416,34,Male,Pakistani,Master's,44,Hospitality,4,49.6,79.9,59.0,40.6,No,Startup,11700,Yes,Work Visa,Fluent,No,4,Referral,Referred,3.5,3.1,Hired
TLB2417,22,Male,Emirati,PhD,283,Hospitality,3,70.0,88.8,75.4,59.5,Yes,None,15200,No,Citizen,Native,Yes,5,LinkedIn,Not Referred,3.0,2.6,Rejected
TLB2418,20,Male,Other,Master's,413,Engineering,3,72.3,89.4,62.6,65.3,Yes,None,17400,No,Work Visa,Fluent,Yes,3,Job Portal,Not Referred,3.5,1.9,Rejected
TLB2419,40,Male,Indian,Bachelor's,334,Logistics,5,62.8,62.7,79.8,39.8,No,Tier 2,4600,No,UAE Resident,Fluent,No,0,LinkedIn,Not Referred,3.3,1.7,Rejected
TLB2420,27,Female,Indian,Bachelor's,336,Other,3,64.2,79.2,68.5,56.5,Yes,None,9900,No,UAE Resident,Intermediate,No,5,Company Website,Not Referred,2.4,2.5,Rejected
TLB2421,31,Male,Indian,Bachelor's,388,Finance,7,49.0,73.1,75.1,83.0,No,Tier 3,8700,Yes,Citizen,Native,Yes,1,Company Website,Not Referred,3.9,4.0,Hired
TLB2422,22,Male,Pakistani,Master's,1,Computer Science,3,66.5,54.9,70.8,72.5,No,Tier 3,8100,Yes,Work Visa,Native,No,1,Company Website,Not Referred,3.3,4.0,Hired
TLB2423,22,Female,British,Master's,289,Finance,10,46.8,45.3,76.9,66.9,Yes,Startup,10300,No,UAE Resident,Intermediate,Yes,2,Referral,Referred,3.8,2.2,Rejected
TLB2424,25,Male,Emirati,PhD,347,Computer Science,2,61.2,69.7,56.5,50.2,Yes,Tier 2,3200,No,Citizen,Fluent,Yes,0,LinkedIn,Not Referred,2.4,3.0,Hired
TLB2425,33,Female,Other,Bachelor's,224,Computer Science,8,55.0,50.1,46.6,82.5,Yes,None,10300,Yes,UAE Resident,Basic,Yes,7,Job Portal,Not Referred,2.7,3.2,Hired
TLB2426,26,Female,Filipino,Bachelor's,134,Finance,8,79.7,57.8,79.9,59.2,No,Tier 3,12200,Yes,UAE Resident,Fluent,No,4,Walk-in,Not Referred,2.9,2.5,Rejected
TLB2427,27,Male,Other,Master's,150,Logistics,5,88.2,59.8,84.5,66.3,No,Startup,7300,Yes,UAE Resident,Native,Yes,6,Referral,Referred,3.4,4.1,Hired
TLB2428,25,Female,British,Bachelor's,241,Computer Science,5,47.8,70.6,65.5,70.7,Yes,None,9800,No,UAE Resident,Native,Yes,0,LinkedIn,Not Referred,3.1,3.7,Hired
TLB2429,36,Female,Other,PhD,482,Computer Science,2,64.9,83.4,77.5,67.4,No,Tier 3,12100,No,UAE Resident,Fluent,Yes,1,Company Website,Not Referred,4.2,3.4,Hired
TLB2430,35,Female,Filipino,Bachelor's,605,Logistics,3,60.3,68.2,45.8,85.9,Yes,Tier 1,12500,Yes,Work Visa,Native,No,1,Referral,Referred,3.9,3.2,Hired
TLB2431,27,Female,Indian,High School,564,Computer Science,5,72.0,61.5,58.9,73.1,No,Tier 2,4600,Yes,UAE Resident,Intermediate,Yes,0,LinkedIn,Not Referred,2.7,1.8,Hired
TLB2432,34,Female,Pakistani,High School,1,Computer Science,4,66.4,43.2,68.1,69.7,No,None,15200,No,Work Visa,Native,Yes,5,LinkedIn,Not Referred,5.0,4.2,Hired
TLB2433,28,Female,Egyptian,Master's,112,Finance,9,59.2,73.5,44.4,63.8,No,Tier 3,15300,Yes,Visit Visa,Basic,No,1,LinkedIn,Not Referred,3.1,3.6,Hired
TLB2434,27,Male,Pakistani,Master's,431,Logistics,3,66.4,68.3,47.1,71.0,Yes,None,8700,No,Citizen,Fluent,No,7,Referral,Referred,4.1,3.4,Rejected
TLB2435,29,Female,Egyptian,Master's,560,Marketing,3,61.8,61.4,69.1,62.1,No,Tier 2,19600,No,UAE Resident,Intermediate,No,5,LinkedIn,Not Referred,3.0,2.5,Hired
TLB2436,33,Female,Emirati,Master's,106,Marketing,0,88.8,82.0,59.1,67.7,Yes,Tier 3,14100,No,Visit Visa,Native,No,2,Job Portal,Not Referred,3.6,2.6,Hired
TLB2437,24,Female,British,Bachelor's,336,Business,7,53.1,53.7,62.5,60.2,Yes,None,13400,Yes,UAE Resident,Native,No,2,Referral,Referred,3.9,3.5,Rejected
TLB2438,33,Female,Indian,Master's,73,Business,6,68.9,59.8,61.7,58.0,Yes,Startup,15100,No,Work Visa,Fluent,Yes,3,Referral,Referred,2.1,4.0,Hired
TLB2439,44,Male,Other,PhD,355,Hospitality,8,72.6,65.1,50.3,52.2,Yes,Tier 2,7400,No,UAE Resident,Fluent,No,4,LinkedIn,Not Referred,4.4,4.5,Hired
TLB2440,31,Female,Indian,Bachelor's,171,Logistics,8,71.6,61.3,64.2,61.2,Yes,Tier 1,10400,Yes,Work Visa,Intermediate,Yes,5,Job Portal,Not Referred,2.7,2.5,Rejected
TLB2441,30,Female,Indian,Master's,336,Business,7,60.5,74.6,66.8,60.3,No,None,14800,Yes,UAE Resident,Fluent,No,3,LinkedIn,Not Referred,3.0,3.0,Hired
TLB2442,29,Male,British,Bachelor's,57,Business,7,85.5,73.6,59.4,90.6,Yes,Startup,8400,Yes,Work Visa,Fluent,No,6,LinkedIn,Not Referred,2.8,1.4,Hired
TLB2443,32,Male,British,Bachelor's,1,Business,7,33.7,80.6,60.5,78.9,No,Tier 3,10400,Yes,UAE Resident,Basic,No,6,Company Website,Not Referred,2.8,1.1,Hired
TLB2444,20,Male,Egyptian,Bachelor's,919,Computer Science,7,48.6,74.0,64.3,63.1,Yes,Tier 3,14700,Yes,UAE Resident,Fluent,No,2,Job Portal,Not Referred,2.8,3.5,Hired
TLB2445,40,Male,Other,Master's,313,Business,0,75.0,66.6,77.7,59.1,No,Tier 2,13400,Yes,Work Visa,Native,Yes,3,Job Portal,Not Referred,2.4,2.4,Rejected
TLB2446,35,Male,Indian,High School,726,Computer Science,1,51.8,63.9,65.8,73.6,Yes,Tier 3,12100,No,UAE Resident,Fluent,No,6,Referral,Referred,3.7,1.5,Hired
TLB2447,26,Male,British,Bachelor's,601,Hospitality,0,50.9,73.5,42.0,92.2,No,Tier 2,12300,No,Work Visa,Fluent,Yes,5,Referral,Referred,3.3,2.2,Hired
TLB2448,30,Male,Indian,Master's,1,Business,9,58.0,65.7,51.5,76.2,Yes,Tier 2,11200,No,Work Visa,Fluent,Yes,7,LinkedIn,Not Referred,3.1,3.4,Hired
TLB2449,26,Female,Pakistani,Bachelor's,372,Finance,2,53.2,68.6,79.1,40.9,Yes,None,15800,No,Work Visa,Intermediate,No,0,Company Website,Not Referred,3.9,3.4,Hired
TLB2450,31,Female,Pakistani,Master's,41,Marketing,2,74.6,74.1,58.1,77.1,Yes,Tier 2,21400,Yes,Work Visa,Intermediate,No,0,Referral,Referred,4.4,1.8,Rejected
TLB2451,30,Female,Emirati,PhD,240,Logistics,5,78.6,69.7,65.8,79.6,No,None,13300,No,Visit Visa,Intermediate,No,4,Referral,Referred,2.1,4.1,Hired
TLB2452,31,Female,Filipino,Bachelor's,1,Other,0,66.3,71.7,92.0,95.8,No,Tier 3,17800,Yes,Citizen,Fluent,Yes,1,LinkedIn,Not Referred,4.3,2.5,Hired
TLB2453,23,Female,Egyptian,Bachelor's,1,Engineering,6,80.8,58.5,75.2,61.5,No,Tier 1,10000,Yes,UAE Resident,Native,Yes,5,Walk-in,Not Referred,3.2,3.3,Rejected
TLB2454,27,Female,Indian,PhD,129,Computer Science,0,44.2,84.2,39.1,66.9,Yes,Tier 2,8900,No,Work Visa,Intermediate,No,5,LinkedIn,Not Referred,2.3,3.1,Hired
TLB2455,36,Female,Other,Bachelor's,190,Hospitality,0,66.1,54.7,85.8,71.3,No,Tier 2,8500,No,Work Visa,Fluent,Yes,3,LinkedIn,Not Referred,3.5,3.1,Rejected
TLB2456,26,Male,Pakistani,High School,307,Computer Science,5,85.2,73.3,68.9,54.3,Yes,Startup,7900,Yes,UAE Resident,Fluent,No,0,Walk-in,Not Referred,3.1,2.4,Rejected
TLB2457,20,Female,Indian,PhD,92,Business,0,79.7,62.2,71.8,53.0,Yes,None,10700,No,UAE Resident,Fluent,Yes,2,Job Portal,Not Referred,3.8,3.1,Hired
TLB2458,29,Male,Filipino,Master's,329,Computer Science,9,86.5,81.0,71.0,70.6,Yes,Startup,16000,Yes,UAE Resident,Intermediate,Yes,2,Company Website,Not Referred,3.3,3.3,Hired
TLB2459,44,Male,Indian,Master's,527,Logistics,5,56.1,78.6,78.9,43.4,No,Startup,16500,No,Work Visa,Fluent,No,3,Company Website,Not Referred,3.4,2.9,Hired
TLB2460,35,Male,Emirati,Bachelor's,354,Computer Science,8,78.8,68.0,66.0,46.6,No,None,9700,Yes,UAE Resident,Basic,Yes,6,LinkedIn,Not Referred,2.9,3.2,Hired
TLB2461,26,Female,Egyptian,Master's,286,Engineering,6,58.6,86.7,47.7,76.4,No,Startup,10500,Yes,Work Visa,Fluent,Yes,5,Job Portal,Not Referred,2.5,4.0,Hired
TLB2462,29,Female,Indian,Master's,368,Engineering,4,73.9,65.8,71.2,72.0,Yes,Tier 3,12000,Yes,Work Visa,Basic,Yes,5,LinkedIn,Not Referred,3.7,2.7,Hired
TLB2463,34,Male,Indian,Master's,13,Finance,1,84.7,78.6,49.0,82.5,Yes,Startup,13100,Yes,Work Visa,Fluent,Yes,0,Walk-in,Not Referred,2.8,3.6,Rejected
TLB2464,20,Female,Egyptian,Master's,490,Business,8,53.1,59.3,90.6,71.5,Yes,Tier 3,14600,No,UAE Resident,Intermediate,No,5,LinkedIn,Not Referred,3.5,2.9,Rejected
TLB2465,24,Male,Emirati,Master's,60,Logistics,6,37.2,72.9,62.3,65.1,No,Tier 1,10200,No,Visit Visa,Fluent,No,4,Company Website,Not Referred,4.2,4.2,Hired
TLB2466,32,Female,British,Bachelor's,610,Hospitality,12,92.7,56.8,66.3,83.0,Yes,Startup,11100,No,Work Visa,Intermediate,No,4,Company Website,Not Referred,3.1,2.0,Hired
TLB2467,39,Female,British,Bachelor's,454,Engineering,7,72.3,68.2,58.2,59.1,No,Startup,18100,No,UAE Resident,Fluent,No,3,LinkedIn,Not Referred,3.7,4.1,Hired
TLB2468,27,Female,Indian,Bachelor's,411,Business,3,63.4,67.4,71.4,60.3,Yes,Tier 2,10700,Yes,UAE Resident,Intermediate,Yes,4,Referral,Referred,3.2,2.7,Rejected
TLB2469,39,Female,Pakistani,Bachelor's,420,Logistics,6,62.6,78.5,72.9,64.1,No,None,9400,No,UAE Resident,Intermediate,Yes,2,Job Portal,Not Referred,2.9,4.8,Hired
TLB2470,25,Male,Emirati,Bachelor's,299,Hospitality,6,33.6,60.0,58.2,71.3,No,Tier 1,11600,Yes,Citizen,Intermediate,No,6,LinkedIn,Not Referred,2.1,3.4,Rejected
TLB2471,20,Male,Filipino,Bachelor's,142,Engineering,9,68.1,100.0,72.9,64.1,No,Startup,12400,Yes,UAE Resident,Fluent,Yes,3,Walk-in,Not Referred,3.2,3.8,Hired
TLB2472,34,Female,Emirati,Master's,111,Business,9,57.0,51.4,67.9,44.2,No,None,5100,No,UAE Resident,Fluent,No,6,LinkedIn,Not Referred,3.1,3.0,Rejected
TLB2473,33,Female,Other,Bachelor's,650,Computer Science,4,65.8,70.8,65.8,61.3,Yes,Tier 2,10000,No,UAE Resident,Basic,Yes,7,Company Website,Not Referred,2.6,3.6,Hired
TLB2474,34,Male,Indian,High School,320,Computer Science,0,65.5,71.5,57.2,64.6,Yes,None,13900,Yes,UAE Resident,Basic,No,6,Company Website,Not Referred,1.8,3.6,Hired
TLB2475,34,Male,Egyptian,Bachelor's,77,Computer Science,0,20.0,74.5,97.1,66.6,Yes,None,21000,No,UAE Resident,Native,No,4,Referral,Referred,2.0,3.0,Hired
TLB2476,31,Male,Indian,Bachelor's,403,Computer Science,1,72.3,61.8,82.4,58.7,No,Startup,9600,No,Visit Visa,Fluent,No,3,Company Website,Not Referred,4.4,3.7,Rejected
TLB2477,28,Male,Indian,Master's,368,Computer Science,2,67.8,70.9,76.5,72.1,Yes,None,15400,Yes,UAE Resident,Native,Yes,4,Job Portal,Not Referred,3.2,1.0,Hired
TLB2478,28,Male,Pakistani,Bachelor's,234,Logistics,10,69.8,61.2,81.6,42.5,No,Startup,12800,No,Visit Visa,Fluent,No,6,Company Website,Not Referred,2.2,2.6,Hired
TLB2479,27,Male,Filipino,Bachelor's,120,Hospitality,10,62.2,90.5,70.9,70.8,No,Tier 3,17200,Yes,UAE Resident,Fluent,No,6,Company Website,Not Referred,2.8,3.1,Hired
TLB2480,27,Female,Other,Master's,447,Logistics,8,65.7,60.4,62.5,90.1,Yes,Startup,9200,Yes,UAE Resident,Intermediate,No,6,Company Website,Not Referred,3.2,3.5,Rejected
TLB2481,20,Male,Emirati,High School,489,Finance,9,67.6,66.2,32.6,56.5,Yes,Tier 3,17000,Yes,Visit Visa,Native,No,5,Referral,Referred,3.5,3.9,Hired
TLB2482,22,Male,Emirati,Bachelor's,364,Finance,2,69.1,60.0,51.2,65.8,Yes,Tier 2,18300,No,Work Visa,Intermediate,Yes,3,LinkedIn,Not Referred,3.0,2.9,Hired
TLB2483,29,Male,Indian,Master's,314,Computer Science,0,72.1,58.4,95.1,61.5,Yes,Tier 1,18500,No,Citizen,Basic,No,2,LinkedIn,Not Referred,4.6,2.8,Hired
TLB2484,20,Male,Indian,Bachelor's,143,Finance,1,69.2,51.2,82.1,61.8,Yes,Tier 2,18400,Yes,UAE Resident,Fluent,No,2,Company Website,Not Referred,4.6,3.8,Hired
TLB2485,20,Female,Other,Master's,395,Business,0,92.7,76.1,69.6,50.6,Yes,None,12900,Yes,Work Visa,Fluent,No,7,Walk-in,Not Referred,3.5,4.0,Rejected
TLB2486,27,Male,Other,Master's,173,Marketing,1,54.1,59.9,46.5,92.9,Yes,None,14600,Yes,Work Visa,Fluent,Yes,3,LinkedIn,Not Referred,2.9,3.7,Hired
TLB2487,29,Female,Other,PhD,45,Other,3,59.4,58.4,75.3,70.4,Yes,None,10100,Yes,UAE Resident,Fluent,No,3,Company Website,Not Referred,3.5,3.0,Hired
TLB2488,28,Female,Indian,High School,525,Logistics,5,90.4,56.4,63.4,55.6,Yes,Tier 2,3000,Yes,Visit Visa,Intermediate,Yes,3,LinkedIn,Not Referred,2.3,5.0,Rejected
TLB2489,20,Male,Pakistani,Master's,94,Business,5,62.7,71.7,76.1,54.0,Yes,Tier 3,13200,No,UAE Resident,Intermediate,No,2,Company Website,Not Referred,3.9,3.2,Hired
TLB2490,39,Female,Egyptian,Master's,1,Hospitality,2,79.0,68.3,52.5,65.9,No,Tier 3,11300,Yes,UAE Resident,Native,No,1,Job Portal,Not Referred,3.3,3.3,Rejected
TLB2491,21,Female,Indian,Bachelor's,561,Computer Science,6,67.0,68.3,60.6,34.7,No,Tier 2,16300,No,Visit Visa,Intermediate,No,1,Job Portal,Not Referred,2.4,4.4,Hired
TLB2492,25,Male,Egyptian,PhD,1,Computer Science,2,61.6,58.9,78.5,79.7,Yes,Tier 3,15900,No,Work Visa,Fluent,Yes,1,Job Portal,Not Referred,2.8,4.3,Rejected
TLB2493,22,Male,Indian,Bachelor's,222,Computer Science,5,79.8,73.2,92.1,57.8,No,Tier 2,7200,Yes,Citizen,Fluent,Yes,1,Job Portal,Not Referred,3.6,3.7,Rejected
TLB2494,37,Female,Indian,Master's,80,Computer Science,1,72.8,60.1,58.4,70.4,No,None,22500,No,Citizen,Basic,Yes,0,LinkedIn,Not Referred,2.0,2.4,Hired
TLB2495,32,Female,American,Bachelor's,155,Finance,8,42.0,68.8,54.0,71.1,Yes,Tier 2,13700,No,UAE Resident,Native,Yes,7,Company Website,Not Referred,2.6,3.2,Hired
TLB2496,27,Male,Indian,Bachelor's,744,Engineering,5,67.6,66.3,80.3,78.5,No,None,6200,Yes,Work Visa,Native,Yes,0,LinkedIn,Not Referred,2.9,3.5,Hired
TLB2497,26,Male,Other,Bachelor's,279,Computer Science,7,50.1,47.7,50.6,71.9,No,None,6900,Yes,Citizen,Fluent,No,0,Walk-in,Not Referred,3.9,4.7,Rejected
TLB2498,31,Male,Indian,Master's,371,Other,0,84.1,92.3,51.6,75.4,No,Startup,3000,No,UAE Resident,Fluent,No,4,Job Portal,Not Referred,4.4,5.0,Hired
TLB2499,22,Female,Emirati,Bachelor's,458,Marketing,5,91.3,74.9,70.5,79.3,Yes,Tier 2,15400,No,UAE Resident,Fluent,No,7,LinkedIn,Not Referred,3.5,2.6,Rejected
TLB2500,32,Male,Indian,High School,170,Engineering,7,93.1,70.2,94.1,60.4,Yes,Tier 2,9600,No,Citizen,Intermediate,No,5,LinkedIn,Not Referred,1.0,3.8,Rejected
TLB2501,26,Male,Indian,High School,515,Marketing,0,70.4,72.1,56.0,95.1,Yes,None,8200,Yes,UAE Resident,Fluent,Yes,1,Referral,Referred,2.4,2.4,Hired
TLB2502,33,Female,Pakistani,Master's,375,Marketing,9,58.1,92.6,62.2,69.9,Yes,Tier 1,9100,No,Citizen,Intermediate,No,4,Walk-in,Not Referred,5.0,3.0,Hired
TLB2503,32,Female,Indian,Bachelor's,450,Engineering,0,69.8,81.6,68.4,64.6,No,Tier 1,10600,Yes,UAE Resident,Native,Yes,4,LinkedIn,Not Referred,3.3,2.4,Hired
TLB2504,26,Female,Filipino,Bachelor's,155,Finance,5,50.9,72.2,60.9,53.2,No,None,14600,No,Citizen,Fluent,Yes,5,Company Website,Not Referred,1.4,4.4,Rejected
TLB2505,20,Male,American,Master's,388,Logistics,11,100.0,59.5,44.0,62.1,No,Startup,4600,Yes,Work Visa,Basic,Yes,2,Referral,Referred,4.9,3.3,Hired
TLB2506,28,Male,Indian,Bachelor's,298,Business,8,82.9,61.4,77.4,70.6,Yes,Startup,7200,No,Work Visa,Intermediate,No,3,Company Website,Not Referred,2.3,3.3,Hired
TLB2507,21,Female,Indian,Bachelor's,525,Engineering,0,69.6,46.4,69.4,66.3,Yes,Tier 2,14100,Yes,Visit Visa,Intermediate,No,7,Company Website,Not Referred,3.6,3.1,Rejected
TLB2508,30,Female,Pakistani,Bachelor's,191,Computer Science,4,80.0,63.6,71.8,90.6,Yes,Tier 3,9300,Yes,UAE Resident,Fluent,Yes,6,LinkedIn,Not Referred,2.4,3.4,Hired
TLB2509,28,Male,British,PhD,706,Logistics,9,57.6,75.9,65.2,59.5,No,None,14600,No,Work Visa,Fluent,No,2,Job Portal,Not Referred,4.7,3.4,Hired
TLB2510,26,Female,Filipino,Master's,367,Business,2,48.4,75.6,86.7,74.5,Yes,Tier 2,9800,Yes,Citizen,Intermediate,No,5,LinkedIn,Not Referred,2.2,2.6,Hired
TLB2511,22,Male,Indian,Bachelor's,274,Business,3,31.8,75.4,60.4,49.2,No,Tier 2,19100,Yes,Citizen,Intermediate,No,6,Job Portal,Not Referred,2.8,1.7,Rejected
TLB2512,37,Male,Pakistani,Bachelor's,251,Other,3,66.2,61.8,53.0,95.6,No,Tier 1,12900,Yes,Citizen,Intermediate,Yes,5,LinkedIn,Not Referred,3.9,2.0,Rejected
TLB2513,27,Male,Pakistani,Bachelor's,298,Marketing,6,61.9,74.6,88.6,48.3,Yes,Tier 3,17500,No,Work Visa,Fluent,Yes,5,Company Website,Not Referred,2.8,1.8,Hired
TLB2514,44,Male,Indian,PhD,174,Computer Science,0,72.8,77.9,38.4,94.0,No,Tier 2,14300,Yes,Work Visa,Native,Yes,6,Referral,Referred,3.5,3.3,Hired
TLB2515,30,Male,Indian,Bachelor's,433,Business,7,65.2,41.3,65.0,63.1,Yes,None,14600,No,Work Visa,Native,Yes,4,Company Website,Not Referred,3.8,2.4,Hired
TLB2516,32,Female,Other,Bachelor's,297,Business,2,72.1,71.7,66.0,33.7,Yes,Tier 2,8600,No,Work Visa,Native,No,1,LinkedIn,Not Referred,3.3,3.9,Hired
TLB2517,30,Male,Indian,Master's,688,Other,4,77.2,93.0,65.5,83.9,Yes,Tier 2,17300,No,Work Visa,Fluent,Yes,3,Company Website,Not Referred,2.4,3.3,Rejected
TLB2518,32,Male,Indian,Bachelor's,213,Engineering,4,43.1,64.5,46.8,66.2,Yes,None,13000,Yes,UAE Resident,Native,Yes,4,LinkedIn,Not Referred,2.6,1.6,Rejected
TLB2519,36,Male,Indian,Bachelor's,275,Business,7,78.0,37.7,51.6,58.7,No,None,7700,No,UAE Resident,Fluent,Yes,6,Referral,Referred,2.9,2.8,Rejected
TLB2520,36,Male,Filipino,Bachelor's,213,Marketing,4,58.9,58.2,79.5,74.0,No,Startup,3000,No,Work Visa,Intermediate,No,6,Job Portal,Not Referred,3.6,1.4,Hired
TLB2521,20,Male,Pakistani,Bachelor's,673,Engineering,10,72.8,46.2,85.0,74.3,No,None,12600,No,UAE Resident,Intermediate,Yes,1,Referral,Referred,3.8,2.2,Hired
TLB2522,35,Male,Indian,Bachelor's,10,Computer Science,8,80.3,60.4,61.6,70.8,Yes,Tier 2,18800,No,UAE Resident,Intermediate,Yes,0,Referral,Referred,3.3,2.7,Hired
TLB2523,32,Male,Pakistani,PhD,318,Logistics,2,80.4,53.3,54.9,80.9,No,Tier 3,7900,No,UAE Resident,Fluent,Yes,1,Company Website,Not Referred,3.7,2.3,Hired
TLB2524,30,Female,Egyptian,Bachelor's,362,Computer Science,9,66.9,79.2,43.8,68.5,No,Tier 2,7800,Yes,Visit Visa,Fluent,No,1,Referral,Referred,2.1,4.6,Hired
TLB2525,40,Female,Indian,Bachelor's,74,Logistics,6,67.7,77.3,79.2,74.1,Yes,Tier 3,10600,Yes,Citizen,Basic,No,2,Job Portal,Not Referred,3.4,3.7,Hired
TLB2526,40,Male,Other,Master's,828,Hospitality,5,78.4,72.1,80.0,57.7,Yes,Startup,17000,Yes,Work Visa,Fluent,No,3,Referral,Referred,3.2,2.8,Hired
TLB2527,35,Female,Indian,Master's,113,Computer Science,7,42.5,82.7,30.5,75.7,No,None,3700,Yes,Citizen,Intermediate,No,5,Walk-in,Not Referred,3.5,4.2,Hired
TLB2528,26,Female,Indian,Master's,306,Finance,1,50.7,61.2,35.5,57.8,No,Tier 1,9100,No,Citizen,Fluent,No,3,Job Portal,Not Referred,3.7,2.3,Hired
TLB2529,22,Female,Other,Master's,636,Hospitality,0,60.8,68.9,68.8,49.3,No,Tier 2,7500,Yes,UAE Resident,Intermediate,Yes,3,Referral,Referred,2.5,2.8,Hired
TLB2530,34,Female,British,Bachelor's,224,Marketing,5,45.0,94.3,70.5,62.1,No,None,14500,Yes,UAE Resident,Fluent,No,7,Referral,Referred,3.1,3.8,Hired
TLB2531,38,Female,Indian,Master's,328,Marketing,2,60.9,75.0,60.8,61.1,Yes,Tier 3,11400,Yes,UAE Resident,Intermediate,Yes,6,Company Website,Not Referred,4.1,2.2,Rejected
TLB2532,20,Female,American,High School,231,Computer Science,12,60.1,75.0,66.6,78.0,No,Tier 2,10400,No,UAE Resident,Intermediate,No,6,Job Portal,Not Referred,3.4,3.6,Hired
TLB2533,36,Female,Pakistani,Bachelor's,289,Computer Science,2,66.3,58.8,63.8,44.7,Yes,Tier 2,11200,Yes,Work Visa,Fluent,No,6,LinkedIn,Not Referred,3.1,3.3,Hired
TLB2534,28,Male,Indian,PhD,516,Finance,5,64.1,63.0,67.3,80.3,Yes,Tier 2,15500,No,UAE Resident,Intermediate,No,0,LinkedIn,Not Referred,2.3,3.6,Hired
TLB2535,20,Female,American,Master's,215,Computer Science,5,81.0,56.0,55.3,56.3,Yes,Tier 3,17000,No,Citizen,Intermediate,No,5,LinkedIn,Not Referred,3.6,4.5,Hired
TLB2536,32,Female,Egyptian,Bachelor's,1,Business,9,73.6,88.2,66.8,30.5,No,Tier 3,16600,Yes,Work Visa,Intermediate,No,3,Job Portal,Not Referred,2.2,3.5,Rejected
TLB2537,35,Female,Indian,Bachelor's,293,Engineering,1,63.9,49.3,58.2,48.1,No,Tier 3,14600,Yes,UAE Resident,Native,No,5,Job Portal,Not Referred,3.1,3.2,Rejected
TLB2538,27,Male,Filipino,PhD,312,Computer Science,0,60.0,79.0,57.1,60.7,No,Tier 3,18200,Yes,Citizen,Native,Yes,6,LinkedIn,Not Referred,2.9,1.9,Hired
TLB2539,23,Male,Indian,Bachelor's,339,Hospitality,9,64.3,75.0,42.7,71.2,No,Tier 3,7800,Yes,Citizen,Intermediate,No,0,Company Website,Not Referred,3.5,3.3,Hired
TLB2540,40,Male,Emirati,Bachelor's,263,Logistics,5,64.6,48.8,64.7,63.1,Yes,Tier 1,13700,Yes,Visit Visa,Intermediate,Yes,5,Job Portal,Not Referred,2.8,2.7,Rejected
TLB2541,25,Male,Other,Bachelor's,127,Logistics,7,100.0,81.7,77.4,48.1,Yes,Tier 1,22600,Yes,Visit Visa,Basic,No,7,Walk-in,Not Referred,3.0,3.0,Hired
TLB2542,36,Male,Pakistani,High School,250,Computer Science,7,43.1,64.9,62.8,54.1,Yes,Tier 2,3700,Yes,Citizen,Fluent,Yes,4,LinkedIn,Not Referred,2.6,2.7,Hired
TLB2543,20,Male,Filipino,Bachelor's,653,Engineering,8,51.1,52.1,62.4,48.3,Yes,None,9600,Yes,Work Visa,Intermediate,No,5,Referral,Referred,3.0,3.5,Hired
TLB2544,32,Male,Filipino,PhD,291,Logistics,3,48.9,72.4,83.3,68.6,Yes,Startup,7300,No,Citizen,Intermediate,No,0,Referral,Referred,3.4,2.3,Hired
TLB2545,32,Male,Filipino,Bachelor's,430,Engineering,2,69.0,58.1,80.3,63.7,No,Tier 1,13300,No,UAE Resident,Intermediate,No,6,Company Website,Not Referred,3.0,3.3,Rejected
TLB2546,35,Male,Indian,Bachelor's,93,Finance,0,68.4,65.5,89.5,73.6,No,Tier 3,18500,No,Work Visa,Intermediate,No,7,LinkedIn,Not Referred,3.0,2.3,Hired
TLB2547,38,Female,Other,Master's,241,Marketing,1,56.4,61.9,96.3,40.2,No,Tier 3,14400,No,Work Visa,Native,No,2,LinkedIn,Not Referred,3.3,1.7,Hired
TLB2548,25,Male,Filipino,Bachelor's,99,Business,5,78.4,57.5,67.8,57.5,Yes,Tier 3,11000,No,UAE Resident,Intermediate,No,3,Job Portal,Not Referred,3.9,2.8,Hired
TLB2549,33,Male,Egyptian,Master's,558,Business,2,70.5,53.7,52.0,93.4,No,Startup,14500,No,UAE Resident,Intermediate,Yes,4,Company Website,Not Referred,3.7,3.5,Hired
TLB2550,21,Male,Pakistani,Master's,1,Finance,1,79.1,77.6,60.2,74.0,No,None,10700,Yes,UAE Resident,Fluent,No,1,LinkedIn,Not Referred,2.3,2.5,Rejected
TLB2551,21,Male,Indian,Bachelor's,374,Computer Science,5,83.1,71.9,74.4,60.9,Yes,Tier 1,12900,Yes,UAE Resident,Fluent,No,0,Referral,Referred,3.7,3.2,Hired
TLB2552,26,Male,Emirati,Master's,368,Logistics,9,33.0,71.1,85.7,51.2,Yes,Tier 3,14800,Yes,UAE Resident,Intermediate,No,0,LinkedIn,Not Referred,4.2,2.8,Hired
TLB2553,32,Female,Indian,Master's,355,Marketing,4,75.3,63.6,53.4,80.5,Yes,Tier 3,19900,Yes,UAE Resident,Native,No,1,Referral,Referred,3.7,2.3,Rejected
TLB2554,40,Female,Indian,Master's,1,Computer Science,1,45.6,68.6,70.3,86.5,No,Tier 3,14000,No,Visit Visa,Fluent,No,6,Referral,Referred,1.5,3.5,Hired
TLB2555,41,Male,Egyptian,Master's,1,Finance,9,68.7,59.2,56.7,48.9,No,Tier 2,13000,Yes,Work Visa,Intermediate,Yes,5,LinkedIn,Not Referred,3.4,2.6,Hired
TLB2556,27,Female,American,Bachelor's,323,Engineering,2,63.9,59.0,65.1,50.2,No,Tier 3,21200,No,Work Visa,Basic,Yes,4,LinkedIn,Not Referred,4.2,3.4,Hired
TLB2557,31,Male,Indian,Master's,115,Business,10,64.5,88.5,64.9,68.9,Yes,Tier 1,3200,No,UAE Resident,Intermediate,No,0,Job Portal,Not Referred,2.9,1.9,Hired
TLB2558,35,Male,Indian,Master's,171,Other,4,46.9,78.6,72.0,70.2,Yes,Startup,11600,Yes,Visit Visa,Fluent,Yes,2,Job Portal,Not Referred,5.0,3.2,Hired
TLB2559,34,Male,Egyptian,Bachelor's,215,Finance,5,80.5,61.3,93.4,71.8,No,Startup,8700,Yes,UAE Resident,Native,Yes,7,LinkedIn,Not Referred,1.7,3.6,Hired
TLB2560,28,Male,Indian,Master's,89,Marketing,10,45.6,50.0,73.2,90.8,Yes,Tier 2,10900,Yes,UAE Resident,Fluent,Yes,4,Company Website,Not Referred,3.3,3.4,Hired
TLB2561,30,Female,Other,Bachelor's,54,Logistics,0,76.3,47.6,61.4,51.4,No,None,14700,No,Work Visa,Fluent,No,0,LinkedIn,Not Referred,3.7,3.8,Hired
TLB2562,29,Female,Indian,Bachelor's,299,Marketing,1,43.5,60.4,59.3,65.6,No,None,16400,No,Citizen,Intermediate,No,7,Job Portal,Not Referred,3.3,3.6,Rejected
TLB2563,28,Female,Indian,Master's,1,Engineering,3,64.7,69.3,64.5,75.1,No,Tier 3,9700,No,Citizen,Fluent,Yes,4,Job Portal,Not Referred,3.3,3.3,Hired
TLB2564,27,Male,Indian,Bachelor's,198,Business,4,92.1,69.4,55.7,74.9,Yes,None,15000,Yes,Visit Visa,Native,Yes,3,Company Website,Not Referred,2.5,3.8,Hired
TLB2565,29,Female,Other,Bachelor's,166,Computer Science,14,100.0,69.8,68.8,55.9,No,None,8000,No,Work Visa,Intermediate,No,4,Company Website,Not Referred,2.8,2.8,Hired
TLB2566,27,Male,Indian,Bachelor's,295,Engineering,1,40.7,72.0,35.7,56.5,No,Tier 1,6200,No,Work Visa,Native,No,3,Referral,Referred,3.6,3.5,Rejected
TLB2567,23,Male,Egyptian,Master's,777,Engineering,0,54.4,55.5,64.3,58.6,No,Tier 3,12300,Yes,Work Visa,Native,No,5,LinkedIn,Not Referred,1.7,3.1,Hired
TLB2568,35,Male,Indian,Bachelor's,103,Hospitality,1,57.2,86.1,65.3,88.8,No,Tier 3,11000,No,UAE Resident,Fluent,Yes,2,Referral,Referred,3.8,4.6,Hired
TLB2569,33,Female,Indian,Master's,381,Engineering,5,98.8,65.6,51.9,51.3,No,Startup,18700,No,UAE Resident,Native,No,2,LinkedIn,Not Referred,3.1,3.3,Hired
TLB2570,41,Female,American,Master's,344,Marketing,6,64.0,71.5,62.0,60.5,Yes,None,21600,No,Citizen,Fluent,Yes,1,Company Website,Not Referred,3.6,2.1,Rejected
TLB2571,32,Male,Indian,Bachelor's,411,Logistics,2,81.1,60.1,81.6,75.9,Yes,Tier 3,9300,Yes,Citizen,Basic,No,1,Referral,Referred,3.8,3.3,Hired
TLB2572,27,Male,Emirati,PhD,257,Other,5,69.5,71.7,82.5,49.8,No,Tier 1,3800,Yes,UAE Resident,Intermediate,No,7,LinkedIn,Not Referred,5.0,2.3,Hired
TLB2573,26,Female,Pakistani,Master's,588,Business,11,47.0,92.9,60.1,68.6,Yes,Tier 3,5800,Yes,UAE Resident,Intermediate,Yes,1,Company Website,Not Referred,4.2,3.7,Hired
TLB2574,30,Female,American,Bachelor's,437,Other,5,37.1,56.1,73.8,38.4,Yes,Startup,8200,Yes,UAE Resident,Intermediate,Yes,1,Job Portal,Not Referred,2.4,3.7,Hired
TLB2575,33,Male,Indian,PhD,440,Logistics,6,55.8,54.6,47.5,67.7,No,Tier 2,12900,No,UAE Resident,Native,Yes,3,Company Website,Not Referred,4.7,2.6,Hired
TLB2576,28,Female,Indian,Bachelor's,17,Computer Science,11,99.8,57.6,63.1,65.7,No,Tier 1,10800,Yes,UAE Resident,Intermediate,Yes,0,Company Website,Not Referred,1.3,2.3,Rejected
TLB2577,21,Female,Other,High School,319,Business,2,68.9,64.0,70.0,67.3,No,Tier 2,6300,Yes,Work Visa,Fluent,No,3,Job Portal,Not Referred,2.9,3.2,Rejected
TLB2578,25,Female,Egyptian,Bachelor's,198,Business,2,80.8,61.7,86.9,52.8,Yes,Startup,20000,Yes,UAE Resident,Native,Yes,1,LinkedIn,Not Referred,3.3,2.4,Hired
TLB2579,30,Male,American,Bachelor's,127,Finance,3,43.7,55.5,82.5,68.2,No,Tier 1,15000,Yes,UAE Resident,Fluent,Yes,2,Company Website,Not Referred,3.0,2.4,Rejected
TLB2580,34,Female,Egyptian,Bachelor's,174,Marketing,3,60.1,67.4,69.7,64.5,Yes,Tier 2,19900,Yes,UAE Resident,Fluent,No,1,Referral,Referred,3.4,2.7,Rejected
TLB2581,21,Male,Egyptian,Bachelor's,288,Engineering,0,76.7,86.7,55.2,83.2,Yes,Tier 1,3900,Yes,Visit Visa,Native,No,6,LinkedIn,Not Referred,3.1,3.6,Hired
TLB2582,31,Female,Indian,Bachelor's,391,Hospitality,5,48.6,66.2,84.7,73.9,Yes,Tier 3,17700,No,UAE Resident,Fluent,Yes,3,Walk-in,Not Referred,4.1,1.9,Hired
TLB2583,31,Male,Indian,Bachelor's,496,Business,5,64.0,66.8,62.6,44.7,Yes,Tier 1,11300,Yes,UAE Resident,Fluent,Yes,0,Referral,Referred,2.9,2.5,Hired
TLB2584,27,Male,Egyptian,High School,486,Engineering,4,51.8,72.1,72.8,53.3,Yes,Tier 1,10200,Yes,Work Visa,Fluent,Yes,7,Referral,Referred,3.1,5.0,Rejected
TLB2585,26,Male,Egyptian,Master's,358,Logistics,5,77.4,75.8,65.4,56.4,Yes,Startup,12100,Yes,Visit Visa,Native,Yes,7,LinkedIn,Not Referred,4.4,4.7,Hired
TLB2586,25,Male,Other,Bachelor's,311,Other,5,71.0,84.5,92.9,67.5,Yes,Tier 2,8900,Yes,UAE Resident,Intermediate,Yes,1,Walk-in,Not Referred,3.9,4.1,Hired
TLB2587,30,Male,Filipino,Bachelor's,235,Hospitality,0,75.3,70.9,59.1,62.6,No,Tier 2,11400,Yes,Work Visa,Fluent,No,0,Job Portal,Not Referred,3.1,3.1,Hired
TLB2588,36,Male,Indian,Bachelor's,250,Business,6,78.1,68.0,78.9,62.6,Yes,Tier 3,16300,No,UAE Resident,Intermediate,No,1,LinkedIn,Not Referred,3.5,3.7,Rejected
TLB2589,37,Male,Pakistani,Bachelor's,143,Computer Science,6,61.6,56.1,65.9,100.0,Yes,Tier 1,3200,Yes,Work Visa,Fluent,Yes,2,Company Website,Not Referred,4.5,2.8,Hired
TLB2590,23,Male,Filipino,Master's,214,Business,0,80.0,76.9,74.4,57.8,No,Tier 1,18700,No,UAE Resident,Fluent,Yes,3,LinkedIn,Not Referred,2.2,1.0,Rejected
TLB2591,28,Female,Pakistani,Bachelor's,370,Engineering,10,56.2,57.9,88.1,84.5,No,Tier 3,13800,No,Citizen,Intermediate,Yes,6,Job Portal,Not Referred,2.4,2.6,Rejected
TLB2592,20,Female,British,High School,608,Business,0,74.4,57.5,40.9,62.9,No,Tier 2,11500,No,Citizen,Intermediate,Yes,7,Referral,Referred,2.8,2.7,Hired
TLB2593,30,Female,Filipino,Master's,270,Other,1,35.4,70.3,66.1,34.5,No,Tier 3,16200,No,Visit Visa,Native,No,6,LinkedIn,Not Referred,3.4,3.1,Rejected
TLB2594,33,Male,Emirati,Bachelor's,138,Finance,5,53.8,86.5,55.4,67.7,Yes,None,13600,No,Citizen,Fluent,No,7,Company Website,Not Referred,3.9,3.5,Rejected
TLB2595,39,Male,Filipino,High School,493,Engineering,6,99.7,76.7,72.8,80.7,No,Tier 3,9800,Yes,UAE Resident,Intermediate,Yes,0,Walk-in,Not Referred,2.7,4.4,Hired
TLB2596,20,Female,Filipino,Master's,1,Business,7,74.2,67.5,76.0,73.9,No,Tier 3,8500,Yes,Work Visa,Fluent,Yes,7,Referral,Referred,2.5,3.1,Hired
TLB2597,23,Male,Other,Master's,508,Engineering,6,74.2,56.2,60.9,68.6,Yes,None,18700,No,UAE Resident,Fluent,Yes,5,LinkedIn,Not Referred,2.3,2.3,Hired
TLB2598,30,Male,Pakistani,Master's,13,Engineering,3,52.6,86.3,60.2,65.3,No,Tier 3,5300,Yes,UAE Resident,Fluent,Yes,1,Walk-in,Not Referred,2.5,2.9,Hired
TLB2599,20,Female,Filipino,Bachelor's,431,Finance,5,48.6,67.3,69.6,58.1,No,Startup,11100,No,Work Visa,Intermediate,No,7,LinkedIn,Not Referred,2.7,3.6,Rejected
TLB2600,31,Female,Pakistani,Bachelor's,204,Computer Science,3,61.0,64.5,50.4,77.5,Yes,Tier 3,5700,Yes,Work Visa,Fluent,No,5,Referral,Referred,1.7,3.0,Hired
TLB2601,33,Male,Pakistani,Bachelor's,364,Logistics,5,64.0,74.7,71.3,58.9,Yes,Tier 3,14200,Yes,Work Visa,Basic,Yes,6,Company Website,Not Referred,2.8,2.5,Hired
TLB2602,22,Female,Emirati,High School,716,Computer Science,5,93.7,62.6,56.4,56.0,Yes,None,11600,No,Citizen,Intermediate,Yes,5,LinkedIn,Not Referred,2.5,3.5,Rejected
TLB2603,30,Male,Other,Bachelor's,132,Business,3,80.3,59.0,76.5,70.7,No,Tier 1,6400,No,Work Visa,Intermediate,No,6,LinkedIn,Not Referred,3.1,2.2,Rejected
TLB2604,22,Female,Other,PhD,99,Other,3,66.6,60.1,49.9,60.8,No,None,8100,Yes,Citizen,Fluent,No,0,LinkedIn,Not Referred,4.4,2.4,Rejected
TLB2605,38,Male,Pakistani,Master's,315,Business,0,66.0,60.1,59.6,82.9,Yes,Tier 3,12200,Yes,Citizen,Intermediate,Yes,4,LinkedIn,Not Referred,2.1,3.4,Hired
TLB2606,31,Male,Filipino,Bachelor's,605,Computer Science,7,76.4,54.5,57.2,71.5,Yes,Tier 3,13300,No,Visit Visa,Native,No,5,Company Website,Not Referred,3.9,2.5,Hired
TLB2607,26,Female,Emirati,Bachelor's,335,Finance,6,45.2,53.1,63.1,54.1,No,Tier 3,3300,No,UAE Resident,Fluent,No,6,Job Portal,Not Referred,4.4,2.8,Rejected
TLB2608,22,Male,Filipino,Master's,308,Engineering,0,36.2,79.7,84.9,49.0,No,Tier 2,8800,Yes,Work Visa,Fluent,Yes,5,LinkedIn,Not Referred,3.9,3.1,Hired
TLB2609,32,Female,Pakistani,Bachelor's,333,Computer Science,7,76.2,76.0,78.0,57.0,No,Tier 1,12700,No,Work Visa,Intermediate,No,1,Job Portal,Not Referred,3.4,3.1,Hired
TLB2610,38,Male,Egyptian,Bachelor's,99,Computer Science,4,66.1,58.1,60.8,97.7,Yes,None,17400,Yes,Citizen,Intermediate,No,5,Referral,Referred,4.1,2.3,Hired
TLB2611,25,Female,Emirati,Bachelor's,335,Computer Science,1,45.3,78.7,60.8,61.7,Yes,Tier 3,15800,Yes,UAE Resident,Basic,Yes,1,LinkedIn,Not Referred,3.6,3.4,Rejected
TLB2612,27,Female,Egyptian,Master's,221,Marketing,1,33.6,71.7,78.5,75.6,Yes,None,10000,Yes,UAE Resident,Fluent,No,1,Company Website,Not Referred,4.0,2.4,Rejected
TLB2613,25,Male,Indian,Master's,564,Business,2,78.4,64.1,51.9,46.7,No,Tier 2,16500,Yes,UAE Resident,Intermediate,No,4,LinkedIn,Not Referred,3.3,4.4,Hired
TLB2614,39,Female,Egyptian,High School,459,Hospitality,1,57.2,53.3,67.3,49.8,No,Tier 2,10600,Yes,UAE Resident,Intermediate,Yes,2,Company Website,Not Referred,2.5,2.8,Rejected
TLB2615,20,Male,Filipino,Bachelor's,35,Logistics,2,71.0,72.1,59.1,62.4,No,Tier 2,3000,Yes,Visit Visa,Intermediate,No,2,Referral,Referred,4.0,3.6,Rejected
TLB2616,37,Male,Indian,Master's,243,Computer Science,10,61.0,90.4,64.8,88.8,Yes,Tier 2,18500,No,UAE Resident,Intermediate,Yes,4,Company Website,Not Referred,5.0,3.7,Rejected
TLB2617,27,Male,Pakistani,Bachelor's,405,Business,6,64.5,68.2,77.5,46.9,Yes,Tier 3,14100,Yes,UAE Resident,Fluent,Yes,1,Walk-in,Not Referred,3.0,2.8,Hired
TLB2618,29,Female,American,Master's,103,Computer Science,12,56.1,80.0,58.3,56.2,No,None,12800,No,Work Visa,Intermediate,No,1,LinkedIn,Not Referred,3.2,2.3,Rejected
TLB2619,27,Female,Filipino,Bachelor's,84,Business,5,63.9,65.5,79.7,77.6,Yes,None,12000,Yes,UAE Resident,Intermediate,No,3,Walk-in,Not Referred,3.3,3.7,Rejected
TLB2620,31,Female,Emirati,Master's,207,Business,7,73.7,79.1,95.6,87.3,Yes,Tier 3,13400,No,UAE Resident,Intermediate,Yes,1,LinkedIn,Not Referred,2.2,2.0,Hired
TLB2621,25,Female,Pakistani,PhD,368,Hospitality,1,60.9,66.2,74.9,71.1,Yes,Tier 2,12000,No,Work Visa,Fluent,No,5,LinkedIn,Not Referred,2.6,2.1,Hired
TLB2622,36,Female,Indian,Bachelor's,507,Business,4,60.0,39.1,65.9,74.5,No,Tier 3,10700,No,Work Visa,Fluent,Yes,5,LinkedIn,Not Referred,3.4,3.6,Rejected
TLB2623,36,Male,Filipino,Bachelor's,346,Engineering,4,74.1,59.3,82.0,52.4,Yes,Tier 3,9100,Yes,Citizen,Fluent,Yes,7,Job Portal,Not Referred,3.1,2.9,Hired
TLB2624,24,Female,Filipino,Master's,792,Finance,7,75.1,69.6,52.6,46.5,Yes,Startup,12300,Yes,Work Visa,Fluent,No,1,Company Website,Not Referred,3.2,2.5,Rejected
TLB2625,34,Male,Emirati,Bachelor's,164,Logistics,4,47.9,81.0,86.8,49.0,No,Tier 3,8000,Yes,Citizen,Fluent,No,5,Walk-in,Not Referred,3.2,2.7,Hired
TLB2626,27,Male,Filipino,High School,448,Business,6,64.6,66.2,57.2,52.8,No,Tier 1,6900,No,UAE Resident,Intermediate,No,0,Job Portal,Not Referred,3.1,2.5,Hired
TLB2627,30,Male,Egyptian,Bachelor's,78,Business,6,57.1,68.4,95.2,68.2,Yes,Tier 1,13200,No,Visit Visa,Native,No,4,Referral,Referred,2.7,4.8,Hired
TLB2628,39,Male,Egyptian,Master's,622,Other,3,65.2,61.0,57.7,47.9,Yes,None,16400,No,Work Visa,Native,No,1,Job Portal,Not Referred,3.5,3.9,Hired
TLB2629,25,Male,Emirati,Bachelor's,571,Business,3,86.5,86.7,75.6,68.5,Yes,Startup,8400,No,Work Visa,Fluent,Yes,5,Walk-in,Not Referred,3.4,2.4,Rejected
TLB2630,35,Male,Indian,Master's,442,Finance,2,70.4,86.0,46.7,60.6,Yes,None,9200,Yes,UAE Resident,Fluent,No,0,Job Portal,Not Referred,2.6,2.8,Hired
TLB2631,32,Male,Pakistani,Bachelor's,1,Finance,8,97.5,59.9,64.2,57.1,Yes,Tier 2,4400,Yes,UAE Resident,Fluent,No,0,Company Website,Not Referred,3.5,3.6,Rejected
TLB2632,28,Male,Indian,Bachelor's,440,Marketing,3,68.3,49.8,53.0,77.4,Yes,Tier 3,6100,Yes,UAE Resident,Intermediate,No,2,Job Portal,Not Referred,2.8,2.3,Rejected
TLB2633,32,Female,Pakistani,High School,136,Business,6,62.5,46.3,48.3,51.6,Yes,Tier 2,6200,Yes,Visit Visa,Basic,No,2,LinkedIn,Not Referred,3.7,2.7,Hired
TLB2634,31,Female,Emirati,Master's,390,Computer Science,4,64.7,75.2,82.7,85.1,No,None,16400,No,Visit Visa,Fluent,Yes,6,Walk-in,Not Referred,3.2,2.9,Rejected
TLB2635,23,Male,Indian,Bachelor's,9,Engineering,8,67.1,69.6,51.0,76.6,No,Tier 2,4200,No,UAE Resident,Fluent,No,1,Walk-in,Not Referred,3.5,2.4,Hired
TLB2636,26,Male,Egyptian,Bachelor's,353,Marketing,0,69.8,58.6,57.4,51.1,No,Startup,14100,No,Work Visa,Intermediate,No,6,Company Website,Not Referred,3.3,4.0,Hired
TLB2637,23,Male,Indian,Bachelor's,229,Hospitality,6,50.1,71.3,55.9,81.8,No,Tier 2,10800,Yes,Work Visa,Fluent,No,3,LinkedIn,Not Referred,3.2,2.5,Hired
TLB2638,28,Male,Egyptian,Bachelor's,144,Finance,0,61.5,53.2,81.8,49.5,No,Tier 1,14700,Yes,Work Visa,Intermediate,Yes,0,LinkedIn,Not Referred,3.4,3.0,Rejected
TLB2639,38,Female,Emirati,Bachelor's,418,Other,6,54.1,77.5,80.2,83.1,No,Tier 2,17200,Yes,UAE Resident,Intermediate,No,7,Walk-in,Not Referred,3.8,3.2,Hired
TLB2640,33,Male,Filipino,High School,289,Other,4,80.4,63.4,83.5,69.7,Yes,Tier 3,11900,Yes,Citizen,Intermediate,No,4,Job Portal,Not Referred,3.3,4.4,Hired
TLB2641,21,Female,Indian,Bachelor's,259,Finance,0,36.1,55.0,56.8,42.9,Yes,None,17100,Yes,Work Visa,Native,No,6,Job Portal,Not Referred,3.3,3.0,Hired
TLB2642,28,Female,British,PhD,447,Computer Science,6,67.4,63.6,84.5,46.9,Yes,None,19000,Yes,Work Visa,Basic,No,0,Walk-in,Not Referred,3.0,4.8,Hired
TLB2643,31,Male,British,High School,680,Engineering,5,42.2,63.2,56.7,59.3,No,Tier 3,18100,No,Work Visa,Basic,Yes,3,Company Website,Not Referred,1.9,2.8,Hired
TLB2644,34,Female,Indian,Bachelor's,355,Marketing,4,71.5,72.4,57.2,77.1,Yes,Tier 3,9000,Yes,Work Visa,Native,No,1,Job Portal,Not Referred,3.2,2.9,Rejected
TLB2645,26,Male,Filipino,Bachelor's,1,Marketing,4,59.0,82.0,57.9,62.6,Yes,Startup,3100,No,UAE Resident,Fluent,No,4,LinkedIn,Not Referred,2.3,3.8,Hired
TLB2646,22,Female,Indian,Bachelor's,1,Business,5,37.7,81.4,58.4,62.3,Yes,Tier 1,11400,No,Citizen,Fluent,No,6,LinkedIn,Not Referred,2.8,4.6,Rejected
TLB2647,29,Female,Filipino,Master's,313,Marketing,9,79.1,69.9,65.8,65.6,Yes,None,12800,No,UAE Resident,Fluent,Yes,6,Company Website,Not Referred,2.6,2.9,Hired
TLB2648,33,Female,Emirati,Bachelor's,505,Business,3,27.3,65.8,56.1,37.1,Yes,Startup,3200,No,Visit Visa,Basic,Yes,7,Referral,Referred,2.7,4.1,Rejected
TLB2649,31,Female,Pakistani,Bachelor's,326,Business,8,64.5,61.2,70.0,76.5,No,Tier 3,12300,No,Citizen,Fluent,No,2,Referral,Referred,2.7,3.8,Rejected
TLB2650,24,Female,Indian,Master's,402,Logistics,4,75.4,46.8,33.1,83.8,Yes,Tier 1,3000,No,Work Visa,Fluent,Yes,2,Job Portal,Not Referred,3.5,2.5,Hired
TLB2651,40,Female,Other,Bachelor's,288,Engineering,9,85.7,67.8,70.0,76.1,Yes,Tier 2,19000,Yes,Work Visa,Native,No,6,LinkedIn,Not Referred,3.4,3.1,Hired
TLB2652,29,Male,Pakistani,PhD,492,Marketing,4,40.8,57.8,52.8,59.1,No,Tier 2,14100,Yes,UAE Resident,Intermediate,No,6,Job Portal,Not Referred,3.3,3.1,Rejected
TLB2653,31,Female,Filipino,PhD,423,Marketing,2,57.3,82.6,58.3,52.6,No,None,8300,No,UAE Resident,Intermediate,Yes,2,LinkedIn,Not Referred,4.0,2.3,Rejected
TLB2654,26,Female,Indian,Bachelor's,96,Marketing,1,81.3,65.6,58.6,49.9,No,Tier 3,12600,Yes,Work Visa,Intermediate,Yes,2,Job Portal,Not Referred,5.0,3.2,Hired
TLB2655,36,Male,Indian,Bachelor's,389,Business,4,82.3,77.0,79.3,49.1,No,Tier 3,13100,Yes,UAE Resident,Intermediate,Yes,1,LinkedIn,Not Referred,3.6,3.2,Rejected
TLB2656,33,Female,Indian,Bachelor's,1,Marketing,2,84.2,62.2,73.6,96.7,Yes,Tier 3,14200,Yes,UAE Resident,Native,Yes,6,Job Portal,Not Referred,3.8,3.4,Hired
TLB2657,31,Male,Other,Bachelor's,389,Business,9,100.0,59.9,64.8,63.9,Yes,Startup,12300,No,Citizen,Intermediate,Yes,0,Company Website,Not Referred,3.4,3.2,Rejected
TLB2658,23,Male,British,Bachelor's,243,Finance,1,57.4,75.3,57.7,77.7,No,Tier 2,16300,No,UAE Resident,Fluent,No,4,Referral,Referred,3.7,2.6,Rejected
TLB2659,36,Male,Indian,Bachelor's,332,Computer Science,2,70.6,71.3,77.2,76.9,Yes,Tier 1,6300,Yes,UAE Resident,Fluent,No,3,LinkedIn,Not Referred,2.1,5.0,Rejected
TLB2660,34,Male,Egyptian,Bachelor's,364,Other,7,59.8,71.9,90.3,67.0,Yes,Startup,11400,Yes,UAE Resident,Intermediate,No,4,LinkedIn,Not Referred,1.3,3.3,Hired
TLB2661,36,Female,Pakistani,Bachelor's,356,Hospitality,9,35.4,66.9,66.6,52.0,No,Tier 2,20000,Yes,Work Visa,Basic,No,7,Referral,Referred,1.7,4.1,Hired
TLB2662,30,Male,Emirati,Bachelor's,583,Engineering,7,63.6,77.5,46.2,72.3,Yes,Tier 2,10400,No,UAE Resident,Intermediate,No,6,LinkedIn,Not Referred,2.8,3.5,Hired
TLB2663,29,Male,Pakistani,PhD,306,Business,8,35.1,75.7,57.9,49.8,Yes,Tier 3,13100,Yes,Visit Visa,Intermediate,Yes,7,LinkedIn,Not Referred,4.2,4.3,Hired
TLB2664,28,Male,Indian,Master's,337,Engineering,4,57.2,41.9,74.3,73.4,No,Tier 2,7500,Yes,Work Visa,Fluent,No,5,Job Portal,Not Referred,3.4,2.5,Hired
TLB2665,43,Male,Indian,High School,565,Finance,4,43.0,64.9,61.2,50.5,Yes,None,21700,Yes,UAE Resident,Native,Yes,3,LinkedIn,Not Referred,2.9,3.0,Hired
TLB2666,26,Female,Egyptian,Master's,679,Finance,12,71.6,80.2,55.8,58.9,Yes,None,13300,Yes,UAE Resident,Fluent,No,7,LinkedIn,Not Referred,3.6,2.7,Hired
TLB2667,22,Female,Indian,Bachelor's,296,Finance,10,53.3,55.8,55.3,58.9,No,None,6300,No,UAE Resident,Intermediate,No,4,Referral,Referred,3.4,2.6,Hired
TLB2668,27,Male,Other,Master's,197,Logistics,7,38.2,47.7,68.2,84.6,Yes,None,16900,Yes,Visit Visa,Intermediate,Yes,2,Referral,Referred,2.3,3.3,Hired
TLB2669,26,Male,Egyptian,Bachelor's,207,Engineering,8,78.0,66.3,47.1,30.9,No,Tier 2,7200,Yes,UAE Resident,Intermediate,No,6,Company Website,Not Referred,3.5,2.9,Hired
TLB2670,37,Male,American,Master's,390,Finance,8,55.9,74.2,66.5,97.6,Yes,Tier 2,15100,Yes,UAE Resident,Fluent,No,7,Company Website,Not Referred,3.8,2.0,Hired
TLB2671,21,Female,Filipino,High School,259,Engineering,0,58.5,62.5,68.2,53.7,Yes,Startup,16600,No,UAE Resident,Fluent,No,3,Company Website,Not Referred,4.7,2.9,Rejected
TLB2672,26,Male,American,Bachelor's,1,Finance,4,50.3,83.5,61.2,63.3,No,Tier 1,21100,Yes,UAE Resident,Native,No,6,Referral,Referred,3.1,2.8,Hired
TLB2673,31,Male,Indian,PhD,524,Engineering,10,82.2,90.1,53.4,70.8,Yes,None,13000,Yes,Work Visa,Intermediate,No,3,Referral,Referred,4.4,3.8,Hired
TLB2674,37,Male,Pakistani,Bachelor's,463,Hospitality,7,69.1,44.9,80.2,69.6,No,Tier 1,12200,No,UAE Resident,Basic,Yes,3,LinkedIn,Not Referred,2.9,1.9,Hired
TLB2675,34,Female,Pakistani,Bachelor's,529,Computer Science,4,55.8,63.4,49.7,76.8,No,Tier 3,3000,No,Citizen,Fluent,Yes,4,Job Portal,Not Referred,4.8,2.7,Rejected
TLB2676,39,Male,Other,Master's,568,Business,10,36.3,40.6,69.2,73.5,Yes,Startup,9900,Yes,UAE Resident,Intermediate,No,4,Referral,Referred,2.8,2.5,Hired
TLB2677,32,Male,Indian,Master's,338,Business,6,100.0,75.9,76.5,93.5,No,None,8800,No,Work Visa,Intermediate,Yes,7,Job Portal,Not Referred,3.6,3.7,Rejected
TLB2678,28,Female,Filipino,Master's,352,Other,7,94.7,59.8,69.1,75.2,Yes,Tier 3,11200,No,Work Visa,Fluent,Yes,7,Company Website,Not Referred,3.4,2.7,Hired
TLB2679,35,Female,Egyptian,Master's,501,Engineering,6,86.6,62.3,83.0,63.4,No,Tier 3,9700,No,UAE Resident,Fluent,Yes,6,Company Website,Not Referred,4.2,3.9,Hired
TLB2680,21,Male,Indian,Master's,56,Engineering,6,54.5,81.8,52.2,57.3,No,Tier 2,15500,Yes,Work Visa,Fluent,No,4,Company Website,Not Referred,4.1,3.1,Rejected
TLB2681,20,Female,American,Bachelor's,229,Engineering,7,57.5,52.1,56.7,56.9,Yes,Tier 3,9500,No,Citizen,Basic,Yes,0,Walk-in,Not Referred,2.5,3.5,Hired
TLB2682,35,Female,Indian,Bachelor's,288,Engineering,9,71.0,49.0,61.0,83.1,No,Startup,14100,No,Visit Visa,Native,Yes,2,Referral,Referred,3.0,4.0,Rejected
TLB2683,31,Male,Indian,Master's,484,Logistics,10,51.6,40.7,100.0,89.6,Yes,Tier 3,11500,Yes,Citizen,Fluent,Yes,1,Referral,Referred,4.7,2.1,Hired
TLB2684,35,Female,Filipino,Master's,192,Other,3,50.2,83.2,73.6,79.1,No,Startup,9200,Yes,Work Visa,Fluent,No,0,Job Portal,Not Referred,3.3,2.9,Rejected
TLB2685,24,Male,Pakistani,Bachelor's,157,Logistics,6,86.9,80.5,76.0,20.7,Yes,Tier 1,8800,Yes,UAE Resident,Intermediate,Yes,5,Company Website,Not Referred,3.8,3.4,Hired
TLB2686,37,Female,Emirati,Bachelor's,213,Logistics,9,64.2,64.5,75.5,33.5,Yes,Tier 2,13000,No,Citizen,Fluent,Yes,2,Referral,Referred,2.5,3.3,Hired
TLB2687,34,Male,Emirati,Master's,393,Business,4,48.2,52.7,68.0,64.9,Yes,None,18200,Yes,UAE Resident,Basic,No,0,LinkedIn,Not Referred,3.0,2.1,Hired
TLB2688,29,Female,Indian,Bachelor's,286,Business,0,79.3,78.0,80.6,62.7,Yes,Tier 2,8700,No,Work Visa,Fluent,Yes,1,LinkedIn,Not Referred,2.7,3.7,Rejected
TLB2689,31,Male,Egyptian,High School,9,Marketing,1,56.4,100.0,42.7,65.3,Yes,Tier 3,12200,No,Visit Visa,Basic,No,0,Job Portal,Not Referred,3.8,3.1,Hired
TLB2690,32,Male,Other,Master's,49,Finance,2,35.3,65.2,70.6,82.5,Yes,Tier 3,14200,Yes,Citizen,Intermediate,No,1,LinkedIn,Not Referred,3.7,3.2,Rejected
TLB2691,24,Female,Pakistani,Bachelor's,327,Business,3,48.0,53.6,72.6,81.8,No,None,11900,Yes,Citizen,Fluent,No,3,LinkedIn,Not Referred,4.1,2.9,Hired
TLB2692,27,Male,Indian,Bachelor's,333,Hospitality,2,57.3,82.9,80.2,67.4,No,Tier 2,4100,Yes,UAE Resident,Intermediate,Yes,5,LinkedIn,Not Referred,2.4,1.0,Hired
TLB2693,31,Female,Pakistani,High School,305,Business,8,68.3,54.4,52.0,43.7,Yes,Tier 2,14200,Yes,Work Visa,Intermediate,Yes,6,Walk-in,Not Referred,3.6,3.5,Hired
TLB2694,27,Female,American,High School,205,Business,4,67.6,63.6,52.9,47.8,Yes,None,5200,No,UAE Resident,Native,No,3,Company Website,Not Referred,3.2,3.6,Rejected
TLB2695,21,Female,Egyptian,Master's,457,Business,9,83.4,36.3,53.8,65.9,No,Startup,5300,Yes,Visit Visa,Intermediate,Yes,5,Referral,Referred,1.5,2.8,Rejected
TLB2696,31,Male,Indian,Bachelor's,373,Logistics,1,61.4,64.4,73.8,70.8,No,Tier 3,6100,No,Work Visa,Intermediate,No,0,Walk-in,Not Referred,3.5,1.9,Hired
TLB2697,35,Female,Indian,Bachelor's,366,Hospitality,3,58.0,52.7,74.0,48.0,Yes,Tier 2,11300,No,UAE Resident,Intermediate,No,1,Referral,Referred,4.1,2.7,Rejected
TLB2698,36,Male,Other,Bachelor's,374,Marketing,5,83.7,83.1,54.7,74.2,Yes,Tier 3,7700,No,Visit Visa,Intermediate,Yes,2,Job Portal,Not Referred,4.3,3.9,Hired
TLB2699,33,Male,American,Bachelor's,619,Logistics,7,79.7,56.3,91.9,40.5,No,None,5500,Yes,UAE Resident,Intermediate,No,5,Job Portal,Not Referred,3.2,2.8,Rejected
TLB2700,34,Female,Emirati,Bachelor's,95,Logistics,9,61.8,77.4,70.7,27.7,Yes,Startup,13700,Yes,Work Visa,Fluent,No,1,Referral,Referred,3.8,3.1,Hired
TLB2701,35,Female,British,Bachelor's,215,Engineering,3,69.4,66.7,68.6,52.7,Yes,None,11900,No,Citizen,Fluent,No,0,Job Portal,Not Referred,3.6,2.8,Hired
TLB2702,30,Male,Emirati,Bachelor's,232,Hospitality,8,57.9,69.5,64.3,84.2,No,None,15400,Yes,Work Visa,Fluent,Yes,4,Walk-in,Not Referred,2.7,3.4,Hired
TLB2703,20,Male,Emirati,Bachelor's,551,Business,0,47.6,74.3,79.1,86.3,No,Tier 3,8700,No,Work Visa,Intermediate,Yes,3,LinkedIn,Not Referred,2.6,2.0,Rejected
TLB2704,36,Female,Egyptian,Bachelor's,225,Engineering,8,98.0,67.4,72.1,42.7,No,Tier 3,11700,No,UAE Resident,Fluent,Yes,3,LinkedIn,Not Referred,3.2,2.9,Rejected
TLB2705,24,Female,Pakistani,Bachelor's,141,Computer Science,0,56.9,60.2,91.6,43.7,Yes,Startup,15600,No,UAE Resident,Native,Yes,3,Job Portal,Not Referred,3.0,4.0,Hired
TLB2706,23,Male,Pakistani,Bachelor's,278,Engineering,6,69.4,58.3,51.2,75.7,No,None,6100,No,UAE Resident,Intermediate,No,7,Referral,Referred,3.3,2.4,Hired
TLB2707,23,Female,Other,Bachelor's,320,Marketing,8,42.3,74.1,46.9,58.8,No,Startup,9000,No,UAE Resident,Fluent,No,0,Company Website,Not Referred,2.9,2.9,Rejected
TLB2708,44,Male,American,High School,539,Computer Science,8,76.0,45.2,57.4,84.1,No,Tier 1,16500,Yes,UAE Resident,Fluent,Yes,4,LinkedIn,Not Referred,3.3,3.9,Hired
TLB2709,32,Male,Emirati,High School,224,Engineering,0,46.9,88.1,74.2,75.4,No,None,12100,No,Work Visa,Intermediate,Yes,6,Job Portal,Not Referred,2.5,3.7,Hired
TLB2710,23,Female,Filipino,Bachelor's,162,Finance,3,90.2,69.6,61.4,77.8,Yes,Startup,11300,Yes,Work Visa,Intermediate,No,6,Job Portal,Not Referred,4.3,3.5,Hired
TLB2711,25,Female,British,Master's,118,Finance,7,92.0,64.0,83.5,53.5,Yes,None,11800,No,UAE Resident,Intermediate,Yes,0,Walk-in,Not Referred,1.9,3.4,Hired
TLB2712,29,Male,Filipino,Bachelor's,231,Computer Science,7,73.5,71.2,61.9,71.2,No,Tier 3,17500,No,Work Visa,Fluent,Yes,2,Referral,Referred,3.1,3.4,Rejected
TLB2713,33,Male,Other,Master's,812,Computer Science,5,66.7,60.9,81.1,93.2,No,Tier 3,11900,Yes,Citizen,Intermediate,No,7,Walk-in,Not Referred,3.1,2.9,Hired
TLB2714,31,Male,Egyptian,Master's,376,Business,0,62.2,65.9,56.2,67.0,No,Startup,12200,Yes,UAE Resident,Basic,No,6,Company Website,Not Referred,3.1,4.0,Hired
TLB2715,24,Female,Indian,High School,419,Logistics,9,64.3,54.4,82.4,64.4,No,Startup,11900,No,Work Visa,Fluent,Yes,7,Company Website,Not Referred,2.6,2.7,Hired
TLB2716,31,Male,Indian,High School,299,Logistics,9,71.1,72.5,84.8,58.9,Yes,Tier 1,4700,Yes,UAE Resident,Native,No,5,Company Website,Not Referred,2.1,2.3,Hired
TLB2717,26,Male,British,Bachelor's,327,Business,5,66.3,67.1,59.7,42.6,No,Tier 3,14300,No,Work Visa,Fluent,No,0,Referral,Referred,3.4,2.0,Hired
TLB2718,36,Female,Other,High School,457,Finance,5,79.7,70.2,73.4,49.6,Yes,Startup,8300,Yes,Work Visa,Intermediate,No,7,Company Website,Not Referred,3.1,2.6,Hired
TLB2719,30,Male,Emirati,Bachelor's,412,Marketing,6,51.2,85.8,70.5,52.5,No,None,6300,Yes,UAE Resident,Fluent,Yes,6,LinkedIn,Not Referred,3.5,2.6,Hired
TLB2720,25,Male,Indian,High School,369,Other,10,87.9,58.3,73.7,42.0,No,Tier 1,4100,No,UAE Resident,Fluent,No,5,Referral,Referred,2.0,2.5,Hired
TLB2721,34,Male,Egyptian,Master's,303,Computer Science,5,58.7,66.5,83.7,43.4,No,Tier 2,5100,Yes,Citizen,Fluent,No,0,Job Portal,Not Referred,4.4,2.2,Rejected
TLB2722,32,Female,Emirati,Bachelor's,229,Marketing,4,53.8,48.2,79.7,30.7,No,Tier 3,3000,No,UAE Resident,Basic,No,7,LinkedIn,Not Referred,3.1,3.4,Hired
TLB2723,27,Male,Emirati,Master's,384,Marketing,6,70.4,74.6,73.7,54.0,No,Tier 2,7400,Yes,Work Visa,Fluent,No,7,Job Portal,Not Referred,1.1,2.3,Rejected
TLB2724,34,Male,Other,Master's,316,Business,4,71.4,67.8,75.6,74.5,Yes,Tier 1,10000,No,Work Visa,Fluent,No,6,Referral,Referred,3.3,3.5,Rejected
TLB2725,33,Male,British,Bachelor's,726,Computer Science,5,38.9,68.2,50.5,60.6,No,Tier 3,16800,No,UAE Resident,Basic,No,2,LinkedIn,Not Referred,2.9,3.7,Rejected
TLB2726,37,Female,Other,Master's,510,Computer Science,0,57.8,66.1,66.5,60.6,No,Tier 3,12300,No,Work Visa,Fluent,No,7,Company Website,Not Referred,2.4,5.0,Rejected
TLB2727,34,Female,Egyptian,PhD,165,Engineering,6,32.4,61.1,52.7,75.7,Yes,Tier 3,13100,Yes,Work Visa,Intermediate,Yes,0,LinkedIn,Not Referred,4.1,2.7,Hired
TLB2728,28,Male,Indian,Bachelor's,66,Finance,9,54.9,98.0,66.8,88.6,Yes,Tier 2,17800,Yes,UAE Resident,Native,Yes,4,Walk-in,Not Referred,3.9,3.0,Hired
TLB2729,20,Male,Other,Bachelor's,220,Finance,8,55.5,68.5,81.5,96.8,No,None,3000,Yes,Citizen,Fluent,Yes,6,Walk-in,Not Referred,3.4,2.5,Rejected
TLB2730,31,Female,Indian,Bachelor's,83,Business,8,69.5,71.6,66.9,67.0,Yes,Tier 3,13800,No,UAE Resident,Native,Yes,1,Referral,Referred,3.3,2.2,Hired
TLB2731,32,Male,Indian,Bachelor's,208,Logistics,4,53.2,54.3,34.4,61.1,No,Startup,13400,Yes,Work Visa,Fluent,No,7,Referral,Referred,3.6,2.8,Hired
TLB2732,30,Male,Other,Bachelor's,106,Engineering,5,56.7,78.6,53.4,59.2,Yes,Tier 2,15700,Yes,UAE Resident,Fluent,No,4,LinkedIn,Not Referred,2.1,2.5,Rejected
TLB2733,20,Male,Egyptian,Bachelor's,234,Other,9,84.6,66.5,74.6,73.3,No,None,3900,Yes,UAE Resident,Intermediate,Yes,1,Job Portal,Not Referred,3.3,2.2,Hired
TLB2734,34,Male,Other,Bachelor's,236,Computer Science,8,96.0,73.3,60.0,62.8,No,None,9400,Yes,Work Visa,Fluent,No,7,LinkedIn,Not Referred,4.1,3.3,Hired
TLB2735,24,Male,Indian,Master's,329,Logistics,10,51.2,78.8,77.2,62.9,No,Tier 2,7800,No,Work Visa,Fluent,No,1,Walk-in,Not Referred,3.9,2.2,Hired
TLB2736,34,Male,Other,Bachelor's,258,Other,2,80.3,66.8,51.3,63.8,No,Startup,6200,Yes,UAE Resident,Intermediate,No,7,Walk-in,Not Referred,2.5,3.6,Hired
TLB2737,40,Male,Filipino,Bachelor's,119,Logistics,2,70.8,59.9,72.0,51.8,Yes,Startup,22400,Yes,Work Visa,Basic,No,7,LinkedIn,Not Referred,3.3,3.8,Rejected
TLB2738,28,Male,Egyptian,Bachelor's,542,Logistics,3,38.9,40.1,72.6,32.3,No,Tier 3,9500,Yes,Work Visa,Fluent,Yes,7,Company Website,Not Referred,2.4,2.4,Rejected
TLB2739,32,Female,Other,Master's,380,Engineering,1,53.1,63.4,77.3,55.6,Yes,Startup,16200,Yes,UAE Resident,Native,No,2,Referral,Referred,3.3,4.2,Rejected
TLB2740,30,Male,Indian,Master's,191,Finance,0,20.0,59.8,58.5,85.4,Yes,Tier 2,15200,Yes,Visit Visa,Native,Yes,3,Company Website,Not Referred,2.7,3.4,Rejected
TLB2741,33,Male,Egyptian,High School,122,Marketing,6,69.9,54.3,77.1,84.7,No,Tier 3,5500,No,Work Visa,Intermediate,No,6,LinkedIn,Not Referred,2.6,3.0,Rejected
TLB2742,30,Female,Filipino,Master's,6,Engineering,6,48.8,85.4,86.6,78.2,No,None,9600,No,Work Visa,Intermediate,No,6,Job Portal,Not Referred,3.5,1.7,Hired
TLB2743,26,Male,British,Bachelor's,1,Other,5,67.0,79.8,37.5,58.1,No,Tier 2,12300,No,Visit Visa,Fluent,Yes,1,LinkedIn,Not Referred,2.7,1.7,Hired
TLB2744,24,Female,Other,Master's,509,Business,6,100.0,46.0,67.7,53.9,No,Tier 1,13800,Yes,Work Visa,Native,Yes,3,Job Portal,Not Referred,2.6,4.4,Hired
TLB2745,39,Male,Egyptian,Bachelor's,488,Engineering,0,88.9,69.8,43.5,87.7,No,Tier 1,13500,No,Citizen,Fluent,No,3,Referral,Referred,3.4,4.2,Hired
TLB2746,32,Female,Emirati,Bachelor's,183,Other,3,53.5,58.2,55.8,49.8,No,None,19900,Yes,Visit Visa,Intermediate,Yes,5,Company Website,Not Referred,2.2,4.4,Rejected
TLB2747,34,Male,Indian,Master's,573,Business,3,49.9,72.4,56.9,65.6,No,Tier 2,16100,No,UAE Resident,Fluent,Yes,6,Walk-in,Not Referred,3.0,4.6,Hired
TLB2748,32,Male,Other,Master's,423,Computer Science,5,84.4,58.4,66.1,88.7,Yes,Tier 2,15000,No,UAE Resident,Native,No,3,Job Portal,Not Referred,2.1,4.2,Rejected
TLB2749,35,Male,Other,Master's,340,Business,0,49.9,61.5,71.9,66.7,No,Startup,16400,No,Citizen,Fluent,No,7,Company Website,Not Referred,2.3,3.3,Hired
TLB2750,24,Male,Other,Bachelor's,472,Hospitality,1,79.9,79.6,78.8,60.9,Yes,Startup,18100,No,Citizen,Intermediate,No,2,Referral,Referred,4.0,3.5,Rejected
TLB2751,30,Male,Emirati,Master's,423,Logistics,3,100.0,77.8,70.4,81.2,Yes,Tier 3,9200,Yes,UAE Resident,Basic,Yes,6,Referral,Referred,2.9,2.6,Rejected
TLB2752,33,Female,Indian,Bachelor's,330,Computer Science,8,75.1,86.1,75.8,66.0,No,None,4900,No,UAE Resident,Fluent,Yes,3,Referral,Referred,2.7,3.3,Rejected
TLB2753,37,Female,Egyptian,Master's,251,Finance,5,82.8,65.4,53.0,67.7,No,Tier 1,9300,Yes,UAE Resident,Basic,Yes,0,Walk-in,Not Referred,3.8,3.7,Hired
TLB2754,46,Male,Egyptian,Master's,278,Marketing,8,81.0,50.5,80.7,86.2,Yes,Tier 3,5800,Yes,Citizen,Fluent,Yes,2,LinkedIn,Not Referred,4.3,3.7,Hired
TLB2755,32,Female,Emirati,Bachelor's,1,Finance,4,56.6,79.1,24.2,29.4,No,Tier 3,7600,No,Citizen,Intermediate,Yes,6,Referral,Referred,3.4,3.0,Rejected
TLB2756,26,Female,Filipino,Bachelor's,139,Finance,5,69.4,79.1,86.8,70.0,Yes,Tier 2,12400,No,Visit Visa,Intermediate,No,3,Job Portal,Not Referred,3.9,1.5,Rejected
TLB2757,22,Female,Indian,Bachelor's,660,Other,6,50.7,75.5,84.5,54.3,No,None,9500,No,UAE Resident,Intermediate,Yes,6,Referral,Referred,2.8,1.9,Hired
TLB2758,24,Female,Pakistani,Bachelor's,134,Business,4,84.3,59.1,76.8,62.1,No,Tier 3,14900,No,Citizen,Native,Yes,5,Job Portal,Not Referred,3.2,3.5,Hired
TLB2759,25,Female,Indian,Bachelor's,1,Business,2,48.7,55.2,96.0,66.6,No,Tier 2,13400,No,UAE Resident,Fluent,No,3,LinkedIn,Not Referred,3.2,2.7,Hired
TLB2760,20,Male,Emirati,Bachelor's,480,Marketing,0,75.5,74.4,43.6,55.5,Yes,Tier 1,13600,No,UAE Resident,Intermediate,No,1,LinkedIn,Not Referred,3.4,3.6,Hired
TLB2761,25,Female,Emirati,Bachelor's,349,Engineering,2,82.0,57.4,77.1,68.2,Yes,Tier 1,6300,No,UAE Resident,Intermediate,No,5,Company Website,Not Referred,3.9,2.1,Hired
TLB2762,34,Female,Other,Bachelor's,360,Engineering,7,57.6,64.3,68.8,70.4,Yes,None,8100,Yes,Work Visa,Fluent,Yes,5,Company Website,Not Referred,2.2,4.2,Hired
TLB2763,30,Male,Egyptian,Bachelor's,268,Computer Science,9,54.2,100.0,70.2,67.8,No,Tier 2,3400,Yes,Work Visa,Intermediate,Yes,2,Walk-in,Not Referred,2.6,2.3,Hired
TLB2764,28,Male,Other,Master's,482,Computer Science,2,62.5,93.5,51.9,66.6,Yes,None,14600,Yes,UAE Resident,Fluent,No,0,Referral,Referred,2.9,4.3,Hired
TLB2765,20,Male,Pakistani,Bachelor's,605,Other,0,51.6,77.5,72.1,63.4,Yes,Tier 1,20600,Yes,UAE Resident,Fluent,No,3,LinkedIn,Not Referred,2.5,1.9,Hired
TLB2766,36,Female,Pakistani,Bachelor's,195,Computer Science,8,67.3,60.1,71.5,63.6,No,None,12800,No,Visit Visa,Intermediate,Yes,0,Referral,Referred,3.4,3.6,Hired
TLB2767,33,Male,Indian,Master's,426,Marketing,5,51.2,59.3,58.0,66.1,Yes,None,13200,No,UAE Resident,Fluent,No,6,Referral,Referred,3.4,2.4,Hired
TLB2768,29,Female,Filipino,PhD,523,Hospitality,0,52.3,76.6,66.1,51.8,Yes,Tier 1,9600,No,UAE Resident,Fluent,No,1,Company Website,Not Referred,3.2,3.1,Hired
TLB2769,20,Female,Indian,Bachelor's,184,Computer Science,0,73.2,86.0,49.9,82.8,Yes,Tier 1,11000,Yes,UAE Resident,Fluent,No,3,LinkedIn,Not Referred,2.9,4.0,Hired
TLB2770,27,Female,Egyptian,High School,601,Business,1,74.3,61.9,61.9,63.7,No,None,17700,No,UAE Resident,Basic,No,1,Company Website,Not Referred,4.1,3.8,Hired
TLB2771,32,Male,British,Bachelor's,523,Engineering,3,60.6,62.5,79.5,59.4,No,Tier 1,12400,No,UAE Resident,Fluent,Yes,7,Walk-in,Not Referred,3.4,2.4,Hired
TLB2772,29,Female,American,PhD,51,Engineering,0,40.3,69.1,79.8,70.5,Yes,Tier 2,14900,Yes,Work Visa,Fluent,Yes,6,Referral,Referred,3.1,2.6,Hired
TLB2773,31,Female,Indian,Master's,618,Business,7,82.6,51.3,77.0,63.4,No,None,17900,Yes,UAE Resident,Fluent,Yes,7,Company Website,Not Referred,3.2,1.8,Hired
TLB2774,34,Male,Pakistani,Master's,62,Finance,2,58.3,51.7,79.5,82.4,Yes,None,17000,No,UAE Resident,Native,Yes,6,LinkedIn,Not Referred,3.7,1.7,Hired
TLB2775,30,Female,Indian,Master's,162,Business,5,95.9,53.9,79.7,77.5,Yes,Startup,12100,Yes,Visit Visa,Native,Yes,0,Job Portal,Not Referred,3.3,2.4,Hired
TLB2776,33,Male,Emirati,Bachelor's,436,Computer Science,13,63.0,74.6,58.6,66.3,Yes,None,12500,No,UAE Resident,Native,No,5,LinkedIn,Not Referred,2.6,2.4,Hired
TLB2777,24,Female,Egyptian,Bachelor's,508,Computer Science,5,67.0,71.3,71.4,78.1,Yes,Tier 3,10300,No,Visit Visa,Native,No,3,Company Website,Not Referred,4.4,1.9,Rejected
TLB2778,22,Male,Pakistani,Master's,319,Business,4,58.5,81.6,81.1,68.3,No,Startup,14200,Yes,UAE Resident,Intermediate,Yes,5,Referral,Referred,3.5,2.9,Hired
TLB2779,32,Male,Egyptian,Master's,174,Engineering,4,68.7,47.2,49.1,48.8,Yes,Tier 2,10100,Yes,Citizen,Fluent,No,5,LinkedIn,Not Referred,2.4,3.1,Hired
TLB2780,34,Male,Emirati,Bachelor's,247,Other,7,100.0,49.8,49.0,77.5,Yes,Startup,13600,Yes,UAE Resident,Fluent,No,5,Referral,Referred,1.9,3.1,Rejected
TLB2781,33,Male,Other,Bachelor's,224,Computer Science,6,59.8,73.5,48.3,38.4,Yes,Startup,16700,Yes,Work Visa,Intermediate,Yes,5,LinkedIn,Not Referred,3.7,2.5,Hired
TLB2782,30,Male,Other,Bachelor's,468,Marketing,1,84.1,57.5,43.8,20.0,Yes,Tier 3,4400,No,Work Visa,Native,Yes,6,Job Portal,Not Referred,4.1,2.6,Hired
TLB2783,28,Female,Pakistani,PhD,218,Marketing,3,66.4,58.4,53.3,74.8,No,None,3600,Yes,Work Visa,Fluent,Yes,6,LinkedIn,Not Referred,3.5,2.8,Hired
TLB2784,31,Male,American,Bachelor's,169,Finance,2,82.6,80.2,60.2,71.2,Yes,Tier 3,11800,Yes,Visit Visa,Basic,No,4,Walk-in,Not Referred,3.6,3.8,Hired
TLB2785,32,Male,Indian,Master's,4,Finance,4,36.0,61.4,86.7,70.3,Yes,Tier 3,15000,Yes,UAE Resident,Intermediate,No,0,Referral,Referred,3.6,2.6,Hired
TLB2786,32,Female,Egyptian,Bachelor's,181,Computer Science,11,94.2,62.8,61.3,84.5,Yes,Tier 3,13300,No,UAE Resident,Intermediate,No,0,LinkedIn,Not Referred,3.2,1.8,Hired
TLB2787,45,Female,American,Bachelor's,276,Finance,7,70.1,65.0,47.3,64.7,Yes,Tier 2,6600,Yes,Citizen,Fluent,No,0,Referral,Referred,2.0,2.8,Rejected
TLB2788,24,Male,British,Master's,73,Business,4,61.0,65.7,69.2,59.7,No,Tier 2,16000,Yes,Citizen,Basic,No,6,LinkedIn,Not Referred,2.7,2.8,Rejected
TLB2789,49,Female,British,Bachelor's,1,Hospitality,9,78.5,76.2,64.5,76.2,No,None,20600,Yes,UAE Resident,Native,No,3,Job Portal,Not Referred,3.8,1.8,Hired
TLB2790,22,Male,Pakistani,Master's,495,Business,5,67.2,53.5,56.8,55.0,No,Tier 2,8100,Yes,Work Visa,Native,No,3,LinkedIn,Not Referred,3.6,2.8,Rejected
TLB2791,32,Female,British,Master's,99,Finance,0,47.8,65.7,59.3,61.7,Yes,Startup,8700,Yes,Visit Visa,Intermediate,Yes,2,Job Portal,Not Referred,3.1,2.4,Hired
TLB2792,22,Male,Egyptian,Master's,38,Finance,10,28.7,81.9,80.9,68.5,No,Tier 3,12100,Yes,Visit Visa,Native,Yes,7,LinkedIn,Not Referred,2.8,3.0,Hired
TLB2793,31,Female,Indian,Bachelor's,613,Finance,4,92.4,93.6,48.7,69.7,Yes,None,11400,No,Citizen,Intermediate,Yes,1,LinkedIn,Not Referred,3.3,3.4,Hired
TLB2794,35,Female,Indian,Master's,469,Computer Science,0,61.7,51.7,45.3,60.3,Yes,Startup,17400,No,Visit Visa,Native,Yes,7,LinkedIn,Not Referred,3.0,2.7,Hired
TLB2795,30,Female,British,Bachelor's,505,Finance,0,55.8,72.0,73.1,58.1,No,Tier 1,13300,No,UAE Resident,Fluent,No,5,Company Website,Not Referred,3.1,3.5,Hired
TLB2796,35,Male,Filipino,Bachelor's,401,Hospitality,8,57.0,65.7,59.0,49.3,Yes,Tier 2,10700,No,Work Visa,Intermediate,No,3,Company Website,Not Referred,3.3,2.9,Rejected
TLB2797,27,Female,Pakistani,Bachelor's,562,Engineering,0,87.0,66.8,87.2,54.0,No,Startup,9300,Yes,UAE Resident,Fluent,No,5,Walk-in,Not Referred,2.7,2.9,Hired
TLB2798,20,Male,Other,Bachelor's,476,Business,9,57.6,58.5,65.0,90.5,No,Tier 2,5100,No,UAE Resident,Intermediate,Yes,7,Referral,Referred,3.8,2.9,Hired
TLB2799,33,Female,Egyptian,Bachelor's,231,Computer Science,5,74.7,77.1,65.7,61.3,Yes,Tier 3,18200,No,Visit Visa,Fluent,No,0,LinkedIn,Not Referred,3.1,2.9,Rejected
TLB2800,30,Female,Indian,Bachelor's,86,Business,7,60.0,76.5,77.2,67.6,No,Tier 2,14800,No,Work Visa,Fluent,Yes,0,Job Portal,Not Referred,3.5,2.0,Hired
TLB2801,27,Female,Pakistani,Bachelor's,43,Hospitality,4,46.2,98.3,45.3,44.1,No,Tier 1,11600,Yes,UAE Resident,Intermediate,No,1,Company Website,Not Referred,3.2,1.6,Hired
TLB2802,27,Male,Filipino,Bachelor's,272,Engineering,6,78.5,52.1,71.4,100.0,No,None,12500,No,Work Visa,Native,No,5,Job Portal,Not Referred,4.3,4.0,Hired
TLB2803,32,Male,Egyptian,Bachelor's,80,Finance,6,81.5,47.0,62.2,52.9,Yes,None,11500,No,UAE Resident,Intermediate,No,4,Referral,Referred,3.6,3.3,Hired
TLB2804,25,Female,Filipino,Bachelor's,140,Hospitality,4,54.8,92.7,80.3,48.5,No,Startup,4100,Yes,UAE Resident,Fluent,Yes,5,Job Portal,Not Referred,3.5,2.7,Hired
TLB2805,32,Male,Pakistani,Master's,269,Finance,1,64.4,67.4,58.6,64.1,Yes,Tier 2,5600,Yes,Work Visa,Fluent,No,3,LinkedIn,Not Referred,3.5,4.0,Hired
TLB2806,37,Male,Egyptian,Bachelor's,579,Finance,6,66.5,62.5,69.3,52.5,Yes,None,11100,Yes,Work Visa,Fluent,No,6,Walk-in,Not Referred,4.7,5.0,Hired
TLB2807,42,Male,Egyptian,High School,1,Finance,0,71.7,70.3,62.3,70.1,Yes,Tier 3,11000,No,Work Visa,Intermediate,No,3,LinkedIn,Not Referred,3.2,1.9,Rejected
TLB2808,38,Female,American,Master's,305,Marketing,8,94.6,51.3,72.4,43.8,No,None,11900,No,UAE Resident,Fluent,Yes,3,Job Portal,Not Referred,3.3,3.1,Hired
TLB2809,30,Male,Emirati,Master's,49,Business,5,60.1,72.5,63.7,80.9,Yes,Tier 1,19600,Yes,Work Visa,Native,Yes,3,LinkedIn,Not Referred,3.3,3.6,Hired
TLB2810,31,Male,Egyptian,Master's,188,Logistics,6,60.0,67.0,70.4,78.2,No,Tier 2,10700,Yes,UAE Resident,Basic,No,1,Job Portal,Not Referred,1.8,1.8,Rejected
TLB2811,27,Male,Pakistani,Master's,485,Other,0,62.4,80.9,89.8,63.3,Yes,Startup,8600,Yes,Citizen,Native,Yes,7,Job Portal,Not Referred,3.3,1.9,Rejected
TLB2812,27,Female,Emirati,PhD,130,Engineering,1,50.9,78.3,63.3,41.8,Yes,None,12200,No,UAE Resident,Intermediate,No,0,Job Portal,Not Referred,3.9,3.9,Hired
TLB2813,35,Female,Egyptian,Bachelor's,247,Other,3,39.2,79.3,72.2,53.6,Yes,Tier 2,5700,Yes,Citizen,Native,No,0,Referral,Referred,3.6,3.1,Hired
TLB2814,28,Male,Egyptian,PhD,328,Other,7,67.0,70.3,96.7,65.9,No,Tier 2,12700,No,UAE Resident,Fluent,Yes,3,Referral,Referred,4.3,2.5,Rejected
TLB2815,32,Male,Pakistani,PhD,440,Engineering,1,72.9,87.3,72.1,48.1,Yes,Tier 3,8700,Yes,UAE Resident,Fluent,Yes,5,Job Portal,Not Referred,3.7,1.8,Hired
TLB2816,24,Male,British,Bachelor's,190,Finance,13,65.0,74.9,35.4,50.3,No,None,13000,Yes,UAE Resident,Native,No,3,Company Website,Not Referred,3.6,3.4,Hired
TLB2817,38,Male,Indian,Master's,552,Finance,4,64.1,61.6,58.3,79.7,Yes,Startup,11200,Yes,Visit Visa,Intermediate,Yes,6,Company Website,Not Referred,3.8,2.0,Hired
TLB2818,28,Female,Indian,Master's,210,Business,1,51.5,58.3,51.4,67.2,No,None,11400,Yes,Citizen,Fluent,No,2,LinkedIn,Not Referred,3.5,2.3,Hired
TLB2819,36,Male,Indian,Master's,396,Computer Science,4,68.8,59.6,79.0,66.7,No,Startup,14800,No,Work Visa,Fluent,Yes,1,Referral,Referred,3.0,2.3,Rejected
TLB2820,25,Female,Pakistani,Master's,262,Engineering,1,67.5,75.1,65.8,72.4,No,None,15300,Yes,UAE Resident,Intermediate,No,5,Referral,Referred,3.1,2.8,Hired
TLB2821,25,Male,Egyptian,Bachelor's,448,Hospitality,0,72.1,52.0,80.8,62.7,No,Tier 3,21100,No,UAE Resident,Intermediate,Yes,1,Company Website,Not Referred,1.5,2.2,Hired
TLB2822,37,Female,American,Bachelor's,705,Business,8,69.9,69.9,75.0,64.2,Yes,Tier 1,15100,No,Work Visa,Fluent,Yes,4,LinkedIn,Not Referred,4.3,2.3,Rejected
TLB2823,26,Male,Egyptian,Master's,244,Hospitality,6,70.9,58.0,74.9,71.4,Yes,Startup,10900,No,UAE Resident,Fluent,Yes,5,Referral,Referred,3.1,3.9,Hired
TLB2824,20,Female,Indian,Master's,296,Finance,6,84.8,53.0,51.1,76.3,Yes,Tier 3,9200,No,Citizen,Native,Yes,0,Job Portal,Not Referred,2.5,3.2,Hired
TLB2825,23,Female,Indian,Master's,213,Finance,9,73.6,54.9,73.6,72.0,No,Tier 3,13600,Yes,UAE Resident,Basic,No,1,Company Website,Not Referred,2.9,3.1,Hired
TLB2826,35,Female,Indian,Master's,182,Business,6,72.2,67.7,84.8,85.4,Yes,Tier 2,18600,No,Visit Visa,Intermediate,Yes,0,Job Portal,Not Referred,4.4,3.4,Hired
TLB2827,34,Male,Egyptian,Master's,160,Engineering,1,38.9,77.2,48.2,65.3,No,Startup,15900,Yes,Visit Visa,Intermediate,Yes,1,LinkedIn,Not Referred,3.3,2.3,Rejected
TLB2828,25,Male,Indian,PhD,296,Business,7,80.8,59.9,62.9,46.1,No,None,8800,No,UAE Resident,Fluent,No,7,Referral,Referred,3.4,3.4,Hired
TLB2829,26,Female,Pakistani,Bachelor's,144,Business,1,60.5,43.1,71.6,80.2,No,Tier 2,14000,No,UAE Resident,Fluent,No,0,Company Website,Not Referred,4.7,3.4,Hired
TLB2830,34,Female,British,PhD,150,Computer Science,3,66.2,100.0,68.3,61.6,Yes,None,13000,No,Citizen,Native,No,5,Referral,Referred,3.8,2.3,Hired
TLB2831,37,Male,Egyptian,High School,1,Computer Science,4,45.9,81.4,85.7,54.2,Yes,Tier 2,16700,Yes,UAE Resident,Fluent,Yes,1,Company Website,Not Referred,3.0,3.6,Hired
TLB2832,29,Male,Indian,Bachelor's,576,Business,4,96.3,79.2,76.5,75.0,Yes,Tier 1,13400,No,Work Visa,Fluent,No,3,LinkedIn,Not Referred,2.0,3.3,Hired
TLB2833,33,Male,Indian,Bachelor's,628,Marketing,0,27.9,87.5,72.3,70.2,Yes,Tier 2,13200,No,Citizen,Fluent,Yes,0,Company Website,Not Referred,3.6,3.3,Rejected
TLB2834,35,Female,Egyptian,Bachelor's,429,Engineering,1,87.3,69.1,77.6,47.1,No,Tier 3,6700,Yes,UAE Resident,Native,No,3,LinkedIn,Not Referred,2.7,4.4,Hired
TLB2835,42,Female,Pakistani,Bachelor's,125,Business,4,71.4,66.4,76.9,74.4,No,Tier 1,15600,Yes,Citizen,Fluent,No,7,Company Website,Not Referred,3.7,3.2,Hired
TLB2836,23,Female,Emirati,Bachelor's,47,Logistics,2,36.4,84.3,67.5,91.2,Yes,Startup,5700,Yes,UAE Resident,Fluent,Yes,0,Job Portal,Not Referred,3.2,2.4,Hired
TLB2837,25,Female,American,Master's,1,Marketing,8,95.5,84.2,62.4,69.5,No,Startup,12400,No,Work Visa,Fluent,No,2,LinkedIn,Not Referred,3.5,3.2,Hired
TLB2838,26,Male,Pakistani,Master's,427,Other,9,72.7,75.4,79.9,61.4,No,Tier 3,9500,Yes,UAE Resident,Intermediate,No,2,Referral,Referred,3.8,3.1,Hired
TLB2839,34,Male,Pakistani,Bachelor's,553,Finance,1,29.6,78.6,57.3,41.6,Yes,None,9300,Yes,Work Visa,Intermediate,No,5,Referral,Referred,2.0,2.2,Hired
TLB2840,28,Male,Indian,Master's,333,Computer Science,5,58.7,53.1,66.1,93.7,Yes,None,14600,No,UAE Resident,Native,Yes,6,Job Portal,Not Referred,3.3,1.5,Rejected
TLB2841,31,Female,Indian,Bachelor's,471,Other,10,73.0,64.9,52.0,57.8,No,Tier 3,12000,Yes,UAE Resident,Intermediate,Yes,2,LinkedIn,Not Referred,3.2,3.0,Hired
TLB2842,30,Male,Indian,Bachelor's,388,Logistics,4,90.7,88.4,76.5,45.3,No,Tier 1,3000,No,UAE Resident,Fluent,No,1,Referral,Referred,3.4,3.9,Rejected
TLB2843,30,Male,Indian,Bachelor's,145,Finance,3,58.9,77.7,83.0,66.6,No,Tier 2,11100,No,UAE Resident,Fluent,Yes,7,Job Portal,Not Referred,3.6,3.9,Hired
TLB2844,30,Male,Filipino,Bachelor's,501,Marketing,8,25.3,50.5,54.8,79.1,No,Startup,10300,Yes,Work Visa,Intermediate,No,0,Company Website,Not Referred,3.3,3.3,Hired
TLB2845,36,Male,Pakistani,Master's,489,Engineering,4,86.9,61.6,65.0,82.3,Yes,Tier 3,17700,Yes,UAE Resident,Native,No,6,Job Portal,Not Referred,2.7,4.4,Hired
TLB2846,24,Female,Other,Bachelor's,101,Engineering,9,72.5,86.5,60.8,55.6,No,Startup,6400,Yes,UAE Resident,Intermediate,Yes,4,Referral,Referred,2.4,3.2,Hired
TLB2847,29,Male,Other,Master's,461,Hospitality,2,31.5,73.5,81.0,63.6,Yes,Startup,20600,Yes,UAE Resident,Fluent,No,6,Walk-in,Not Referred,2.1,2.9,Hired
TLB2848,22,Male,Indian,Bachelor's,270,Marketing,3,70.1,70.2,85.4,65.0,No,Tier 3,15900,Yes,UAE Resident,Native,Yes,6,LinkedIn,Not Referred,3.3,3.3,Hired
TLB2849,31,Female,Indian,Master's,247,Computer Science,7,71.7,70.5,60.8,78.7,Yes,Tier 2,10700,No,UAE Resident,Fluent,No,5,LinkedIn,Not Referred,3.6,2.5,Rejected
TLB2850,28,Male,British,PhD,378,Computer Science,5,60.1,67.0,26.8,73.3,Yes,Tier 2,10100,Yes,UAE Resident,Fluent,No,3,Company Website,Not Referred,3.0,2.1,Hired
TLB2851,36,Male,Other,Bachelor's,371,Computer Science,5,52.6,61.7,82.0,68.8,No,Tier 2,9100,No,Work Visa,Native,No,2,Referral,Referred,3.8,2.3,Rejected
TLB2852,29,Male,American,Bachelor's,477,Business,0,55.9,58.0,67.6,77.8,Yes,None,13400,No,Work Visa,Fluent,Yes,5,Company Website,Not Referred,3.1,2.7,Rejected
TLB2853,27,Female,Emirati,Bachelor's,130,Engineering,3,60.1,80.1,67.6,45.9,Yes,Startup,8500,Yes,Work Visa,Fluent,No,4,LinkedIn,Not Referred,3.1,3.8,Hired
TLB2854,28,Male,Indian,Bachelor's,413,Logistics,8,70.3,70.9,79.5,70.9,Yes,Tier 3,11500,No,UAE Resident,Fluent,No,7,LinkedIn,Not Referred,2.2,1.9,Hired
TLB2855,40,Female,Emirati,Bachelor's,68,Business,2,76.8,76.5,62.3,68.1,Yes,Startup,7100,Yes,Citizen,Native,No,6,Job Portal,Not Referred,2.9,2.3,Hired
TLB2856,20,Female,British,Bachelor's,264,Business,7,32.8,74.6,58.8,64.3,Yes,Tier 3,15200,Yes,Work Visa,Fluent,No,7,LinkedIn,Not Referred,3.8,3.7,Hired
TLB2857,26,Female,Filipino,Master's,277,Business,5,68.8,84.9,62.4,61.5,Yes,Tier 1,12800,Yes,Work Visa,Fluent,Yes,3,Job Portal,Not Referred,4.2,2.8,Hired
TLB2858,30,Male,Pakistani,PhD,494,Marketing,4,72.3,73.5,73.4,66.9,No,Tier 2,9900,Yes,UAE Resident,Fluent,Yes,3,Company Website,Not Referred,3.1,2.9,Hired
TLB2859,26,Female,Filipino,Bachelor's,301,Finance,9,67.5,77.9,78.4,57.0,Yes,Tier 1,10900,No,UAE Resident,Intermediate,No,7,LinkedIn,Not Referred,3.8,2.8,Rejected
TLB2860,32,Male,Indian,Bachelor's,247,Marketing,3,58.9,70.0,88.2,100.0,Yes,Tier 1,8900,Yes,UAE Resident,Basic,No,2,Job Portal,Not Referred,4.2,4.6,Rejected
TLB2861,29,Male,Filipino,Bachelor's,585,Other,4,86.3,56.6,72.2,84.0,Yes,Tier 2,13400,Yes,UAE Resident,Native,No,6,Job Portal,Not Referred,2.5,3.5,Hired
TLB2862,31,Male,Emirati,Bachelor's,214,Other,4,85.2,65.3,65.1,80.3,No,Startup,6400,No,Work Visa,Fluent,No,4,Job Portal,Not Referred,3.4,3.3,Hired
TLB2863,30,Male,Filipino,Master's,205,Logistics,5,59.5,75.1,78.5,57.6,Yes,Tier 1,16100,Yes,UAE Resident,Intermediate,Yes,3,LinkedIn,Not Referred,3.3,3.3,Rejected
TLB2864,29,Male,Egyptian,Bachelor's,1,Logistics,7,63.8,76.1,54.4,51.6,Yes,Tier 1,12800,Yes,UAE Resident,Intermediate,Yes,7,Company Website,Not Referred,4.0,3.4,Hired
TLB2865,22,Male,Egyptian,High School,256,Engineering,0,76.6,85.4,85.5,62.0,No,Tier 1,10000,Yes,UAE Resident,Basic,Yes,2,Walk-in,Not Referred,2.6,4.6,Hired
TLB2866,31,Male,Indian,Bachelor's,112,Marketing,8,84.2,62.5,69.7,66.6,No,Tier 2,14600,No,UAE Resident,Intermediate,Yes,5,Company Website,Not Referred,3.4,2.8,Rejected
TLB2867,20,Male,British,Bachelor's,249,Business,5,52.8,70.7,64.0,44.7,Yes,Tier 2,13700,No,UAE Resident,Intermediate,Yes,2,LinkedIn,Not Referred,3.0,3.2,Rejected
TLB2868,25,Male,Egyptian,Bachelor's,347,Hospitality,6,49.3,66.5,54.4,71.7,Yes,Tier 1,7300,Yes,UAE Resident,Native,Yes,7,LinkedIn,Not Referred,3.5,3.1,Hired
TLB2869,32,Female,Indian,Bachelor's,82,Computer Science,13,69.1,87.5,75.2,80.2,Yes,Tier 2,17900,Yes,Work Visa,Fluent,No,4,Company Website,Not Referred,4.1,3.8,Hired
TLB2870,37,Male,Indian,Master's,135,Business,3,48.1,72.5,63.4,33.7,No,None,3000,No,UAE Resident,Intermediate,Yes,4,Job Portal,Not Referred,4.2,4.5,Hired
TLB2871,44,Female,Filipino,Bachelor's,1,Computer Science,0,35.8,72.7,65.8,52.4,No,Tier 2,16900,Yes,Work Visa,Fluent,No,2,Walk-in,Not Referred,4.1,2.6,Hired
TLB2872,27,Male,Indian,Master's,198,Marketing,5,52.7,67.6,45.3,82.2,No,Tier 2,11300,Yes,Citizen,Intermediate,Yes,0,Walk-in,Not Referred,2.5,3.5,Hired
TLB2873,24,Male,Indian,High School,111,Finance,6,71.3,65.3,61.3,70.2,Yes,Tier 3,16500,No,Citizen,Basic,No,7,Referral,Referred,2.9,3.2,Hired
TLB2874,33,Male,Indian,Master's,728,Computer Science,8,88.3,50.6,59.6,52.9,Yes,Tier 2,18500,Yes,Work Visa,Fluent,No,3,Company Website,Not Referred,3.9,2.0,Rejected
TLB2875,41,Male,Indian,High School,600,Marketing,3,54.4,52.9,72.4,75.3,No,Tier 3,10100,Yes,UAE Resident,Fluent,Yes,5,LinkedIn,Not Referred,3.6,3.9,Hired
TLB2876,39,Male,Pakistani,Bachelor's,568,Engineering,2,63.1,70.1,63.5,56.7,Yes,Tier 3,10300,No,Work Visa,Intermediate,Yes,7,LinkedIn,Not Referred,3.0,4.4,Rejected
TLB2877,23,Male,Filipino,Master's,41,Hospitality,0,67.3,68.6,32.6,61.7,Yes,None,13400,Yes,Citizen,Intermediate,No,2,LinkedIn,Not Referred,2.6,3.8,Hired
TLB2878,29,Male,Indian,Master's,264,Computer Science,0,55.3,70.2,61.6,49.1,No,None,6900,Yes,UAE Resident,Intermediate,No,0,Walk-in,Not Referred,1.0,2.6,Rejected
TLB2879,35,Male,Egyptian,Bachelor's,59,Computer Science,3,54.1,79.3,48.1,65.2,Yes,Startup,10500,No,UAE Resident,Intermediate,No,6,LinkedIn,Not Referred,2.1,2.0,Hired
TLB2880,35,Male,Indian,Bachelor's,668,Finance,4,70.0,69.1,53.4,79.3,Yes,Tier 2,10100,Yes,Visit Visa,Basic,No,4,Referral,Referred,3.0,3.6,Hired
TLB2881,33,Male,Indian,Master's,466,Marketing,12,47.0,63.8,80.1,58.3,Yes,Tier 3,6700,No,UAE Resident,Fluent,No,5,Referral,Referred,3.0,2.2,Hired
TLB2882,27,Male,Indian,PhD,89,Logistics,0,53.5,65.5,45.0,74.0,No,Tier 2,9900,Yes,Visit Visa,Native,No,3,Referral,Referred,3.5,2.3,Hired
TLB2883,33,Male,British,Master's,373,Marketing,6,62.0,70.9,70.8,64.3,No,Startup,15400,No,UAE Resident,Native,No,7,Company Website,Not Referred,3.6,3.3,Hired
TLB2884,35,Male,Other,High School,3,Other,2,69.8,63.4,60.4,80.1,No,Tier 1,15100,No,UAE Resident,Fluent,No,3,LinkedIn,Not Referred,4.8,3.7,Rejected
TLB2885,24,Male,Pakistani,Bachelor's,272,Business,5,42.3,80.8,57.9,58.5,No,Startup,11200,Yes,Visit Visa,Intermediate,No,0,Referral,Referred,2.7,2.8,Hired
TLB2886,37,Male,Emirati,Bachelor's,264,Engineering,3,63.0,67.9,54.3,86.8,Yes,Tier 2,12300,Yes,Work Visa,Fluent,No,4,Referral,Referred,1.8,2.9,Hired
TLB2887,35,Male,Indian,High School,447,Other,8,45.6,71.0,71.2,74.5,No,Tier 3,10600,Yes,Work Visa,Intermediate,No,6,Job Portal,Not Referred,2.5,3.0,Rejected
TLB2888,25,Female,Indian,Bachelor's,497,Computer Science,8,54.7,58.2,72.6,68.4,No,Tier 2,4100,No,Visit Visa,Fluent,No,3,Job Portal,Not Referred,4.4,2.4,Hired
TLB2889,35,Male,American,Master's,304,Hospitality,4,76.8,80.8,44.6,68.9,Yes,Tier 2,7400,No,Citizen,Intermediate,Yes,3,Job Portal,Not Referred,3.2,2.8,Hired
TLB2890,34,Male,Emirati,High School,255,Computer Science,10,63.9,85.3,82.0,58.5,No,Startup,16300,No,UAE Resident,Fluent,No,7,Referral,Referred,3.9,1.8,Hired
TLB2891,35,Male,Other,Master's,1,Engineering,7,90.0,51.6,51.6,57.6,Yes,Tier 3,17400,No,Citizen,Fluent,No,4,LinkedIn,Not Referred,2.8,3.7,Hired
TLB2892,39,Female,Filipino,Master's,612,Computer Science,9,63.9,72.8,72.1,68.7,No,Tier 2,8100,Yes,UAE Resident,Fluent,No,2,Referral,Referred,2.8,5.0,Hired
TLB2893,29,Female,Pakistani,Master's,168,Marketing,4,79.5,66.7,51.6,48.2,No,Tier 1,17000,Yes,UAE Resident,Fluent,No,2,Walk-in,Not Referred,2.0,3.1,Rejected
TLB2894,31,Female,American,Bachelor's,320,Hospitality,8,76.9,71.4,61.0,56.6,Yes,None,6600,No,Visit Visa,Fluent,No,6,LinkedIn,Not Referred,3.0,4.1,Hired
TLB2895,20,Female,Emirati,Bachelor's,751,Computer Science,2,64.8,73.4,50.4,51.9,Yes,Tier 3,9700,No,UAE Resident,Intermediate,No,5,LinkedIn,Not Referred,3.2,2.9,Rejected
TLB2896,36,Male,British,Bachelor's,61,Computer Science,1,45.3,41.2,60.1,73.0,No,Tier 3,11500,Yes,Citizen,Fluent,Yes,0,Walk-in,Not Referred,3.8,2.0,Rejected
TLB2897,36,Female,Indian,Bachelor's,304,Business,12,63.4,77.1,64.4,73.2,No,Tier 3,10800,Yes,UAE Resident,Basic,No,6,Walk-in,Not Referred,3.6,4.9,Hired
TLB2898,38,Male,American,Bachelor's,399,Business,1,57.0,81.3,52.1,82.7,Yes,Tier 3,8900,Yes,UAE Resident,Basic,No,2,LinkedIn,Not Referred,4.6,2.4,Rejected
TLB2899,24,Female,Pakistani,Bachelor's,518,Engineering,3,56.4,82.7,71.1,60.3,Yes,Tier 3,12600,No,UAE Resident,Fluent,No,1,Job Portal,Not Referred,3.1,3.9,Rejected
TLB2900,35,Male,Emirati,Bachelor's,300,Other,0,67.3,56.7,72.8,53.7,No,Tier 1,15500,No,Work Visa,Native,Yes,1,Referral,Referred,3.4,3.3,Rejected
TLB2901,36,Male,American,Bachelor's,535,Computer Science,2,43.3,67.6,100.0,44.4,Yes,Tier 3,5500,No,Visit Visa,Native,Yes,7,Referral,Referred,3.2,4.0,Hired
TLB2902,26,Female,Emirati,Master's,216,Engineering,1,51.9,61.5,79.1,68.8,Yes,Tier 3,12600,No,UAE Resident,Fluent,No,1,Referral,Referred,2.7,3.0,Rejected
TLB2903,36,Male,Indian,Master's,408,Engineering,2,49.8,45.0,82.3,84.6,Yes,Tier 1,16300,Yes,UAE Resident,Fluent,No,4,Walk-in,Not Referred,3.5,2.2,Hired
TLB2904,32,Female,British,Bachelor's,382,Business,6,61.2,60.6,44.0,64.0,Yes,Startup,10100,No,UAE Resident,Intermediate,No,4,LinkedIn,Not Referred,3.0,2.6,Hired
TLB2905,20,Male,Pakistani,PhD,281,Business,6,53.5,55.0,41.5,65.4,No,Tier 2,9500,Yes,UAE Resident,Basic,No,3,Job Portal,Not Referred,4.4,5.0,Hired
TLB2906,33,Female,Other,Bachelor's,364,Finance,1,54.5,72.0,63.1,64.9,Yes,Tier 1,8200,Yes,Work Visa,Fluent,No,2,LinkedIn,Not Referred,2.6,3.4,Rejected
TLB2907,25,Female,Filipino,Bachelor's,125,Finance,2,67.0,48.4,90.2,68.6,No,None,21000,No,Work Visa,Intermediate,Yes,0,Company Website,Not Referred,3.0,4.8,Hired
TLB2908,20,Male,Filipino,Master's,240,Logistics,8,58.3,56.2,99.2,79.0,No,None,18700,No,UAE Resident,Intermediate,No,0,Company Website,Not Referred,2.3,2.8,Hired
TLB2909,32,Female,Indian,Bachelor's,42,Engineering,10,65.1,61.8,58.1,91.9,Yes,Tier 2,10700,No,UAE Resident,Fluent,No,3,Job Portal,Not Referred,3.4,3.7,Rejected
TLB2910,29,Male,Indian,Bachelor's,211,Marketing,9,48.3,77.2,59.4,72.0,Yes,Startup,17300,No,Work Visa,Intermediate,No,6,Walk-in,Not Referred,2.3,2.1,Hired
TLB2911,38,Female,Other,Bachelor's,527,Logistics,0,52.6,100.0,74.1,72.9,Yes,Tier 1,9600,Yes,UAE Resident,Basic,No,6,Job Portal,Not Referred,3.2,3.1,Rejected
TLB2912,31,Male,Indian,Bachelor's,384,Logistics,9,95.6,71.6,64.4,61.7,Yes,Startup,11300,Yes,UAE Resident,Basic,No,5,Job Portal,Not Referred,2.4,4.9,Hired
TLB2913,34,Male,Pakistani,Bachelor's,361,Other,11,54.5,55.6,64.8,63.5,Yes,Tier 3,7200,Yes,Work Visa,Intermediate,No,2,LinkedIn,Not Referred,2.5,2.5,Hired
TLB2914,33,Female,Indian,Bachelor's,1,Business,0,33.4,59.9,75.3,63.3,No,Startup,3700,Yes,UAE Resident,Fluent,No,7,Walk-in,Not Referred,2.7,2.5,Rejected
TLB2915,36,Male,Indian,Bachelor's,364,Other,8,70.1,75.9,100.0,59.9,No,Tier 2,9400,No,UAE Resident,Fluent,No,3,Referral,Referred,3.7,3.8,Hired
TLB2916,24,Male,Filipino,Bachelor's,287,Logistics,5,54.4,51.8,84.0,66.8,Yes,Tier 2,10100,Yes,UAE Resident,Basic,No,6,Referral,Referred,3.1,3.2,Hired
TLB2917,31,Male,British,Bachelor's,407,Hospitality,3,68.7,81.2,91.3,73.7,Yes,None,13900,Yes,Visit Visa,Fluent,No,1,Company Website,Not Referred,3.1,4.6,Hired
TLB2918,29,Female,British,Bachelor's,576,Finance,5,63.7,71.3,43.0,65.9,Yes,Tier 1,14900,No,UAE Resident,Fluent,No,4,Referral,Referred,3.6,2.9,Hired
TLB2919,33,Male,American,Master's,218,Other,6,73.2,66.5,81.0,61.1,No,Tier 2,11400,No,Visit Visa,Fluent,No,1,Company Website,Not Referred,2.7,3.2,Hired
TLB2920,31,Female,Indian,Master's,236,Engineering,9,63.5,47.8,54.7,66.8,No,Tier 3,7500,Yes,UAE Resident,Fluent,Yes,3,Referral,Referred,1.8,3.4,Hired
TLB2921,26,Female,Pakistani,Bachelor's,483,Hospitality,8,61.6,79.0,88.8,51.6,Yes,Tier 3,9000,No,UAE Resident,Native,No,6,LinkedIn,Not Referred,2.4,2.2,Rejected
TLB2922,27,Male,Emirati,Master's,179,Finance,0,82.2,58.9,84.6,76.2,No,Tier 1,19200,No,Visit Visa,Intermediate,Yes,7,Walk-in,Not Referred,3.0,2.1,Rejected
TLB2923,39,Male,Egyptian,High School,317,Hospitality,2,31.7,69.8,74.8,59.2,Yes,Tier 3,14800,No,UAE Resident,Fluent,Yes,0,Walk-in,Not Referred,3.2,2.0,Rejected
TLB2924,20,Female,Indian,Bachelor's,1,Hospitality,5,45.1,66.1,57.3,48.8,No,Tier 2,18400,Yes,UAE Resident,Fluent,Yes,3,Referral,Referred,3.6,1.0,Hired
TLB2925,34,Male,Filipino,Bachelor's,238,Business,10,52.6,49.0,60.7,71.5,No,Tier 3,20000,No,UAE Resident,Fluent,No,0,Walk-in,Not Referred,3.1,3.0,Hired
TLB2926,37,Female,Indian,Bachelor's,561,Business,0,39.6,65.2,61.8,72.2,Yes,None,9000,Yes,Work Visa,Intermediate,No,4,Referral,Referred,3.9,2.1,Rejected
TLB2927,33,Female,British,Master's,367,Engineering,2,57.8,53.5,76.9,53.0,No,Tier 3,15700,No,UAE Resident,Intermediate,Yes,7,Referral,Referred,3.5,2.7,Rejected
TLB2928,41,Female,British,PhD,479,Hospitality,0,56.3,60.2,72.3,73.7,Yes,Tier 3,7900,Yes,Visit Visa,Basic,No,2,Walk-in,Not Referred,2.2,3.9,Rejected
TLB2929,35,Male,American,Bachelor's,491,Finance,0,79.6,73.2,85.5,73.9,Yes,Tier 3,16600,Yes,UAE Resident,Intermediate,No,3,Company Website,Not Referred,1.4,2.3,Hired
TLB2930,32,Female,Emirati,Bachelor's,569,Logistics,8,63.7,76.4,87.9,92.6,No,Tier 1,15700,Yes,UAE Resident,Fluent,No,2,Job Portal,Not Referred,2.5,3.7,Hired
TLB2931,27,Female,Other,Bachelor's,230,Hospitality,3,61.8,67.8,56.0,61.7,Yes,Startup,3000,No,UAE Resident,Intermediate,No,6,Referral,Referred,3.3,1.8,Rejected
TLB2932,32,Male,Indian,Bachelor's,488,Marketing,0,59.3,57.4,73.2,64.2,Yes,None,13800,Yes,UAE Resident,Fluent,No,6,Referral,Referred,3.5,2.6,Rejected
TLB2933,34,Male,Indian,Bachelor's,749,Computer Science,4,49.2,60.2,73.0,56.5,Yes,None,8100,Yes,Visit Visa,Intermediate,No,6,LinkedIn,Not Referred,3.1,4.5,Rejected
TLB2934,30,Female,Indian,PhD,294,Finance,12,78.4,60.0,65.8,71.9,Yes,None,10500,No,UAE Resident,Intermediate,No,1,Walk-in,Not Referred,3.3,2.8,Hired
TLB2935,25,Female,Indian,Master's,36,Logistics,0,83.2,42.4,79.2,64.9,Yes,Tier 3,9000,No,Citizen,Fluent,No,1,LinkedIn,Not Referred,4.1,4.1,Rejected
TLB2936,22,Male,Filipino,PhD,181,Finance,6,46.8,68.9,73.4,78.8,No,Startup,16100,No,UAE Resident,Fluent,Yes,1,Referral,Referred,3.2,5.0,Hired
TLB2937,31,Male,Indian,Bachelor's,393,Logistics,10,89.3,48.0,59.5,58.9,No,Tier 2,8900,No,Work Visa,Intermediate,Yes,1,LinkedIn,Not Referred,3.4,2.8,Rejected
TLB2938,21,Male,Indian,High School,1,Other,4,54.9,68.9,65.2,71.6,Yes,None,6200,No,UAE Resident,Fluent,Yes,5,Company Website,Not Referred,4.3,2.6,Hired
TLB2939,27,Male,Egyptian,Bachelor's,147,Business,11,53.7,50.5,62.5,61.7,No,Tier 3,8400,No,Visit Visa,Intermediate,Yes,4,Referral,Referred,1.9,1.4,Rejected
TLB2940,20,Male,American,PhD,234,Finance,2,72.1,53.5,57.5,39.2,Yes,Tier 2,11000,Yes,UAE Resident,Fluent,No,6,Job Portal,Not Referred,4.4,3.3,Rejected
TLB2941,34,Female,Egyptian,Bachelor's,321,Marketing,10,73.4,76.0,65.9,73.8,Yes,None,13800,Yes,Work Visa,Intermediate,No,5,Company Website,Not Referred,1.4,3.4,Rejected
TLB2942,36,Male,Filipino,Bachelor's,659,Engineering,9,63.9,68.3,50.1,40.5,Yes,Tier 3,17400,Yes,Citizen,Intermediate,No,7,LinkedIn,Not Referred,2.6,3.7,Hired
TLB2943,30,Female,Indian,High School,437,Business,4,59.8,45.4,73.2,62.8,Yes,None,14300,No,Work Visa,Native,No,0,LinkedIn,Not Referred,2.8,4.2,Hired
TLB2944,40,Male,British,Master's,77,Business,0,82.6,61.3,85.3,63.0,Yes,Startup,14600,No,UAE Resident,Fluent,Yes,5,LinkedIn,Not Referred,2.1,2.3,Hired
TLB2945,38,Male,Emirati,Master's,1000,Business,1,55.7,71.1,67.7,64.9,No,None,15300,Yes,Visit Visa,Intermediate,No,0,Job Portal,Not Referred,3.1,4.6,Rejected
TLB2946,32,Male,Indian,Master's,296,Finance,0,64.0,60.6,79.3,65.7,Yes,Tier 3,15700,No,UAE Resident,Native,No,2,Job Portal,Not Referred,3.2,2.9,Rejected
TLB2947,29,Male,Emirati,High School,1,Computer Science,7,90.4,63.9,69.0,65.5,Yes,Tier 3,16700,Yes,UAE Resident,Fluent,No,3,Referral,Referred,3.7,3.4,Hired
TLB2948,27,Female,Egyptian,Master's,92,Engineering,6,44.9,70.9,53.7,70.1,No,Startup,23300,No,UAE Resident,Intermediate,No,4,Company Website,Not Referred,3.7,3.0,Rejected
TLB2949,33,Female,Indian,Bachelor's,93,Marketing,5,58.1,68.5,93.1,63.5,No,Tier 1,15600,Yes,Visit Visa,Native,No,1,LinkedIn,Not Referred,3.3,2.5,Rejected
TLB2950,29,Female,Egyptian,Bachelor's,30,Engineering,4,80.4,56.1,35.5,100.0,No,Tier 1,13300,No,UAE Resident,Intermediate,No,1,Job Portal,Not Referred,4.0,2.1,Rejected
TLB2951,33,Male,Indian,Bachelor's,402,Logistics,9,72.9,68.3,67.1,60.2,No,None,9900,Yes,Visit Visa,Native,No,1,Walk-in,Not Referred,3.7,3.3,Rejected
TLB2952,33,Female,Pakistani,Bachelor's,1,Engineering,6,78.4,64.6,57.0,47.9,Yes,None,13400,Yes,Work Visa,Native,No,1,Job Portal,Not Referred,3.0,2.3,Hired
TLB2953,28,Male,Pakistani,Bachelor's,496,Computer Science,3,45.2,88.7,87.6,45.3,Yes,None,17200,No,UAE Resident,Fluent,No,5,LinkedIn,Not Referred,3.3,2.9,Rejected
TLB2954,36,Female,Emirati,PhD,462,Other,5,69.8,66.8,69.8,74.2,Yes,Tier 1,6500,Yes,UAE Resident,Basic,No,7,Referral,Referred,2.8,2.8,Rejected
TLB2955,28,Male,Pakistani,Bachelor's,208,Logistics,12,60.7,69.6,100.0,42.7,Yes,Tier 2,17700,Yes,Work Visa,Fluent,Yes,2,Walk-in,Not Referred,2.3,2.8,Rejected
TLB2956,30,Male,Filipino,Bachelor's,483,Finance,7,99.1,71.1,67.5,48.1,No,None,10100,Yes,UAE Resident,Fluent,Yes,6,LinkedIn,Not Referred,3.5,1.7,Hired
TLB2957,24,Male,Pakistani,Master's,81,Hospitality,3,77.1,64.1,57.1,46.0,No,Tier 1,11000,Yes,UAE Resident,Fluent,No,6,Company Website,Not Referred,2.2,1.0,Rejected
TLB2958,28,Male,Emirati,Master's,131,Computer Science,4,64.7,59.4,44.8,71.4,Yes,Tier 3,14300,Yes,UAE Resident,Intermediate,No,2,Walk-in,Not Referred,3.1,3.8,Hired
TLB2959,42,Male,Egyptian,High School,409,Hospitality,6,69.3,73.5,81.4,83.6,No,Tier 2,9600,No,Citizen,Intermediate,Yes,1,Job Portal,Not Referred,1.6,4.0,Hired
TLB2960,24,Female,Indian,Bachelor's,258,Business,3,65.8,73.6,56.1,51.8,Yes,None,14100,No,UAE Resident,Fluent,No,3,Company Website,Not Referred,3.2,1.1,Hired
TLB2961,32,Female,Emirati,Bachelor's,174,Engineering,3,75.5,93.0,61.5,70.9,No,Tier 3,6800,Yes,UAE Resident,Fluent,Yes,0,Company Website,Not Referred,2.7,3.4,Hired
TLB2962,27,Female,Indian,Bachelor's,277,Computer Science,4,52.2,76.9,83.0,28.1,No,Tier 2,15900,No,UAE Resident,Fluent,No,7,Walk-in,Not Referred,3.6,3.3,Hired
TLB2963,20,Male,Pakistani,Master's,563,Hospitality,10,85.5,77.1,80.7,54.6,Yes,Tier 3,12900,Yes,UAE Resident,Intermediate,No,6,Referral,Referred,3.0,2.0,Rejected
TLB2964,33,Female,Indian,Bachelor's,555,Business,7,45.1,76.6,59.1,73.4,Yes,Tier 1,12000,No,Citizen,Intermediate,No,3,Walk-in,Not Referred,3.1,3.8,Rejected
TLB2965,26,Male,Egyptian,Bachelor's,385,Business,3,68.1,59.7,61.1,60.6,Yes,Startup,13200,No,Work Visa,Intermediate,No,4,Referral,Referred,3.2,4.0,Hired
TLB2966,31,Male,Indian,Bachelor's,228,Computer Science,8,52.6,52.9,44.2,78.9,Yes,Tier 3,11900,No,Work Visa,Intermediate,Yes,2,Job Portal,Not Referred,2.8,3.9,Rejected
TLB2967,35,Male,British,Bachelor's,404,Finance,5,65.6,56.0,40.3,33.7,Yes,Tier 3,14000,No,Visit Visa,Fluent,No,0,Walk-in,Not Referred,2.8,4.5,Rejected
TLB2968,31,Male,Indian,Bachelor's,127,Business,6,79.8,76.3,76.9,54.7,No,Tier 3,11100,Yes,UAE Resident,Intermediate,No,1,Company Website,Not Referred,2.8,3.9,Rejected
TLB2969,31,Male,Filipino,Master's,533,Marketing,5,39.3,85.1,78.4,71.3,Yes,Tier 2,10700,Yes,Visit Visa,Intermediate,Yes,0,Referral,Referred,3.1,2.4,Rejected
TLB2970,24,Male,British,Bachelor's,490,Business,0,62.5,76.8,71.6,71.2,No,Tier 1,4000,No,Citizen,Fluent,No,3,LinkedIn,Not Referred,2.8,3.1,Rejected
TLB2971,34,Male,Indian,Master's,686,Hospitality,0,43.4,66.0,69.4,72.2,No,None,18100,No,Work Visa,Basic,Yes,3,Job Portal,Not Referred,3.5,3.4,Hired
TLB2972,28,Female,Emirati,Bachelor's,139,Business,5,60.8,88.1,57.8,67.9,Yes,Tier 3,6800,No,Work Visa,Fluent,No,2,Company Website,Not Referred,2.0,4.3,Hired
TLB2973,20,Male,Pakistani,Master's,114,Other,2,43.4,62.7,86.1,49.0,Yes,Tier 3,19300,No,UAE Resident,Intermediate,Yes,5,LinkedIn,Not Referred,2.2,2.9,Hired
TLB2974,34,Female,Other,High School,410,Business,0,67.4,54.2,43.8,54.1,Yes,Tier 2,10900,No,Visit Visa,Intermediate,No,5,Job Portal,Not Referred,4.5,2.6,Hired
TLB2975,36,Male,Other,Bachelor's,245,Computer Science,2,58.6,71.0,60.9,97.4,No,None,17500,No,UAE Resident,Intermediate,No,4,Walk-in,Not Referred,2.9,1.8,Hired
TLB2976,38,Female,Indian,High School,499,Business,8,76.2,83.5,69.1,47.4,Yes,Startup,16700,No,Work Visa,Native,No,2,Job Portal,Not Referred,2.5,3.8,Hired
TLB2977,43,Female,Egyptian,High School,563,Computer Science,6,83.4,57.9,67.0,45.2,No,Tier 1,16300,No,UAE Resident,Intermediate,No,2,Company Website,Not Referred,3.2,3.3,Rejected
TLB2978,34,Female,Indian,Master's,640,Engineering,7,65.2,47.5,67.0,74.5,No,Tier 3,12200,Yes,Work Visa,Native,No,3,Walk-in,Not Referred,3.7,2.4,Hired
TLB2979,33,Female,Indian,Master's,311,Business,6,78.4,68.5,60.2,50.2,Yes,Tier 3,6600,No,Citizen,Native,No,5,Job Portal,Not Referred,3.6,3.7,Rejected
TLB2980,36,Female,Egyptian,Bachelor's,476,Logistics,1,85.7,77.3,74.0,90.1,No,Startup,11200,No,Work Visa,Intermediate,No,2,LinkedIn,Not Referred,2.7,2.8,Hired
TLB2981,24,Female,Pakistani,Bachelor's,196,Marketing,7,51.2,32.4,51.2,100.0,No,None,10600,No,UAE Resident,Fluent,Yes,5,Walk-in,Not Referred,2.8,2.0,Hired
TLB2982,20,Male,Pakistani,Bachelor's,343,Business,7,86.5,79.7,65.1,61.6,No,Startup,11500,Yes,Work Visa,Intermediate,Yes,2,Company Website,Not Referred,3.0,4.2,Rejected
TLB2983,27,Male,British,Master's,289,Engineering,4,64.4,51.6,72.6,69.3,No,None,6500,Yes,Citizen,Fluent,No,4,Walk-in,Not Referred,3.4,1.4,Hired
TLB2984,37,Female,Indian,Master's,278,Business,5,50.3,76.7,62.7,39.5,No,Tier 3,10700,No,Work Visa,Basic,No,2,Job Portal,Not Referred,3.2,3.2,Rejected
TLB2985,26,Male,Egyptian,Bachelor's,664,Computer Science,7,69.5,44.0,67.1,79.4,Yes,Tier 2,3000,No,Citizen,Intermediate,No,0,Company Website,Not Referred,2.6,3.0,Hired
TLB2986,32,Male,Indian,Master's,31,Business,2,63.9,50.3,69.8,33.7,No,Tier 3,10600,No,Visit Visa,Fluent,No,3,Referral,Referred,2.8,1.8,Hired
TLB2987,33,Male,Emirati,Bachelor's,299,Computer Science,8,43.9,75.4,44.1,46.2,No,Startup,12600,Yes,Citizen,Intermediate,No,5,LinkedIn,Not Referred,3.0,3.4,Hired
TLB2988,31,Male,Indian,PhD,310,Business,6,48.5,82.6,45.3,66.7,No,Tier 2,8500,Yes,UAE Resident,Fluent,No,3,LinkedIn,Not Referred,4.2,2.5,Hired
TLB2989,22,Male,Other,High School,428,Other,5,89.6,67.9,68.7,72.7,No,Tier 3,10800,No,UAE Resident,Intermediate,No,6,Company Website,Not Referred,3.1,4.4,Hired
TLB2990,32,Female,Pakistani,Bachelor's,80,Finance,10,69.2,96.7,59.1,44.2,Yes,Tier 1,12700,No,Visit Visa,Intermediate,Yes,0,Job Portal,Not Referred,5.0,3.9,Hired
TLB2991,27,Female,Indian,Master's,240,Other,0,87.2,55.7,59.9,57.4,Yes,Tier 2,16600,Yes,Citizen,Intermediate,No,0,LinkedIn,Not Referred,3.0,3.3,Hired
TLB2992,40,Female,Egyptian,Bachelor's,180,Business,3,58.8,55.6,74.4,41.7,Yes,None,16700,Yes,UAE Resident,Intermediate,Yes,7,LinkedIn,Not Referred,2.0,1.1,Rejected
TLB2993,36,Male,Other,Bachelor's,1,Logistics,2,53.0,64.4,54.1,60.6,No,Tier 1,13400,No,UAE Resident,Intermediate,Yes,4,Company Website,Not Referred,3.4,2.7,Rejected
TLB2994,27,Male,Other,Bachelor's,532,Engineering,6,39.8,63.8,35.6,53.8,Yes,None,11900,Yes,UAE Resident,Intermediate,No,2,LinkedIn,Not Referred,3.9,2.6,Hired
TLB2995,40,Male,Filipino,Bachelor's,6,Computer Science,9,79.5,71.4,88.5,56.1,Yes,Tier 2,13600,Yes,Visit Visa,Basic,Yes,5,LinkedIn,Not Referred,3.5,4.1,Hired
TLB2996,32,Male,Indian,PhD,1,Logistics,1,71.2,59.1,82.7,74.1,Yes,Startup,20100,No,Citizen,Native,No,6,LinkedIn,Not Referred,3.3,3.2,Hired
TLB2997,20,Female,Filipino,Master's,489,Computer Science,16,58.9,74.8,82.6,68.9,No,None,14300,No,Work Visa,Fluent,No,7,Company Website,Not Referred,2.9,3.4,Hired
TLB2998,29,Male,British,Bachelor's,233,Engineering,2,53.1,74.5,52.4,72.9,No,Startup,13200,Yes,UAE Resident,Intermediate,No,7,Company Website,Not Referred,3.0,3.9,Hired
TLB2999,39,Female,American,PhD,239,Logistics,6,81.9,87.4,66.0,63.2,Yes,None,16800,No,UAE Resident,Fluent,No,2,Job Portal,Not Referred,1.6,4.4,Hired
TLB3000,25,Male,British,Master's,243,Finance,5,62.3,62.1,50.5,75.0,No,Tier 2,12200,No,Citizen,Fluent,Yes,0,Referral,Referred,3.8,4.3,Hired
